country,respondent_id,age,urban_rural,income_level,sex,marital_status,education,life_satisfaction,freedom_of_choice,emancipative_values,trust_people,importance_of_god,financial_satisfaction,secular_values
Turkey,792000001,46.0,Urban,Medium,Female,Married,Middle,9.0,7.0,0.285920,Trusted,10.0,6.0,0.235389
Turkey,792000002,32.0,Rural,Medium,Male,Married,Lower,3.0,1.0,0.327541,Not trusted,8.0,1.0,0.097973
Turkey,792000003,56.0,Urban,Medium,Male,Married,Lower,4.0,4.0,0.388959,Not trusted,9.0,3.0,0.223663
Turkey,792000004,29.0,Rural,High,Female,Single,Middle,6.0,8.0,0.228871,Trusted,5.0,5.0,0.331879
Turkey,792000005,53.0,Rural,Medium,Male,Married,Lower,6.0,3.0,0.250200,Not trusted,10.0,6.0,0.017027
Turkey,792000006,45.0,Urban,Medium,Male,Single,Lower,7.0,9.0,0.459496,Not trusted,7.0,7.0,0.472535
Turkey,792000007,31.0,Rural,Medium,Female,Married,Lower,4.0,7.0,0.556704,Not trusted,10.0,5.0,0.234418
Turkey,792000008,45.0,Urban,High,Female,Single,Middle,10.0,3.0,0.434584,Not trusted,8.0,8.0,0.067149
Turkey,792000009,35.0,Rural,Medium,Male,Married,Higher,6.0,5.0,0.326069,Trusted,10.0,5.0,0.305133
Turkey,792000010,39.0,Urban,Medium,Male,Married,Lower,7.0,6.0,0.178266,Not trusted,10.0,6.0,0.123318
Turkey,792000011,22.0,Urban,Medium,Male,Married,Lower,5.0,6.0,0.426329,Trusted,9.0,6.0,0.288883
Turkey,792000012,20.0,Urban,Medium,Female,Married,Middle,10.0,8.0,0.364906,Not trusted,6.0,10.0,0.383874
Turkey,792000013,55.0,Urban,Medium,Female,Married,Middle,3.0,6.0,0.801458,Not trusted,5.0,5.0,0.401976
Turkey,792000014,21.0,Urban,Medium,Female,Married,Lower,8.0,5.0,0.567680,Not trusted,6.0,8.0,0.199262
Turkey,792000015,42.0,Rural,High,Female,Married,Lower,7.0,8.0,0.436138,Not trusted,5.0,8.0,0.441021
Turkey,792000016,43.0,Urban,,Male,Married,Lower,7.0,8.0,0.246836,Trusted,10.0,4.0,0.254523
Turkey,792000017,25.0,Urban,Medium,Male,Married,Higher,6.0,8.0,0.465216,Trusted,10.0,5.0,0.103151
Turkey,792000018,25.0,Urban,Medium,Female,Married,Lower,7.0,7.0,0.468587,Not trusted,10.0,5.0,0.615062
Turkey,792000019,49.0,Urban,Medium,Male,Married,Lower,7.0,6.0,0.405967,,8.0,5.0,0.116490
Turkey,792000020,32.0,Rural,Medium,Male,Married,Middle,5.0,7.0,0.439321,Not trusted,9.0,6.0,0.153364
Turkey,792000021,45.0,Urban,Medium,Male,Single,Higher,8.0,5.0,0.237006,Not trusted,10.0,8.0,0.690990
Turkey,792000022,47.0,Urban,Medium,Male,Single,Higher,8.0,7.0,0.470064,Not trusted,9.0,7.0,0.341036
Turkey,792000023,67.0,Urban,Low,Male,Married,Lower,1.0,3.0,0.510885,Not trusted,3.0,1.0,0.542805
Turkey,792000024,27.0,Rural,Medium,Male,Married,Middle,6.0,10.0,0.479012,Not trusted,9.0,5.0,0.450745
Turkey,792000025,26.0,Urban,Medium,Male,Divorced,Middle,8.0,5.0,0.275637,Not trusted,7.0,9.0,0.305381
Turkey,792000026,24.0,Rural,,Female,Single,Higher,9.0,5.0,0.322358,Trusted,8.0,8.0,0.350195
Turkey,792000027,25.0,Urban,Medium,Female,Single,Lower,5.0,5.0,0.164817,Not trusted,5.0,5.0,0.275350
Turkey,792000028,56.0,Rural,Low,Female,Single,Lower,6.0,4.0,0.434111,Not trusted,6.0,5.0,0.274014
Turkey,792000029,39.0,Urban,Medium,Female,Single,Higher,5.0,10.0,0.147854,Not trusted,10.0,6.0,0.064786
Turkey,792000030,35.0,Urban,Medium,Female,Single,Lower,8.0,8.0,0.242994,Not trusted,10.0,7.0,0.217303
Turkey,792000031,26.0,Rural,Medium,Male,Married,Middle,8.0,7.0,0.361474,Not trusted,7.0,7.0,0.233026
Turkey,792000032,35.0,Urban,Medium,Female,Married,Higher,8.0,10.0,0.354767,Trusted,10.0,8.0,0.197214
Turkey,792000033,38.0,Urban,Medium,Female,Single,Lower,10.0,7.0,0.165604,Trusted,10.0,8.0,0.158402
Turkey,792000034,37.0,Urban,Medium,Female,Married,Lower,5.0,8.0,0.345916,Not trusted,7.0,6.0,0.202336
Turkey,792000035,26.0,Urban,Medium,Male,Single,Middle,6.0,6.0,0.397481,Not trusted,4.0,5.0,0.333436
Turkey,792000036,45.0,Urban,High,Male,Married,Higher,7.0,7.0,0.234609,Not trusted,10.0,7.0,0.102364
Turkey,792000037,46.0,Urban,High,Female,Married,Middle,8.0,9.0,0.300318,Not trusted,10.0,7.0,0.119913
Turkey,792000038,37.0,Urban,Medium,Male,Single,Higher,8.0,10.0,0.232179,Trusted,10.0,10.0,0.059138
Turkey,792000039,26.0,Rural,Medium,Male,Single,Lower,5.0,5.0,0.336989,Not trusted,10.0,6.0,0.110903
Turkey,792000040,25.0,Urban,Medium,Male,Married,Lower,10.0,10.0,0.278572,Not trusted,10.0,7.0,0.235022
Turkey,792000041,21.0,Urban,Medium,Female,Single,Lower,7.0,6.0,0.431717,Not trusted,7.0,6.0,0.406169
Turkey,792000042,52.0,Rural,Low,Male,Married,Lower,8.0,8.0,0.214190,Not trusted,10.0,8.0,0.155932
Turkey,792000043,63.0,Rural,,Male,Divorced,Lower,9.0,9.0,0.531765,Not trusted,10.0,9.0,0.060958
Turkey,792000044,24.0,Rural,Low,Male,Single,Lower,7.0,10.0,0.338331,Not trusted,5.0,3.0,0.289505
Turkey,792000045,45.0,Urban,Medium,Male,Married,Lower,6.0,4.0,0.418500,Not trusted,5.0,5.0,0.218131
Turkey,792000046,36.0,Urban,Medium,Female,Married,Lower,8.0,7.0,0.242436,Not trusted,7.0,6.0,0.091255
Turkey,792000047,60.0,Urban,Medium,Male,Married,Lower,7.0,7.0,0.281986,Not trusted,10.0,5.0,0.100746
Turkey,792000048,35.0,Urban,Low,Female,Married,Lower,8.0,10.0,0.273033,Not trusted,10.0,10.0,0.323794
Turkey,792000049,36.0,Urban,Medium,Male,Widowed,Lower,6.0,5.0,0.152095,Not trusted,6.0,8.0,0.331175
Turkey,792000050,37.0,Urban,High,Female,Single,Middle,6.0,10.0,0.465774,Not trusted,9.0,5.0,0.120369
Turkey,792000051,55.0,Rural,High,Female,Single,Lower,8.0,7.0,0.259332,Not trusted,8.0,8.0,0.146158
Turkey,792000052,44.0,Urban,Medium,Female,Married,Lower,5.0,5.0,0.455888,Not trusted,5.0,6.0,0.524136
Turkey,792000053,21.0,Urban,Medium,Male,Married,Lower,8.0,6.0,0.142403,Not trusted,10.0,7.0,0.028501
Turkey,792000054,50.0,Urban,Low,Male,Married,Lower,3.0,4.0,0.359623,Not trusted,,5.0,0.213558
Turkey,792000055,55.0,Urban,Low,Male,Single,Lower,8.0,1.0,0.209815,Not trusted,8.0,7.0,0.138644
Turkey,792000056,38.0,Urban,Medium,Male,Single,Higher,7.0,8.0,0.333180,Not trusted,,7.0,0.186168
Turkey,792000057,44.0,Urban,High,Female,Married,Higher,7.0,10.0,0.322437,Not trusted,7.0,5.0,0.229502
Turkey,792000058,37.0,Urban,High,Female,Married,Higher,7.0,9.0,0.143783,Trusted,10.0,4.0,0.221853
Turkey,792000059,45.0,Rural,Medium,Male,Widowed,Middle,10.0,8.0,0.353657,Not trusted,7.0,9.0,0.134496
Turkey,792000060,38.0,Rural,Medium,Female,Married,Middle,7.0,9.0,0.270667,Not trusted,6.0,6.0,0.314282
Turkey,792000061,54.0,Urban,Medium,Male,Widowed,Middle,8.0,8.0,0.597534,Not trusted,5.0,4.0,0.645561
Turkey,792000062,50.0,Urban,Medium,Male,Married,Lower,4.0,10.0,0.383466,Not trusted,10.0,6.0,0.268968
Turkey,792000063,26.0,Urban,Medium,Female,Single,Higher,9.0,10.0,0.279849,Not trusted,10.0,8.0,0.329469
Turkey,792000064,21.0,Urban,High,Male,Single,Higher,7.0,5.0,0.160191,Trusted,10.0,5.0,0.043731
Turkey,792000065,34.0,Urban,High,Male,Married,Middle,5.0,6.0,0.340458,Not trusted,8.0,5.0,0.400356
Turkey,792000066,59.0,Urban,Medium,Female,Married,Lower,5.0,10.0,0.358414,Not trusted,10.0,6.0,0.235154
Turkey,792000067,30.0,Urban,Medium,Male,Single,Lower,5.0,5.0,0.390317,Not trusted,10.0,1.0,0.371728
Turkey,792000068,55.0,Urban,Low,Male,Married,Lower,5.0,1.0,0.231406,Not trusted,10.0,5.0,0.294401
Turkey,792000069,52.0,Rural,Low,Male,Married,Lower,7.0,4.0,0.426098,Not trusted,6.0,7.0,0.397446
Turkey,792000070,34.0,Urban,Medium,Male,Married,Lower,8.0,9.0,0.291233,Not trusted,7.0,8.0,0.223676
Turkey,792000071,30.0,Rural,Medium,Male,Single,Lower,5.0,3.0,0.468485,Not trusted,,1.0,0.519773
Turkey,792000072,42.0,Urban,Medium,Female,Married,Lower,7.0,7.0,0.505082,Not trusted,9.0,6.0,0.301922
Turkey,792000073,44.0,Urban,Low,Male,Married,Lower,7.0,,0.259939,Not trusted,9.0,4.0,0.115660
Turkey,792000074,42.0,Rural,Medium,Male,Married,Lower,3.0,7.0,0.449243,Not trusted,10.0,6.0,0.450683
Turkey,792000075,20.0,Urban,Low,Female,Married,Lower,6.0,8.0,0.251465,Not trusted,6.0,5.0,0.077212
Turkey,792000076,25.0,Urban,Low,Female,Married,Lower,8.0,5.0,0.739562,Not trusted,7.0,5.0,0.541855
Turkey,792000077,30.0,Urban,Medium,Male,Married,Higher,7.0,9.0,0.335215,Not trusted,10.0,5.0,0.398763
Turkey,792000078,51.0,Urban,Medium,Male,Married,Lower,8.0,8.0,0.159509,Not trusted,10.0,7.0,0.204994
Turkey,792000079,41.0,Urban,Low,Female,Married,Lower,7.0,8.0,0.485871,Not trusted,10.0,,0.084899
Turkey,792000080,45.0,Urban,Medium,Male,Single,Middle,4.0,4.0,0.561101,Not trusted,10.0,5.0,0.362163
Turkey,792000081,55.0,Urban,Medium,Female,Married,Lower,5.0,5.0,0.315979,Not trusted,7.0,7.0,0.165634
Turkey,792000082,35.0,Urban,Medium,Male,Married,Higher,7.0,9.0,0.186707,Not trusted,10.0,6.0,0.242266
Turkey,792000083,30.0,Urban,High,Male,Married,Higher,7.0,6.0,0.669154,Trusted,8.0,7.0,0.403242
Turkey,792000084,23.0,Urban,Medium,Female,Married,Lower,5.0,6.0,0.364543,Not trusted,,7.0,0.318829
Turkey,792000085,36.0,Urban,Medium,Female,Married,Lower,8.0,8.0,0.394989,Not trusted,10.0,5.0,0.103326
Turkey,792000086,28.0,Rural,Medium,Female,Married,Lower,8.0,10.0,0.247595,Not trusted,10.0,6.0,0.236956
Turkey,792000087,42.0,Rural,Low,Male,Married,Middle,9.0,6.0,0.270558,Not trusted,10.0,,0.463349
Turkey,792000088,35.0,Urban,Medium,Male,Married,Lower,5.0,6.0,0.627247,Not trusted,7.0,5.0,0.581346
Turkey,792000089,71.0,Urban,,Female,Married,Lower,8.0,8.0,0.572998,Not trusted,7.0,7.0,0.538804
Turkey,792000090,55.0,Urban,Medium,Male,Single,Higher,9.0,10.0,0.421223,Not trusted,10.0,9.0,0.148851
Turkey,792000091,45.0,Urban,Medium,Male,Married,Lower,8.0,8.0,0.337681,Not trusted,10.0,7.0,0.509871
Turkey,792000092,34.0,Urban,Medium,Female,Married,Middle,9.0,8.0,0.378066,Not trusted,10.0,7.0,0.232230
Turkey,792000093,55.0,Urban,Low,Female,Married,Lower,5.0,8.0,0.177446,Not trusted,10.0,7.0,0.110786
Turkey,792000094,30.0,Urban,High,Male,Married,Lower,3.0,7.0,0.320583,Not trusted,10.0,6.0,0.168510
Turkey,792000095,23.0,Urban,Medium,Female,Widowed,Higher,7.0,10.0,0.246699,Not trusted,8.0,7.0,0.223702
Turkey,792000096,35.0,Rural,Medium,Female,Single,Lower,9.0,8.0,0.504897,Not trusted,10.0,8.0,0.314343
Turkey,792000097,50.0,Urban,High,Female,Single,Middle,8.0,8.0,0.566197,Not trusted,10.0,7.0,0.067334
Turkey,792000098,40.0,Urban,Medium,Male,Married,Middle,5.0,5.0,0.139352,Not trusted,2.0,3.0,0.405583
Turkey,792000099,55.0,Urban,Medium,Male,Married,Lower,7.0,7.0,0.188076,Trusted,10.0,6.0,0.154388
Turkey,792000100,42.0,Urban,Low,Male,Married,Lower,4.0,,0.305006,Not trusted,10.0,2.0,0.305467
Turkey,792000101,56.0,Urban,Medium,Male,Married,Lower,6.0,8.0,0.403103,Trusted,10.0,7.0,0.182259
Turkey,792000102,55.0,Urban,Medium,Male,Married,Higher,5.0,10.0,0.424394,Not trusted,8.0,6.0,0.400584
Turkey,792000103,46.0,Urban,,Male,Single,Lower,10.0,10.0,0.359934,Not trusted,10.0,8.0,0.064800
Turkey,792000104,35.0,Urban,Low,Female,Married,Lower,7.0,6.0,0.583236,Not trusted,2.0,6.0,0.602909
Turkey,792000105,58.0,Urban,Medium,Male,Married,Middle,6.0,6.0,0.494056,Not trusted,4.0,8.0,0.609861
Turkey,792000106,28.0,Urban,,Male,Married,Middle,7.0,6.0,0.273963,Not trusted,10.0,7.0,0.117626
Turkey,792000107,54.0,Urban,Low,Female,Married,Lower,1.0,3.0,0.198918,Not trusted,10.0,1.0,0.201420
Turkey,792000108,36.0,Urban,Medium,Male,Single,Middle,5.0,8.0,0.324895,Not trusted,7.0,7.0,0.405463
Turkey,792000109,34.0,Rural,Medium,Male,Married,Lower,10.0,9.0,0.367633,Not trusted,10.0,7.0,0.180575
Turkey,792000110,36.0,Urban,Medium,Female,Married,Middle,7.0,8.0,0.349044,Not trusted,4.0,8.0,0.435624
Turkey,792000111,55.0,Urban,Low,Male,Married,Middle,5.0,8.0,0.200071,Not trusted,5.0,3.0,0.536164
Turkey,792000112,35.0,Rural,Medium,Male,Single,Middle,8.0,8.0,0.401327,Trusted,10.0,7.0,0.423908
Turkey,792000113,55.0,Urban,Medium,Female,Single,Middle,5.0,9.0,0.218822,Not trusted,9.0,6.0,0.260297
Turkey,792000114,45.0,Rural,Medium,Male,Single,Higher,8.0,7.0,0.481653,Trusted,6.0,8.0,0.478149
Turkey,792000115,35.0,Urban,High,Female,Married,Middle,8.0,7.0,0.359132,Not trusted,5.0,9.0,0.218015
Turkey,792000116,25.0,Urban,Low,Male,Married,Lower,3.0,8.0,0.485102,Not trusted,10.0,5.0,0.168261
Turkey,792000117,18.0,Urban,High,Female,Single,Middle,5.0,8.0,0.913448,Trusted,10.0,7.0,0.591094
Turkey,792000118,54.0,Urban,Medium,Male,Married,Lower,7.0,5.0,0.310475,Not trusted,8.0,4.0,0.126688
Turkey,792000119,41.0,Urban,High,Male,Married,Higher,5.0,4.0,0.569969,Not trusted,7.0,7.0,0.229244
Turkey,792000120,39.0,Rural,Low,Female,Single,Lower,7.0,3.0,0.362421,Not trusted,9.0,5.0,0.489574
Turkey,792000121,40.0,Urban,Medium,Female,Married,Lower,7.0,7.0,0.335398,Not trusted,6.0,4.0,0.550567
Turkey,792000122,24.0,Urban,Medium,Male,Married,Lower,8.0,7.0,0.497876,Not trusted,8.0,5.0,0.614900
Turkey,792000123,24.0,Urban,Medium,Male,Single,Higher,8.0,7.0,,Not trusted,9.0,8.0,0.588143
Turkey,792000124,30.0,Urban,Low,Male,Single,Lower,10.0,7.0,0.521322,Not trusted,6.0,8.0,0.576496
Turkey,792000125,34.0,Urban,Medium,Female,Single,Lower,5.0,5.0,0.205301,Not trusted,6.0,5.0,0.074457
Turkey,792000126,45.0,Urban,Medium,Female,Married,Lower,7.0,10.0,0.176776,Trusted,10.0,6.0,0.116389
Turkey,792000127,46.0,Urban,Medium,Female,Married,Middle,5.0,6.0,0.220641,Not trusted,7.0,4.0,0.405394
Turkey,792000128,55.0,Rural,Medium,Female,Married,Lower,6.0,9.0,0.357872,Trusted,10.0,7.0,0.190409
Turkey,792000129,40.0,Urban,Medium,Male,Single,Middle,8.0,6.0,0.187652,Not trusted,10.0,5.0,0.000000
Turkey,792000130,45.0,Urban,High,Male,Married,Higher,9.0,8.0,0.347541,Trusted,10.0,8.0,0.279119
Turkey,792000131,28.0,Urban,Medium,Male,Married,Middle,6.0,8.0,0.260018,Not trusted,10.0,8.0,0.261588
Turkey,792000132,37.0,Urban,Medium,Female,Married,Higher,8.0,8.0,0.204089,Not trusted,10.0,6.0,0.137186
Turkey,792000133,38.0,Urban,Medium,Male,Married,Lower,8.0,8.0,0.125781,Not trusted,10.0,5.0,0.195524
Turkey,792000134,56.0,Urban,Medium,Male,Widowed,Lower,9.0,8.0,0.270891,Not trusted,10.0,7.0,0.205228
Turkey,792000135,40.0,Urban,Medium,Male,Married,Middle,8.0,10.0,0.175215,Not trusted,10.0,5.0,0.072172
Turkey,792000136,24.0,Rural,Low,Female,Married,Lower,7.0,6.0,0.076015,Not trusted,10.0,2.0,0.104830
Turkey,792000137,37.0,Urban,Medium,Female,Single,Middle,5.0,8.0,0.349615,Not trusted,6.0,5.0,0.166105
Turkey,792000138,35.0,Urban,High,Female,Married,Lower,4.0,9.0,0.354492,Not trusted,10.0,5.0,0.497561
Turkey,792000139,50.0,Urban,,Male,Married,Higher,5.0,8.0,0.433498,Trusted,10.0,5.0,0.075588
Turkey,792000140,45.0,Urban,,Female,Married,Higher,7.0,6.0,0.401013,Not trusted,5.0,8.0,0.216190
Turkey,792000141,25.0,Urban,Medium,Male,Married,Higher,8.0,10.0,0.251262,Not trusted,10.0,6.0,0.093057
Turkey,792000142,55.0,Urban,Medium,Female,Single,Middle,10.0,7.0,0.440876,Not trusted,10.0,10.0,0.306532
Turkey,792000143,46.0,Rural,Medium,Female,Married,Lower,5.0,5.0,0.162855,Trusted,7.0,6.0,0.169344
Turkey,792000144,44.0,Rural,Medium,Male,Married,Higher,6.0,6.0,0.425507,Not trusted,10.0,7.0,0.332406
Turkey,792000145,50.0,Urban,Medium,Female,Single,Middle,5.0,7.0,0.294146,Not trusted,10.0,7.0,0.201510
Turkey,792000146,44.0,Urban,High,Male,Married,Middle,10.0,10.0,0.113467,Trusted,10.0,10.0,0.113662
Turkey,792000147,36.0,Urban,Low,Female,Married,Lower,4.0,5.0,0.434474,Not trusted,9.0,2.0,0.388647
Turkey,792000148,55.0,Urban,Medium,Female,Single,Lower,6.0,5.0,0.424928,Not trusted,9.0,4.0,0.191473
Turkey,792000149,52.0,Urban,Medium,Male,Divorced,Higher,6.0,7.0,0.502273,Not trusted,2.0,4.0,0.615409
Turkey,792000150,30.0,Urban,High,Female,Married,Middle,8.0,10.0,0.701093,Trusted,10.0,9.0,0.430883
Turkey,792000151,54.0,Rural,Medium,Male,Single,Lower,6.0,6.0,0.254896,Not trusted,10.0,5.0,0.401302
Turkey,792000152,24.0,Rural,Medium,Female,Married,Lower,3.0,5.0,0.361793,Trusted,10.0,2.0,0.531613
Turkey,792000153,55.0,Urban,Medium,Male,Married,Lower,5.0,5.0,0.527847,Trusted,10.0,4.0,0.103158
Turkey,792000154,40.0,Urban,Low,Female,Married,Lower,5.0,5.0,0.148605,Not trusted,7.0,2.0,0.001945
Turkey,792000155,37.0,Rural,High,Female,Married,Higher,7.0,6.0,0.466049,Not trusted,10.0,8.0,0.500265
Turkey,792000156,36.0,Urban,Medium,Female,Single,Lower,5.0,6.0,0.407780,Not trusted,6.0,7.0,0.285589
Turkey,792000157,37.0,Rural,Medium,Male,Married,Lower,8.0,8.0,0.265415,Not trusted,10.0,4.0,0.116230
Turkey,792000158,55.0,Urban,Low,Male,Single,Lower,3.0,6.0,0.361182,Not trusted,10.0,2.0,0.140131
Turkey,792000159,42.0,Urban,Medium,Female,Single,Lower,7.0,8.0,0.434835,Not trusted,8.0,6.0,0.355154
Turkey,792000160,24.0,Urban,Low,Female,Married,Lower,7.0,1.0,0.202334,Not trusted,10.0,4.0,0.045641
Turkey,792000161,35.0,Urban,High,Female,Married,Lower,6.0,6.0,0.262574,Not trusted,10.0,6.0,0.116915
Turkey,792000162,35.0,Urban,Low,Female,Married,Middle,6.0,6.0,0.909149,Not trusted,4.0,5.0,0.666902
Turkey,792000163,39.0,Rural,Low,Male,Living together as married,Lower,5.0,9.0,0.532959,Not trusted,10.0,5.0,0.432614
Turkey,792000164,46.0,Rural,Medium,Male,Single,Lower,8.0,7.0,0.261374,Not trusted,10.0,9.0,0.062261
Turkey,792000165,37.0,Urban,High,Male,Single,Middle,8.0,6.0,0.432279,Not trusted,10.0,8.0,0.598798
Turkey,792000166,47.0,Urban,Medium,Female,Married,Lower,6.0,7.0,0.331380,Not trusted,10.0,4.0,0.331885
Turkey,792000167,55.0,Urban,Medium,Female,Single,Lower,5.0,8.0,0.322403,Not trusted,7.0,7.0,0.387432
Turkey,792000168,35.0,Urban,Medium,Female,Widowed,Lower,5.0,9.0,0.328981,Not trusted,10.0,6.0,0.150385
Turkey,792000169,45.0,Urban,Medium,Male,Widowed,Lower,7.0,5.0,0.479104,Not trusted,8.0,7.0,0.280619
Turkey,792000170,47.0,Urban,Medium,Male,Married,Middle,4.0,6.0,0.696834,Not trusted,5.0,6.0,0.524199
Turkey,792000171,45.0,Urban,Medium,Male,Single,Middle,8.0,8.0,0.306885,Not trusted,10.0,7.0,0.042185
Turkey,792000172,55.0,Rural,Medium,Male,Single,Lower,8.0,,0.273278,Not trusted,10.0,7.0,0.139213
Turkey,792000173,46.0,Urban,Medium,Male,Married,Middle,8.0,5.0,0.490047,Not trusted,10.0,7.0,0.583304
Turkey,792000174,35.0,Urban,Medium,Female,Widowed,Lower,6.0,8.0,0.173290,Not trusted,6.0,7.0,0.457149
Turkey,792000175,36.0,Urban,Medium,Male,Married,Lower,8.0,6.0,0.334775,Not trusted,10.0,7.0,0.391760
Turkey,792000176,18.0,Urban,Medium,Male,Married,Middle,4.0,7.0,0.619648,Not trusted,10.0,7.0,0.583916
Turkey,792000177,57.0,Urban,Medium,Female,Married,Lower,4.0,5.0,0.252329,Trusted,10.0,5.0,0.339868
Turkey,792000178,38.0,Rural,High,Male,Single,Lower,8.0,6.0,0.173281,Not trusted,10.0,7.0,0.118614
Turkey,792000179,22.0,Urban,Medium,Female,Single,Lower,8.0,8.0,0.177103,Not trusted,7.0,7.0,0.399010
Turkey,792000180,20.0,Urban,Medium,Female,Married,Middle,8.0,8.0,0.230403,Not trusted,7.0,8.0,0.210758
Turkey,792000181,60.0,Urban,Medium,Female,Married,Lower,3.0,1.0,0.159329,Not trusted,10.0,1.0,0.282742
Turkey,792000182,31.0,Rural,,Female,Single,Higher,8.0,7.0,0.253396,Not trusted,7.0,7.0,0.074851
Turkey,792000183,36.0,Urban,Medium,Male,Married,Lower,5.0,7.0,0.433678,Not trusted,10.0,,0.247770
Turkey,792000184,51.0,Urban,Medium,Female,Single,Middle,7.0,6.0,0.396146,Not trusted,9.0,6.0,0.229446
Turkey,792000185,36.0,Urban,Low,Female,Married,Lower,6.0,6.0,0.208190,Not trusted,6.0,7.0,0.289454
Turkey,792000186,28.0,Urban,High,Female,Single,Lower,9.0,10.0,0.247922,Trusted,10.0,8.0,0.198605
Turkey,792000187,36.0,Urban,Medium,Female,Married,Higher,4.0,8.0,0.224200,Trusted,10.0,3.0,0.115126
Turkey,792000188,24.0,Urban,Medium,Male,Married,Lower,8.0,10.0,0.552764,Not trusted,8.0,4.0,0.199099
Turkey,792000189,55.0,Urban,High,Male,Married,Lower,6.0,7.0,0.389657,Not trusted,10.0,6.0,0.247644
Turkey,792000190,46.0,Urban,Medium,Male,Married,Lower,6.0,7.0,0.273472,Not trusted,10.0,6.0,0.121387
Turkey,792000191,50.0,Rural,Medium,Female,Married,Middle,7.0,7.0,0.408662,Not trusted,5.0,5.0,0.366952
Turkey,792000192,58.0,Urban,High,Female,Married,Higher,8.0,5.0,0.269628,Not trusted,9.0,7.0,0.186878
Turkey,792000193,20.0,Urban,Medium,Female,Married,Lower,8.0,10.0,0.244787,Not trusted,9.0,8.0,0.483550
Turkey,792000194,24.0,Urban,Medium,Male,Married,Lower,7.0,10.0,0.180216,Not trusted,10.0,8.0,0.132255
Turkey,792000195,44.0,Urban,Medium,Female,Married,Lower,6.0,8.0,0.310558,Not trusted,9.0,7.0,0.204563
Turkey,792000196,20.0,Urban,High,Female,Married,,6.0,6.0,0.598495,Not trusted,10.0,7.0,0.227019
Turkey,792000197,36.0,Rural,,Female,Married,Middle,8.0,8.0,0.329939,Not trusted,9.0,7.0,0.421331
Turkey,792000198,47.0,Urban,,Female,Single,Lower,5.0,6.0,,Not trusted,10.0,2.0,0.232595
Turkey,792000199,25.0,Urban,Low,Male,Married,Lower,7.0,9.0,0.388165,Not trusted,10.0,5.0,0.282910
Turkey,792000200,55.0,Rural,Medium,Female,Single,Higher,8.0,8.0,0.515971,Not trusted,7.0,7.0,0.211473
Turkey,792000201,28.0,Urban,Medium,Female,Married,Lower,6.0,2.0,0.366124,Not trusted,5.0,7.0,0.483132
Turkey,792000202,21.0,Urban,Medium,Female,Married,Lower,5.0,8.0,0.323994,Not trusted,2.0,7.0,0.194218
Turkey,792000203,38.0,Urban,Medium,Male,Married,Higher,4.0,1.0,0.435311,Trusted,10.0,5.0,0.215478
Turkey,792000204,55.0,Urban,Medium,Female,Married,Lower,7.0,9.0,0.861949,Not trusted,6.0,6.0,0.205678
Turkey,792000205,27.0,Urban,Medium,Female,Single,Lower,7.0,5.0,0.508614,Not trusted,7.0,5.0,0.362273
Turkey,792000206,55.0,Urban,Medium,Female,Single,Lower,5.0,3.0,0.242366,Not trusted,10.0,5.0,0.222354
Turkey,792000207,55.0,Urban,Medium,Female,Married,Lower,6.0,7.0,0.265937,Not trusted,8.0,8.0,0.359626
Turkey,792000208,55.0,Rural,Medium,Female,Married,Middle,7.0,6.0,0.301455,Trusted,10.0,6.0,0.138845
Turkey,792000209,37.0,Urban,Medium,Male,Single,Lower,2.0,4.0,0.211464,Not trusted,8.0,3.0,0.463156
Turkey,792000210,45.0,Urban,Medium,Female,Single,Middle,5.0,8.0,0.368307,Not trusted,6.0,3.0,0.442333
Turkey,792000211,45.0,Urban,Medium,Female,Married,Lower,8.0,5.0,0.523700,Not trusted,9.0,6.0,0.398932
Turkey,792000212,30.0,Urban,Medium,Female,Single,Lower,5.0,7.0,0.290838,Not trusted,6.0,1.0,0.224052
Turkey,792000213,68.0,Rural,Medium,Female,Married,Lower,6.0,7.0,0.419572,Not trusted,10.0,7.0,0.371456
Turkey,792000214,45.0,Urban,Medium,Female,Married,Middle,8.0,7.0,0.261062,Not trusted,10.0,4.0,0.030074
Turkey,792000215,40.0,Urban,Medium,Female,Married,Lower,7.0,7.0,0.574544,Not trusted,5.0,7.0,0.154738
Turkey,792000216,35.0,Urban,High,Female,Married,Middle,8.0,5.0,0.276386,Not trusted,9.0,8.0,0.322931
Turkey,792000217,24.0,Urban,Medium,Male,Married,Middle,9.0,10.0,0.216441,Not trusted,7.0,7.0,0.265328
Turkey,792000218,55.0,Rural,Medium,Female,Single,Lower,7.0,5.0,0.674365,Not trusted,7.0,8.0,0.422451
Turkey,792000219,35.0,Urban,Medium,Male,Married,Lower,9.0,3.0,0.524634,Not trusted,6.0,6.0,0.471737
Turkey,792000220,21.0,Urban,Medium,Male,Married,Higher,5.0,7.0,,Not trusted,9.0,4.0,0.328188
Turkey,792000221,58.0,Urban,Medium,Female,Single,Lower,4.0,3.0,0.431664,Trusted,9.0,4.0,0.306942
Turkey,792000222,24.0,Urban,Medium,Female,Widowed,Higher,6.0,6.0,0.433417,Not trusted,8.0,9.0,0.260530
Turkey,792000223,34.0,Urban,Medium,Male,Widowed,Middle,6.0,5.0,0.572023,Not trusted,6.0,2.0,0.569144
Turkey,792000224,28.0,Rural,Medium,Female,Married,Lower,8.0,5.0,0.427096,Not trusted,6.0,7.0,0.458431
Turkey,792000225,39.0,Urban,Medium,Female,Single,Higher,4.0,9.0,0.446167,Not trusted,,6.0,0.551964
Turkey,792000226,36.0,Urban,High,Female,Married,Lower,7.0,5.0,0.391916,Trusted,8.0,3.0,0.341413
Turkey,792000227,45.0,Rural,Medium,Female,Married,Higher,5.0,7.0,0.571329,Not trusted,9.0,5.0,0.335591
Turkey,792000228,45.0,Urban,Medium,Male,Married,Lower,6.0,5.0,0.191451,Not trusted,6.0,7.0,0.310017
Turkey,792000229,20.0,Urban,Medium,Female,Married,Higher,5.0,5.0,0.444873,Not trusted,7.0,4.0,0.560234
Turkey,792000230,58.0,Urban,Medium,Male,Married,Lower,5.0,5.0,0.454680,Not trusted,10.0,7.0,0.081502
Turkey,792000231,55.0,Urban,Low,Male,Married,Lower,6.0,10.0,0.881607,Not trusted,7.0,7.0,0.588369
Turkey,792000232,34.0,Rural,High,Female,Married,Higher,8.0,9.0,0.409618,Trusted,9.0,7.0,0.146586
Turkey,792000233,45.0,Urban,Medium,Male,Single,Middle,10.0,8.0,0.414619,Not trusted,8.0,9.0,0.437968
Turkey,792000234,35.0,Urban,Medium,Female,Married,Lower,6.0,8.0,0.406263,Not trusted,9.0,6.0,0.188466
Turkey,792000235,50.0,Urban,Medium,Male,Single,Middle,6.0,1.0,0.539313,Not trusted,5.0,7.0,0.362636
Turkey,792000236,55.0,Rural,Medium,Female,Married,Middle,4.0,8.0,0.441976,Not trusted,10.0,2.0,0.381826
Turkey,792000237,25.0,Urban,Low,Male,Married,Lower,8.0,6.0,0.515546,Not trusted,2.0,5.0,0.601070
Turkey,792000238,35.0,Urban,Medium,Male,Married,Lower,7.0,9.0,0.527414,Not trusted,5.0,6.0,0.449462
Turkey,792000239,25.0,Urban,Medium,Female,Married,Lower,6.0,7.0,0.249072,Not trusted,6.0,7.0,0.423308
Turkey,792000240,20.0,Urban,Medium,Female,Single,Lower,5.0,6.0,0.168728,,5.0,5.0,0.232650
Turkey,792000241,27.0,Urban,Medium,Male,Single,Lower,6.0,10.0,0.551745,Not trusted,10.0,7.0,0.152979
Turkey,792000242,55.0,Urban,High,Male,Single,Lower,5.0,8.0,0.393859,Not trusted,10.0,7.0,0.101867
Turkey,792000243,55.0,Urban,Medium,Female,Married,Lower,7.0,4.0,0.428535,Not trusted,9.0,8.0,0.256319
Turkey,792000244,47.0,Rural,Medium,Male,Married,Lower,6.0,7.0,0.283849,Not trusted,10.0,4.0,0.035796
Turkey,792000245,58.0,Urban,High,Male,Single,Lower,8.0,7.0,0.350026,Not trusted,10.0,6.0,0.158288
Turkey,792000246,25.0,Urban,Medium,Female,Married,Lower,5.0,7.0,0.592359,Not trusted,7.0,6.0,0.465890
Turkey,792000247,38.0,Urban,Medium,Male,Single,Middle,5.0,8.0,0.517435,Not trusted,8.0,7.0,0.312294
Turkey,792000248,55.0,Urban,High,Male,Single,Lower,5.0,7.0,0.478328,Not trusted,10.0,4.0,0.390005
Turkey,792000249,29.0,Rural,High,Female,Married,Higher,6.0,6.0,0.568969,Not trusted,9.0,7.0,0.112423
Turkey,792000250,37.0,Urban,Medium,Male,Single,Lower,8.0,5.0,0.429073,Not trusted,,8.0,0.333262
Turkey,792000251,47.0,Urban,Medium,Female,Single,Lower,6.0,5.0,0.261266,Trusted,10.0,3.0,0.053260
Turkey,792000252,46.0,Urban,Medium,Female,Single,Middle,7.0,7.0,0.428519,Not trusted,2.0,7.0,0.283390
Turkey,792000253,41.0,Urban,High,Male,Single,Higher,8.0,10.0,0.467330,Trusted,10.0,10.0,0.091706
Turkey,792000254,46.0,Rural,Medium,Female,Married,Lower,4.0,5.0,0.334937,Not trusted,10.0,1.0,0.211107
Turkey,792000255,27.0,Rural,Low,Male,Married,Lower,5.0,10.0,0.390258,Not trusted,6.0,7.0,0.601002
Turkey,792000256,21.0,Urban,Low,Female,Married,Higher,7.0,5.0,0.445505,Not trusted,6.0,6.0,0.456220
Turkey,792000257,25.0,Rural,Medium,Female,Single,Lower,7.0,5.0,0.274474,Not trusted,10.0,7.0,0.135155
Turkey,792000258,38.0,Urban,Low,Female,Married,Lower,6.0,10.0,0.218512,Not trusted,10.0,6.0,0.354889
Turkey,792000259,45.0,Rural,Medium,Male,Married,Lower,9.0,10.0,0.255530,Not trusted,10.0,6.0,0.169900
Turkey,792000260,55.0,Urban,Medium,Female,Single,Lower,6.0,8.0,0.089101,Not trusted,10.0,7.0,0.056208
Turkey,792000261,20.0,Rural,Medium,Female,Married,Lower,5.0,5.0,0.356974,Not trusted,1.0,7.0,0.609007
Turkey,792000262,50.0,Urban,Low,Female,Single,Lower,,7.0,,Not trusted,8.0,6.0,0.495112
Turkey,792000263,51.0,Urban,Medium,Female,Married,Middle,9.0,9.0,0.224248,Trusted,10.0,7.0,0.102879
Turkey,792000264,44.0,Urban,Medium,Female,Single,Middle,7.0,10.0,0.491848,Not trusted,10.0,5.0,0.324357
Turkey,792000265,58.0,Urban,,Female,Married,Lower,5.0,4.0,0.235524,Not trusted,5.0,5.0,0.459372
Turkey,792000266,25.0,Urban,High,Female,Single,Higher,9.0,7.0,0.476308,Not trusted,10.0,8.0,0.342713
Turkey,792000267,24.0,Urban,Medium,Female,Married,Middle,5.0,7.0,0.210056,Not trusted,5.0,6.0,0.345694
Turkey,792000268,27.0,Urban,Medium,Female,Married,Middle,6.0,5.0,0.142974,Not trusted,5.0,6.0,0.164590
Turkey,792000269,50.0,Urban,Medium,Female,Divorced,Lower,8.0,8.0,0.356776,Not trusted,5.0,8.0,0.423237
Turkey,792000270,25.0,Urban,Medium,Female,Married,Lower,6.0,7.0,0.588160,Not trusted,5.0,7.0,0.655741
Turkey,792000271,45.0,Urban,Medium,Male,Single,Higher,9.0,8.0,0.513770,Not trusted,10.0,7.0,0.569959
Turkey,792000272,26.0,Rural,High,Female,Single,Higher,5.0,7.0,0.147434,Trusted,10.0,5.0,0.117287
Turkey,792000273,60.0,Urban,Medium,Female,Living together as married,Lower,8.0,10.0,0.280008,Not trusted,10.0,6.0,0.049236
Turkey,792000274,55.0,Urban,High,Female,Single,Middle,6.0,10.0,0.303608,,10.0,8.0,0.329948
Turkey,792000275,45.0,Urban,Medium,Female,Married,Lower,8.0,1.0,,Not trusted,6.0,7.0,0.259048
Turkey,792000276,58.0,Urban,High,Male,Married,Lower,7.0,7.0,0.281724,Not trusted,8.0,5.0,0.357950
Turkey,792000277,50.0,Urban,,Female,Married,Middle,5.0,6.0,0.464911,Not trusted,9.0,4.0,0.282176
Turkey,792000278,35.0,Urban,Medium,Female,Married,Lower,3.0,4.0,0.320960,Not trusted,7.0,4.0,0.397181
Turkey,792000279,55.0,Urban,Medium,Female,Married,Lower,4.0,5.0,0.308816,Not trusted,4.0,4.0,0.374331
Turkey,792000280,47.0,Urban,Medium,Female,Married,Lower,5.0,6.0,0.245977,Not trusted,4.0,5.0,0.377571
Turkey,792000281,41.0,Rural,High,Female,Single,Higher,6.0,7.0,0.172662,Trusted,9.0,8.0,0.116446
Turkey,792000282,36.0,Rural,Medium,Male,Married,Higher,6.0,10.0,0.499556,Not trusted,10.0,6.0,0.064794
Turkey,792000283,35.0,Urban,Medium,Female,Single,Middle,5.0,6.0,0.688151,Trusted,8.0,7.0,0.415149
Turkey,792000284,20.0,Rural,Medium,Male,Married,Higher,6.0,6.0,0.353553,Trusted,10.0,8.0,0.142824
Turkey,792000285,44.0,Urban,Low,Male,Married,Middle,4.0,6.0,0.231298,Not trusted,6.0,3.0,0.183581
Turkey,792000286,30.0,Rural,Medium,Female,Single,Lower,7.0,10.0,0.276672,Not trusted,10.0,8.0,0.226536
Turkey,792000287,30.0,Urban,Medium,Male,Married,Lower,8.0,8.0,0.254520,Not trusted,7.0,8.0,0.453235
Turkey,792000288,28.0,Urban,Medium,Male,Married,Lower,6.0,7.0,0.208991,Not trusted,7.0,6.0,0.178069
Turkey,792000289,19.0,Urban,Low,Male,Single,Lower,7.0,1.0,0.256413,Not trusted,10.0,4.0,0.198962
Turkey,792000290,40.0,Rural,Low,Male,Single,Lower,6.0,7.0,0.902104,Not trusted,10.0,4.0,0.496212
Turkey,792000291,36.0,Rural,Medium,Male,Single,Lower,7.0,4.0,0.427207,Not trusted,5.0,5.0,0.596489
Turkey,792000292,30.0,Urban,Medium,Male,Married,Lower,8.0,9.0,0.618020,Not trusted,10.0,7.0,0.526405
Turkey,792000293,27.0,Urban,Medium,Female,Single,Middle,7.0,7.0,0.389551,Not trusted,10.0,8.0,0.408575
Turkey,792000294,55.0,Urban,Medium,Female,Single,Lower,8.0,9.0,0.518158,Not trusted,7.0,4.0,0.277789
Turkey,792000295,55.0,Urban,Medium,Male,Single,Lower,6.0,7.0,0.223871,Not trusted,1.0,6.0,0.114243
Turkey,792000296,55.0,Urban,Medium,Male,Single,Middle,9.0,6.0,0.600074,Trusted,8.0,9.0,0.178732
Turkey,792000297,26.0,Rural,Medium,Female,Single,Lower,4.0,8.0,0.315559,Not trusted,7.0,1.0,0.322212
Turkey,792000298,20.0,Rural,Medium,Female,Married,Lower,10.0,10.0,0.301294,Not trusted,8.0,8.0,0.268732
Turkey,792000299,44.0,Urban,High,Female,Married,Higher,8.0,4.0,0.230483,Not trusted,10.0,5.0,0.569272
Turkey,792000300,56.0,Urban,Medium,Male,Married,Lower,6.0,5.0,0.358846,Not trusted,6.0,7.0,0.324128
Turkey,792000301,20.0,Urban,Medium,Male,Married,Lower,9.0,9.0,0.153439,Not trusted,6.0,9.0,0.132029
Turkey,792000302,36.0,Urban,High,Female,Married,Lower,5.0,5.0,0.538877,Not trusted,1.0,6.0,0.628177
Turkey,792000303,55.0,Urban,Medium,Male,Single,Lower,8.0,3.0,0.257548,Not trusted,10.0,5.0,0.180938
Turkey,792000304,18.0,Urban,Medium,Female,Married,Middle,5.0,6.0,0.456910,Not trusted,8.0,3.0,0.285030
Turkey,792000305,48.0,Urban,Medium,Male,Married,Lower,7.0,8.0,0.107070,Trusted,10.0,7.0,0.247364
Turkey,792000306,23.0,Urban,Medium,Female,Married,Lower,5.0,9.0,0.263174,Not trusted,10.0,3.0,0.139944
Turkey,792000307,45.0,Urban,Medium,Male,Married,Lower,5.0,3.0,0.367825,Trusted,8.0,6.0,0.408378
Turkey,792000308,24.0,Rural,High,Male,Married,Higher,10.0,8.0,0.641536,Trusted,10.0,8.0,0.290344
Turkey,792000309,55.0,Rural,Medium,Male,Single,Lower,4.0,5.0,0.389061,Not trusted,10.0,1.0,0.247507
Turkey,792000310,20.0,Rural,Medium,Male,Married,Middle,8.0,6.0,0.547219,Trusted,10.0,7.0,0.415927
Turkey,792000311,27.0,Urban,Medium,Female,Single,Higher,9.0,7.0,0.433701,Not trusted,10.0,8.0,0.023606
Turkey,792000312,24.0,Rural,Medium,Male,Single,Lower,4.0,7.0,0.410585,Not trusted,6.0,7.0,0.610567
Turkey,792000313,31.0,Rural,Medium,Male,Married,Middle,6.0,6.0,0.468712,Not trusted,10.0,5.0,0.200583
Turkey,792000314,36.0,Rural,Medium,Female,Married,Lower,9.0,8.0,0.354398,Not trusted,6.0,8.0,0.242517
Turkey,792000315,55.0,Urban,Low,Female,Married,Lower,4.0,6.0,0.440739,Not trusted,5.0,4.0,0.187660
Turkey,792000316,55.0,Urban,Medium,Male,Married,Lower,5.0,4.0,0.147522,Not trusted,9.0,7.0,0.170716
Turkey,792000317,29.0,Urban,Medium,Male,Married,Lower,6.0,4.0,0.169478,Not trusted,10.0,5.0,0.113517
Turkey,792000318,25.0,Urban,,Female,Married,Lower,8.0,6.0,0.217380,Not trusted,8.0,8.0,0.268610
Turkey,792000319,55.0,Urban,Medium,Female,Single,Lower,6.0,5.0,0.545195,Not trusted,10.0,7.0,0.601330
Turkey,792000320,33.0,Rural,Medium,Female,Single,Higher,6.0,4.0,0.167094,Trusted,5.0,6.0,0.304902
Turkey,792000321,41.0,Urban,Medium,Male,Married,Middle,9.0,6.0,0.251532,Not trusted,10.0,8.0,0.187483
Turkey,792000322,55.0,Urban,Low,Male,Married,Middle,8.0,9.0,0.600112,Not trusted,6.0,6.0,0.505728
Turkey,792000323,24.0,Urban,Medium,Male,Married,Higher,8.0,8.0,0.226682,Not trusted,10.0,8.0,0.116107
Turkey,792000324,33.0,Urban,Low,Female,Married,Lower,9.0,5.0,0.302270,Not trusted,5.0,7.0,0.431724
Turkey,792000325,37.0,Urban,High,Male,Married,Lower,9.0,8.0,0.428650,,9.0,9.0,0.116448
Turkey,792000326,48.0,Rural,Medium,Male,Married,Middle,8.0,8.0,0.355768,Not trusted,7.0,9.0,0.468635
Turkey,792000327,35.0,Urban,Medium,Female,Single,Lower,8.0,9.0,0.597608,Not trusted,7.0,7.0,0.474661
Turkey,792000328,35.0,Urban,Medium,Female,Single,Middle,8.0,5.0,0.548941,Not trusted,8.0,6.0,0.424353
Turkey,792000329,26.0,Rural,Medium,Female,Married,Lower,8.0,5.0,0.530500,Not trusted,7.0,6.0,0.328634
Turkey,792000330,56.0,Urban,Low,Male,Married,Lower,6.0,3.0,,Not trusted,6.0,2.0,0.416690
Turkey,792000331,45.0,Urban,Medium,Male,Single,Lower,4.0,8.0,0.516791,Not trusted,9.0,7.0,0.322108
Turkey,792000332,24.0,Rural,Medium,Female,Married,Higher,5.0,6.0,0.479939,Not trusted,5.0,7.0,0.713087
Turkey,792000333,42.0,Urban,Medium,Female,Single,Lower,7.0,8.0,0.384570,Not trusted,7.0,4.0,0.424882
Turkey,792000334,55.0,Urban,Low,Male,Married,Middle,7.0,9.0,0.171066,Not trusted,9.0,7.0,0.429540
Turkey,792000335,51.0,Urban,Medium,Female,Married,Lower,8.0,6.0,0.550628,Not trusted,10.0,7.0,0.208442
Turkey,792000336,30.0,Urban,Medium,Female,Single,Middle,7.0,6.0,0.348310,Not trusted,2.0,7.0,0.206020
Turkey,792000337,24.0,Urban,Low,Female,Married,Lower,3.0,3.0,0.669847,Not trusted,6.0,4.0,0.464674
Turkey,792000338,36.0,Rural,Low,Female,Widowed,Middle,9.0,5.0,0.203286,Not trusted,6.0,7.0,0.123506
Turkey,792000339,64.0,Rural,Medium,Male,Married,Lower,8.0,10.0,0.260344,Not trusted,10.0,8.0,0.173449
Turkey,792000340,21.0,Rural,Medium,Female,Married,Lower,6.0,10.0,0.192097,Not trusted,10.0,8.0,0.068380
Turkey,792000341,46.0,Urban,Medium,Male,Married,Middle,7.0,8.0,0.092469,Trusted,10.0,6.0,0.378860
Turkey,792000342,28.0,Urban,Medium,Male,Single,Higher,5.0,5.0,0.354787,Not trusted,9.0,3.0,0.199599
Turkey,792000343,29.0,Urban,Medium,Female,Single,,7.0,3.0,0.485433,Not trusted,10.0,7.0,0.440643
Turkey,792000344,46.0,Rural,High,Male,Married,Higher,7.0,10.0,0.508632,Trusted,6.0,6.0,0.431700
Turkey,792000345,40.0,Urban,Medium,Male,Married,Lower,9.0,9.0,0.163835,Not trusted,,7.0,0.118870
Turkey,792000346,31.0,Urban,Low,Male,Married,Lower,5.0,1.0,0.695420,Not trusted,5.0,5.0,0.286081
Turkey,792000347,58.0,Urban,High,Female,Married,Middle,9.0,8.0,0.177396,Not trusted,10.0,7.0,0.111141
Turkey,792000348,36.0,Rural,Medium,Female,Married,Lower,5.0,5.0,0.197583,Not trusted,3.0,7.0,0.529384
Turkey,792000349,35.0,Urban,Low,Female,Married,Lower,5.0,3.0,0.256446,Not trusted,9.0,1.0,0.039901
Turkey,792000350,34.0,Urban,Medium,Female,Single,Middle,6.0,7.0,0.694542,Not trusted,7.0,6.0,0.369522
Turkey,792000351,55.0,Urban,Medium,Female,Married,Lower,6.0,5.0,0.198241,Not trusted,9.0,6.0,0.092626
Turkey,792000352,55.0,Rural,Medium,Female,Married,Middle,3.0,6.0,,Not trusted,8.0,6.0,0.063564
Turkey,792000353,46.0,Urban,Low,Female,Married,Lower,8.0,6.0,0.174133,Not trusted,10.0,1.0,0.016062
Turkey,792000354,56.0,Urban,High,Female,Married,Middle,5.0,10.0,0.654275,Trusted,7.0,7.0,0.440356
Turkey,792000355,45.0,Urban,High,Female,Married,Higher,5.0,9.0,0.435540,Trusted,10.0,4.0,0.207502
Turkey,792000356,30.0,Urban,Low,Female,Married,Lower,10.0,5.0,0.292398,Not trusted,9.0,7.0,0.034695
Turkey,792000357,42.0,Rural,Medium,Female,Single,Lower,8.0,9.0,0.290400,Not trusted,10.0,7.0,0.271532
Turkey,792000358,35.0,Urban,High,Male,Single,Middle,8.0,5.0,,Not trusted,7.0,6.0,0.163434
Turkey,792000359,64.0,Urban,Medium,Male,Single,Higher,5.0,6.0,0.232362,Not trusted,7.0,8.0,0.201970
Turkey,792000360,55.0,Urban,Medium,Female,Married,Higher,4.0,8.0,0.591818,Not trusted,10.0,6.0,0.252657
Turkey,792000361,26.0,Urban,Medium,Male,Widowed,Higher,7.0,8.0,0.259257,Not trusted,10.0,3.0,0.111050
Turkey,792000362,38.0,Urban,Medium,Male,Married,Lower,7.0,8.0,0.453280,Not trusted,8.0,8.0,0.454414
Turkey,792000363,23.0,Urban,,Female,Single,Lower,7.0,10.0,0.211479,Not trusted,10.0,4.0,0.074840
Turkey,792000364,47.0,Urban,Medium,Male,Single,Lower,7.0,8.0,0.354409,Not trusted,10.0,6.0,0.290340
Turkey,792000365,30.0,Urban,Medium,Female,Married,Lower,7.0,5.0,0.203775,Not trusted,10.0,7.0,0.116642
Turkey,792000366,45.0,Urban,Medium,Female,Married,Middle,5.0,7.0,0.433656,Not trusted,3.0,7.0,0.712078
Turkey,792000367,34.0,Urban,,Female,Married,Lower,7.0,9.0,0.176181,Not trusted,10.0,6.0,0.160099
Turkey,792000368,55.0,Urban,Medium,Female,Married,Lower,8.0,8.0,0.341268,Not trusted,10.0,8.0,0.200586
Turkey,792000369,24.0,Urban,Medium,Female,Single,Middle,8.0,9.0,0.224741,Trusted,10.0,8.0,0.132648
Turkey,792000370,46.0,Urban,Medium,Female,Married,Higher,9.0,10.0,0.306596,Not trusted,10.0,8.0,0.142847
Turkey,792000371,55.0,Urban,High,Female,Single,Lower,6.0,6.0,0.410633,Not trusted,10.0,7.0,0.210276
Turkey,792000372,22.0,Rural,Low,Male,Married,Lower,1.0,7.0,0.376172,Trusted,10.0,2.0,0.180215
Turkey,792000373,55.0,Rural,High,Female,Single,Lower,4.0,5.0,0.462875,Not trusted,10.0,3.0,0.053196
Turkey,792000374,55.0,Rural,Medium,Female,Single,Lower,6.0,8.0,0.286206,Not trusted,8.0,5.0,0.060717
Turkey,792000375,27.0,Urban,Medium,Male,Single,Middle,7.0,5.0,0.345466,Not trusted,9.0,8.0,0.060267
Turkey,792000376,30.0,Urban,Medium,Female,Married,Higher,6.0,5.0,0.175379,Not trusted,10.0,6.0,0.072076
Turkey,792000377,45.0,Urban,Medium,Female,Single,Lower,8.0,8.0,0.330835,,10.0,7.0,0.114441
Turkey,792000378,55.0,Urban,Medium,Female,Married,Lower,5.0,1.0,0.407285,Not trusted,3.0,1.0,0.382114
Turkey,792000379,36.0,Urban,Medium,Male,Single,Lower,4.0,7.0,0.262914,Not trusted,6.0,5.0,0.511958
Turkey,792000380,47.0,Rural,Medium,Male,Married,Lower,6.0,6.0,0.324736,Not trusted,10.0,4.0,0.120458
Turkey,792000381,23.0,Rural,Low,Female,Single,Lower,6.0,5.0,0.390666,Not trusted,1.0,7.0,0.532449
Turkey,792000382,25.0,Urban,Medium,Female,Married,Lower,7.0,5.0,0.141082,Not trusted,9.0,6.0,0.057947
Turkey,792000383,33.0,Rural,Medium,Female,Single,Lower,7.0,6.0,0.503233,Not trusted,9.0,8.0,0.406261
Turkey,792000384,35.0,Rural,Medium,Female,Single,Middle,4.0,3.0,0.342395,Not trusted,9.0,2.0,0.212327
Turkey,792000385,28.0,Urban,Medium,Female,Married,Middle,4.0,8.0,0.513240,Not trusted,7.0,5.0,0.184248
Turkey,792000386,30.0,Urban,Medium,Male,Married,Higher,5.0,5.0,0.362652,Not trusted,10.0,4.0,0.226076
Turkey,792000387,32.0,Urban,Medium,Female,Married,Lower,6.0,6.0,0.256819,Not trusted,10.0,5.0,0.251846
Turkey,792000388,22.0,Urban,Medium,Male,Married,Lower,4.0,4.0,0.548188,Not trusted,8.0,1.0,0.367598
Turkey,792000389,44.0,Urban,Medium,Male,Single,Lower,5.0,6.0,0.448117,Not trusted,7.0,5.0,0.462862
Turkey,792000390,50.0,Urban,Medium,Female,Single,Lower,3.0,5.0,0.519973,Trusted,10.0,5.0,0.422264
Turkey,792000391,30.0,Urban,Medium,Female,Single,Higher,5.0,9.0,0.345380,Trusted,6.0,7.0,0.213219
Turkey,792000392,22.0,Rural,Medium,Female,Married,Higher,5.0,3.0,0.370753,Not trusted,10.0,7.0,0.222773
Turkey,792000393,59.0,Urban,Medium,Male,Married,Lower,3.0,5.0,,Not trusted,10.0,2.0,0.274371
Turkey,792000394,50.0,Urban,High,Female,Married,Higher,8.0,8.0,0.411360,Trusted,7.0,7.0,0.210683
Turkey,792000395,45.0,Urban,Medium,Male,Married,Lower,2.0,5.0,0.537320,Not trusted,9.0,4.0,0.178015
Turkey,792000396,46.0,Urban,Medium,Female,Married,Higher,7.0,6.0,0.281354,Not trusted,8.0,7.0,0.225999
Turkey,792000397,27.0,Rural,High,Female,Married,Higher,9.0,7.0,0.393528,Trusted,5.0,10.0,0.590782
Turkey,792000398,33.0,Urban,Low,Female,Single,Lower,6.0,7.0,0.380557,Not trusted,10.0,6.0,0.082133
Turkey,792000399,55.0,Urban,High,Female,Married,Higher,5.0,7.0,0.191979,Trusted,10.0,9.0,0.099362
Turkey,792000400,21.0,Urban,Medium,Male,Married,Lower,8.0,3.0,0.319746,Not trusted,6.0,8.0,0.335490
Turkey,792000401,26.0,Urban,Medium,Female,Married,Middle,8.0,5.0,0.438858,Not trusted,5.0,6.0,0.447345
Turkey,792000402,37.0,Urban,Low,Male,Single,Lower,6.0,6.0,0.252107,Not trusted,10.0,4.0,0.154632
Turkey,792000403,64.0,Urban,Low,Female,Widowed,Lower,7.0,5.0,0.255933,Not trusted,7.0,8.0,0.321003
Turkey,792000404,55.0,Urban,Low,Female,Married,Lower,1.0,1.0,0.520491,Not trusted,5.0,1.0,0.339163
Turkey,792000405,42.0,Rural,Medium,Male,Single,Lower,7.0,9.0,0.268443,Not trusted,10.0,6.0,0.128128
Turkey,792000406,27.0,Urban,Medium,Male,Single,Middle,7.0,5.0,0.398347,Trusted,10.0,7.0,0.222349
Turkey,792000407,53.0,Rural,Medium,Female,Married,Lower,7.0,5.0,0.231452,Not trusted,10.0,4.0,0.346674
Turkey,792000408,47.0,Urban,Medium,Female,Married,Lower,6.0,5.0,0.342982,Not trusted,2.0,5.0,0.310705
Turkey,792000409,50.0,Rural,Medium,Female,Married,Higher,2.0,8.0,0.362647,Not trusted,9.0,6.0,0.187654
Turkey,792000410,24.0,Urban,High,Female,Married,Middle,8.0,10.0,0.223929,Trusted,10.0,7.0,0.207473
Turkey,792000411,22.0,Urban,Medium,Male,Married,Higher,8.0,7.0,0.353102,Not trusted,,6.0,0.196491
Turkey,792000412,55.0,Rural,Medium,Male,Single,Middle,3.0,8.0,0.345882,Not trusted,3.0,4.0,0.211908
Turkey,792000413,29.0,Rural,Medium,Male,Married,Higher,7.0,8.0,0.213940,Not trusted,10.0,5.0,0.318593
Turkey,792000414,35.0,Urban,Medium,Female,Single,Higher,9.0,8.0,0.296667,Not trusted,10.0,8.0,0.168540
Turkey,792000415,48.0,Urban,High,Female,Married,Middle,8.0,5.0,0.080516,Trusted,10.0,6.0,0.123010
Turkey,792000416,36.0,Rural,Medium,Female,Single,Middle,6.0,8.0,0.357489,Not trusted,9.0,5.0,0.279615
Turkey,792000417,37.0,Urban,Medium,Female,Widowed,Lower,3.0,5.0,0.488201,Not trusted,7.0,6.0,0.276200
Turkey,792000418,21.0,Urban,Medium,Female,Single,Lower,5.0,6.0,0.455238,Not trusted,8.0,8.0,0.241597
Turkey,792000419,44.0,Urban,,Male,Single,Lower,5.0,5.0,0.417955,Trusted,6.0,5.0,0.327477
Turkey,792000420,45.0,Urban,Medium,Male,Married,Higher,1.0,1.0,0.355837,Trusted,4.0,1.0,0.495005
Turkey,792000421,43.0,Rural,Low,Female,Married,Lower,4.0,6.0,0.263931,Not trusted,1.0,4.0,0.205613
Turkey,792000422,35.0,Urban,Medium,Male,Married,Middle,3.0,5.0,0.479813,Trusted,6.0,5.0,0.135788
Turkey,792000423,18.0,Urban,Medium,Male,Single,Higher,9.0,6.0,0.418241,Trusted,10.0,8.0,0.233998
Turkey,792000424,21.0,Urban,High,Female,Married,Middle,8.0,5.0,0.215801,Trusted,10.0,9.0,0.191173
Turkey,792000425,20.0,Rural,Medium,Male,Married,Middle,8.0,8.0,0.145723,Not trusted,10.0,7.0,0.074010
Turkey,792000426,55.0,Urban,Medium,Male,Single,Lower,5.0,6.0,0.521376,Not trusted,10.0,5.0,0.162759
Turkey,792000427,55.0,Urban,Medium,Female,Divorced,Middle,6.0,6.0,0.409303,Not trusted,3.0,4.0,0.565929
Turkey,792000428,36.0,Urban,Medium,Male,Married,Lower,4.0,1.0,0.324056,Not trusted,5.0,4.0,0.419755
Turkey,792000429,63.0,Urban,Low,Male,Married,Lower,7.0,5.0,0.352982,Not trusted,9.0,8.0,0.329273
Turkey,792000430,46.0,Urban,Medium,Male,Widowed,Lower,6.0,8.0,0.162917,Not trusted,10.0,4.0,0.070239
Turkey,792000431,32.0,Rural,Low,Male,Married,Lower,7.0,4.0,0.145472,Not trusted,10.0,5.0,0.080982
Turkey,792000432,38.0,Urban,Low,Male,Single,Lower,7.0,5.0,0.478341,Not trusted,10.0,5.0,0.206314
Turkey,792000433,37.0,Rural,Medium,Female,Single,Higher,5.0,5.0,0.529499,Not trusted,10.0,7.0,0.246463
Turkey,792000434,50.0,Urban,Low,Male,Single,Lower,6.0,7.0,0.248909,Not trusted,10.0,1.0,0.148806
Turkey,792000435,55.0,Urban,Medium,Female,Single,Higher,8.0,6.0,0.349509,Not trusted,5.0,6.0,0.222764
Turkey,792000436,20.0,Urban,Medium,Female,Single,Middle,4.0,7.0,0.486628,Not trusted,6.0,6.0,0.487476
Turkey,792000437,44.0,Urban,Medium,Male,Married,Lower,8.0,6.0,0.670158,Not trusted,7.0,6.0,0.422410
Turkey,792000438,20.0,Urban,Medium,Male,Married,Lower,7.0,9.0,0.419257,Not trusted,10.0,6.0,0.099214
Turkey,792000439,40.0,Rural,Medium,Male,Married,Lower,7.0,6.0,0.269410,Not trusted,5.0,7.0,0.413624
Turkey,792000440,46.0,Urban,Medium,Female,Divorced,Middle,6.0,8.0,0.175789,Not trusted,7.0,8.0,0.370667
Turkey,792000441,46.0,Urban,Medium,Female,Married,Lower,8.0,7.0,0.453693,Not trusted,8.0,8.0,0.475074
Turkey,792000442,28.0,Urban,Medium,Female,Married,Lower,1.0,5.0,0.463242,Not trusted,1.0,4.0,0.159974
Turkey,792000443,55.0,Rural,Low,Female,Married,Middle,8.0,5.0,0.196599,Not trusted,7.0,6.0,0.153316
Turkey,792000444,20.0,Urban,Low,Male,Married,Lower,5.0,5.0,0.443772,Not trusted,6.0,4.0,0.427367
Turkey,792000445,23.0,Urban,Medium,Female,Widowed,Middle,8.0,4.0,0.253014,Not trusted,9.0,7.0,0.415226
Turkey,792000446,31.0,Rural,Medium,Male,Single,Higher,7.0,9.0,0.402801,Not trusted,5.0,4.0,0.458669
Turkey,792000447,55.0,Rural,High,Female,Married,Higher,9.0,7.0,0.227065,Trusted,10.0,8.0,0.166251
Turkey,792000448,45.0,Urban,High,Male,Single,Higher,8.0,9.0,0.449439,Not trusted,10.0,5.0,0.393105
Turkey,792000449,24.0,Rural,Medium,Male,Widowed,Lower,8.0,7.0,0.137091,Not trusted,9.0,8.0,0.130946
Turkey,792000450,45.0,Rural,Medium,Female,Married,Lower,5.0,8.0,0.576083,Not trusted,10.0,1.0,0.158800
Turkey,792000451,25.0,Urban,Low,Female,Married,Lower,7.0,6.0,0.359829,Not trusted,9.0,7.0,0.214431
Turkey,792000452,24.0,Urban,Medium,Female,Married,Middle,5.0,6.0,0.240601,Not trusted,10.0,6.0,0.101552
Turkey,792000453,31.0,Rural,Medium,Female,Married,Higher,10.0,10.0,0.455491,Not trusted,10.0,8.0,0.158726
Turkey,792000454,40.0,Rural,Medium,Female,Single,Middle,5.0,8.0,0.308403,Not trusted,9.0,6.0,0.376441
Turkey,792000455,25.0,Urban,High,Male,Married,Lower,7.0,8.0,0.451698,Not trusted,10.0,7.0,0.268568
Turkey,792000456,56.0,Urban,Medium,Male,Married,Middle,5.0,6.0,0.347455,Not trusted,10.0,5.0,0.344223
Turkey,792000457,24.0,Rural,High,Male,Married,Middle,8.0,9.0,0.263129,Trusted,7.0,9.0,0.252029
Turkey,792000458,29.0,Urban,Medium,Female,Married,Middle,5.0,5.0,0.349132,Not trusted,10.0,4.0,0.271422
Turkey,792000459,42.0,Urban,Medium,Female,Married,Lower,7.0,7.0,0.483214,Not trusted,10.0,5.0,0.127361
Turkey,792000460,28.0,Urban,Medium,Female,Married,Middle,2.0,5.0,0.438560,Not trusted,10.0,5.0,0.465647
Turkey,792000461,35.0,Urban,Medium,Male,Married,Higher,9.0,6.0,0.312338,Not trusted,10.0,8.0,0.093736
Turkey,792000462,38.0,Urban,Low,Male,Married,Middle,5.0,6.0,0.339121,Not trusted,1.0,5.0,0.384090
Turkey,792000463,32.0,Rural,High,Female,Married,Lower,8.0,9.0,0.507546,Not trusted,7.0,9.0,0.443595
Turkey,792000464,21.0,Urban,Medium,Male,Single,Middle,8.0,6.0,0.069787,Not trusted,7.0,3.0,0.006121
Turkey,792000465,55.0,Urban,Medium,Female,Married,Lower,9.0,9.0,0.554634,Not trusted,8.0,5.0,0.299237
Turkey,792000466,35.0,Urban,Medium,Male,Married,Middle,8.0,9.0,0.698200,Not trusted,6.0,8.0,0.338527
Turkey,792000467,56.0,Rural,Medium,Male,Married,Lower,5.0,8.0,0.318300,Not trusted,10.0,3.0,0.155653
Turkey,792000468,50.0,Rural,Low,Female,Single,Lower,4.0,7.0,0.239726,Not trusted,10.0,5.0,0.175421
Turkey,792000469,35.0,Urban,Medium,Female,Married,Higher,5.0,4.0,0.495447,Not trusted,5.0,3.0,0.296429
Turkey,792000470,36.0,Urban,Medium,Female,Single,Higher,8.0,7.0,0.335563,Not trusted,10.0,7.0,0.148518
Turkey,792000471,25.0,Urban,Low,Female,Married,Middle,7.0,8.0,0.312668,Not trusted,7.0,7.0,0.232649
Turkey,792000472,29.0,Rural,Medium,Male,Married,Middle,8.0,8.0,0.351269,Trusted,10.0,7.0,0.205798
Turkey,792000473,55.0,Urban,Medium,Male,Single,Lower,6.0,7.0,0.076802,Not trusted,10.0,8.0,0.081809
Turkey,792000474,24.0,Urban,Medium,Male,Single,Lower,7.0,8.0,0.482654,Not trusted,8.0,4.0,0.440290
Turkey,792000475,46.0,Urban,Medium,Male,Single,Lower,8.0,10.0,0.313451,Not trusted,7.0,6.0,0.298402
Turkey,792000476,55.0,Urban,Medium,Male,Married,Lower,5.0,5.0,0.395894,Not trusted,10.0,4.0,0.330943
Turkey,792000477,24.0,Urban,Medium,Female,Single,Higher,8.0,6.0,0.413856,Not trusted,8.0,8.0,0.408786
Turkey,792000478,37.0,Urban,,Female,Married,Lower,6.0,1.0,0.477238,Not trusted,10.0,3.0,0.000000
Turkey,792000479,44.0,Urban,Medium,Male,Married,Lower,5.0,10.0,0.294057,Not trusted,8.0,2.0,0.208279
Turkey,792000480,35.0,Rural,Medium,Male,Married,Lower,7.0,7.0,0.174896,Not trusted,4.0,3.0,0.387045
Turkey,792000481,46.0,Urban,Medium,Male,Married,Lower,5.0,6.0,0.159995,Not trusted,10.0,7.0,0.106518
Turkey,792000482,54.0,Urban,Low,Female,Single,Lower,4.0,6.0,0.309664,Not trusted,5.0,5.0,0.248738
Turkey,792000483,35.0,Urban,Medium,Male,Married,Lower,7.0,7.0,0.354284,Not trusted,10.0,7.0,0.107146
Turkey,792000484,55.0,Urban,Low,Female,Married,Lower,7.0,2.0,0.334736,,5.0,7.0,0.200220
Turkey,792000485,26.0,Urban,Medium,Male,Married,Middle,7.0,9.0,0.476027,Not trusted,6.0,6.0,0.414665
Turkey,792000486,18.0,Rural,High,Female,Married,Higher,8.0,10.0,0.834967,Trusted,10.0,8.0,0.338414
Turkey,792000487,31.0,Rural,Medium,Female,Married,Lower,4.0,5.0,0.165676,Not trusted,8.0,4.0,0.124955
Turkey,792000488,80.0,Urban,Medium,Female,Married,Lower,7.0,6.0,0.182878,Not trusted,10.0,5.0,0.308482
Turkey,792000489,55.0,Urban,High,Female,Married,Lower,8.0,9.0,0.242829,Not trusted,10.0,7.0,0.177869
Turkey,792000490,26.0,Rural,Low,Male,Married,Lower,6.0,4.0,0.326171,Not trusted,4.0,6.0,0.428142
Turkey,792000491,33.0,Urban,Medium,Male,Married,Lower,5.0,7.0,0.481981,Not trusted,4.0,6.0,0.285801
Turkey,792000492,30.0,Urban,,Female,Married,Higher,8.0,5.0,0.412761,Trusted,8.0,9.0,0.512139
Turkey,792000493,57.0,Urban,Medium,Male,Married,Middle,9.0,8.0,0.260563,Not trusted,10.0,5.0,0.133787
Turkey,792000494,55.0,Rural,Low,Male,Married,Lower,7.0,6.0,0.410807,Not trusted,10.0,7.0,0.058029
Turkey,792000495,47.0,Urban,,Male,Married,Lower,5.0,9.0,0.503654,Not trusted,5.0,5.0,0.486540
Turkey,792000496,43.0,Rural,,Male,Single,Higher,,8.0,0.202906,Not trusted,10.0,7.0,0.142412
Turkey,792000497,34.0,Urban,Medium,Male,Single,Lower,7.0,5.0,0.290740,Not trusted,10.0,5.0,0.399942
Turkey,792000498,56.0,Urban,Medium,Female,Married,Lower,1.0,1.0,0.212523,Not trusted,9.0,4.0,0.024140
Turkey,792000499,24.0,Urban,Medium,Female,Married,Higher,7.0,8.0,0.649752,Not trusted,9.0,7.0,0.702464
Turkey,792000500,19.0,Urban,Medium,Male,Married,Middle,8.0,7.0,0.324365,Not trusted,10.0,7.0,0.032408
Turkey,792000501,32.0,Urban,Medium,Female,Married,Lower,6.0,8.0,0.171024,Not trusted,10.0,4.0,0.109403
Turkey,792000502,57.0,Urban,Medium,Female,Married,Lower,6.0,7.0,0.255516,Not trusted,10.0,6.0,0.165338
Turkey,792000503,36.0,Rural,Medium,Female,Single,Lower,3.0,10.0,0.230441,Not trusted,7.0,7.0,0.228081
Turkey,792000504,24.0,Urban,High,Male,Divorced,Higher,8.0,9.0,0.830166,Trusted,7.0,10.0,0.513486
Turkey,792000505,46.0,Urban,Low,Female,Married,Lower,4.0,7.0,0.467936,Not trusted,6.0,,0.315188
Turkey,792000506,53.0,Rural,Medium,Male,Married,Middle,6.0,4.0,0.221129,Not trusted,10.0,6.0,0.147382
Turkey,792000507,35.0,Urban,Medium,Female,Single,Middle,5.0,8.0,0.346054,Not trusted,10.0,5.0,0.218933
Turkey,792000508,24.0,Urban,Medium,Female,Married,Middle,4.0,6.0,0.395194,Not trusted,10.0,5.0,0.507416
Turkey,792000509,25.0,Urban,Medium,Male,Married,Middle,5.0,8.0,0.850599,Not trusted,9.0,6.0,0.318842
Turkey,792000510,20.0,Urban,Medium,Male,Single,Lower,9.0,8.0,0.253047,Not trusted,6.0,6.0,0.243406
Turkey,792000511,55.0,Urban,Medium,Male,Married,Lower,7.0,8.0,0.375414,Not trusted,9.0,5.0,0.254000
Turkey,792000512,31.0,Urban,High,Female,Single,Higher,5.0,7.0,0.474374,Trusted,8.0,4.0,0.505204
Turkey,792000513,23.0,Urban,Medium,Male,Single,Lower,6.0,8.0,0.237535,Not trusted,9.0,6.0,0.210801
Turkey,792000514,45.0,Urban,Medium,Male,Married,Middle,8.0,4.0,0.339716,Not trusted,10.0,6.0,0.137377
Turkey,792000515,30.0,Urban,Medium,Male,Divorced,Higher,6.0,8.0,0.419262,Not trusted,9.0,7.0,0.326479
Turkey,792000516,65.0,Urban,Medium,Female,Married,Lower,5.0,4.0,0.338313,Not trusted,10.0,3.0,0.033733
Turkey,792000517,44.0,Urban,Low,Male,Married,Lower,5.0,8.0,0.464431,Not trusted,6.0,3.0,0.165180
Turkey,792000518,44.0,Urban,Low,Male,Married,Lower,4.0,7.0,0.613801,Not trusted,1.0,5.0,0.533658
Turkey,792000519,42.0,Urban,Medium,Male,Married,Lower,7.0,9.0,0.112979,,10.0,5.0,0.330974
Turkey,792000520,28.0,Urban,Medium,Male,Married,Middle,6.0,2.0,0.322503,Not trusted,7.0,4.0,0.432614
Turkey,792000521,34.0,Urban,Medium,Female,Married,Lower,8.0,10.0,0.457403,Not trusted,8.0,5.0,0.304267
Turkey,792000522,39.0,Urban,Low,Female,Single,Lower,7.0,7.0,0.422707,Not trusted,7.0,5.0,0.139238
Turkey,792000523,58.0,Urban,Medium,Male,Married,Lower,5.0,10.0,0.234773,Not trusted,10.0,6.0,0.287039
Turkey,792000524,58.0,Rural,Medium,Male,Widowed,Lower,6.0,7.0,0.669315,Not trusted,10.0,6.0,0.482466
Turkey,792000525,36.0,Urban,Medium,Female,Married,Middle,7.0,9.0,0.346740,Not trusted,5.0,8.0,0.419876
Turkey,792000526,25.0,Rural,Medium,Female,Single,Lower,4.0,4.0,0.220185,Not trusted,6.0,1.0,0.586517
Turkey,792000527,55.0,Rural,,Male,Widowed,Lower,7.0,9.0,0.251093,Not trusted,8.0,4.0,0.311632
Turkey,792000528,55.0,Rural,High,Female,Married,Lower,9.0,7.0,0.457260,Not trusted,6.0,7.0,0.392756
Turkey,792000529,28.0,Urban,Medium,Female,Single,Higher,8.0,10.0,0.428333,Not trusted,10.0,6.0,0.315180
Turkey,792000530,57.0,Urban,Medium,Female,Married,Lower,5.0,8.0,0.318007,Not trusted,10.0,6.0,
Turkey,792000531,35.0,Urban,Medium,Male,Married,Middle,8.0,7.0,0.522755,Not trusted,6.0,6.0,0.204839
Turkey,792000532,35.0,Urban,Medium,Female,Married,Lower,8.0,6.0,0.317788,Not trusted,8.0,7.0,0.344605
Turkey,792000533,42.0,Urban,Low,Male,Single,Middle,7.0,7.0,0.363981,Not trusted,9.0,6.0,0.050990
Turkey,792000534,30.0,Urban,Medium,Male,Married,Middle,8.0,6.0,0.230621,Not trusted,7.0,7.0,0.338079
Turkey,792000535,24.0,Urban,,Female,Married,Lower,6.0,6.0,0.604951,Not trusted,1.0,3.0,0.542996
Turkey,792000536,48.0,Urban,Medium,Male,Married,Lower,8.0,7.0,0.450481,Not trusted,6.0,5.0,0.279422
Turkey,792000537,36.0,Rural,Medium,Female,Married,Lower,5.0,6.0,0.207743,Trusted,9.0,5.0,0.440944
Turkey,792000538,24.0,Urban,Low,Male,Married,Lower,6.0,7.0,0.456705,Trusted,2.0,7.0,0.332337
Turkey,792000539,30.0,Urban,Medium,Female,Single,Lower,9.0,9.0,0.300348,Not trusted,6.0,6.0,0.037839
Turkey,792000540,27.0,Urban,Medium,Female,Single,Middle,7.0,4.0,0.486946,Not trusted,10.0,3.0,0.315319
Turkey,792000541,24.0,Rural,Medium,Female,Single,Middle,7.0,5.0,0.380564,Not trusted,10.0,5.0,0.408057
Turkey,792000542,30.0,Urban,Medium,Male,Single,Lower,8.0,6.0,0.410337,Not trusted,2.0,6.0,0.187652
Turkey,792000543,38.0,Urban,Low,Male,Single,Middle,6.0,6.0,0.477626,Not trusted,8.0,4.0,0.096507
Turkey,792000544,28.0,Urban,Medium,Female,Married,Lower,6.0,8.0,0.268999,Not trusted,10.0,6.0,0.165109
Turkey,792000545,29.0,Urban,Medium,Female,Married,Lower,5.0,8.0,0.312611,Not trusted,10.0,5.0,0.053826
Turkey,792000546,32.0,Urban,Medium,Male,Married,Higher,5.0,8.0,0.648446,Not trusted,7.0,4.0,0.397994
Turkey,792000547,36.0,Rural,,Male,Single,Higher,6.0,1.0,0.382101,Not trusted,9.0,5.0,0.294974
Turkey,792000548,56.0,Urban,Medium,Female,Married,Lower,6.0,6.0,0.599450,Not trusted,8.0,5.0,0.584546
Turkey,792000549,60.0,Urban,Medium,Female,Married,Lower,7.0,1.0,0.464043,Not trusted,10.0,5.0,0.245961
Turkey,792000550,33.0,Urban,Medium,Female,Married,Middle,10.0,10.0,0.166897,Not trusted,10.0,5.0,0.388298
Turkey,792000551,51.0,Rural,Medium,Male,Married,Middle,4.0,5.0,0.481002,Not trusted,1.0,5.0,0.500943
Turkey,792000552,40.0,Urban,Medium,Female,Married,Middle,7.0,10.0,0.184408,Not trusted,10.0,5.0,0.010242
Turkey,792000553,27.0,Rural,Medium,Male,Married,Middle,5.0,5.0,0.274052,Not trusted,8.0,5.0,0.196862
Turkey,792000554,55.0,Urban,Medium,Male,Married,Middle,7.0,6.0,0.819217,Not trusted,6.0,4.0,0.613211
Turkey,792000555,58.0,Urban,High,Female,Single,Higher,7.0,7.0,0.181688,Trusted,10.0,6.0,0.322361
Turkey,792000556,25.0,Rural,Medium,Male,Single,Middle,8.0,7.0,,Not trusted,10.0,7.0,0.170958
Turkey,792000557,25.0,Urban,Medium,Male,Married,Lower,8.0,8.0,0.441363,Not trusted,10.0,7.0,0.122043
Turkey,792000558,37.0,Urban,Medium,Female,Single,Lower,6.0,4.0,0.144472,Not trusted,10.0,2.0,0.136334
Turkey,792000559,60.0,Urban,Medium,Female,Divorced,Higher,8.0,10.0,0.254193,Not trusted,3.0,9.0,0.572858
Turkey,792000560,30.0,Urban,Medium,Male,Married,Lower,7.0,9.0,0.155481,Not trusted,,7.0,0.180772
Turkey,792000561,35.0,Urban,Medium,Female,Married,Lower,8.0,8.0,0.376955,Not trusted,8.0,8.0,0.260807
Turkey,792000562,50.0,Urban,High,Female,Single,Higher,8.0,7.0,0.088403,Not trusted,10.0,7.0,0.097825
Turkey,792000563,34.0,Rural,Low,Female,Single,Lower,7.0,10.0,0.317060,Not trusted,10.0,4.0,0.197066
Turkey,792000564,27.0,Urban,Medium,Male,Single,Middle,8.0,6.0,0.455694,Trusted,6.0,7.0,0.429562
Turkey,792000565,55.0,Urban,Medium,Male,Married,Lower,8.0,9.0,0.086443,Not trusted,10.0,8.0,0.123337
Turkey,792000566,35.0,Rural,Medium,Female,Married,Lower,8.0,6.0,0.227119,Not trusted,10.0,8.0,0.095399
Turkey,792000567,36.0,Urban,Medium,Female,Single,Lower,3.0,4.0,0.202480,Not trusted,10.0,1.0,0.354178
Turkey,792000568,69.0,Urban,Medium,Female,Single,Lower,10.0,6.0,0.277471,Not trusted,10.0,8.0,0.071595
Turkey,792000569,25.0,Urban,Medium,Female,Married,Lower,7.0,6.0,0.149792,Not trusted,8.0,4.0,0.170882
Turkey,792000570,38.0,Urban,Low,Female,Married,Lower,4.0,8.0,0.442298,Not trusted,5.0,4.0,0.467765
Turkey,792000571,37.0,Urban,Medium,Female,Married,Lower,5.0,5.0,0.123162,Not trusted,10.0,4.0,0.414881
Turkey,792000572,38.0,Urban,,Male,Living together as married,Middle,7.0,8.0,0.262596,Not trusted,8.0,7.0,0.051229
Turkey,792000573,32.0,Urban,High,Female,Single,Lower,6.0,6.0,0.203022,Not trusted,9.0,7.0,0.204688
Turkey,792000574,36.0,Rural,Medium,Male,Single,Higher,6.0,6.0,0.323876,Not trusted,10.0,5.0,0.171743
Turkey,792000575,45.0,Urban,Medium,Female,Single,Lower,3.0,1.0,0.428620,Not trusted,7.0,4.0,0.177895
Turkey,792000576,36.0,Rural,Low,Male,Married,Middle,4.0,5.0,0.262577,Not trusted,7.0,3.0,0.374510
Turkey,792000577,38.0,Urban,Medium,Male,Married,Lower,4.0,6.0,0.305284,Not trusted,9.0,5.0,0.080530
Turkey,792000578,60.0,Rural,Medium,Male,Single,Lower,5.0,7.0,0.207372,Not trusted,9.0,5.0,0.303765
Turkey,792000579,24.0,Urban,Medium,Female,Married,Middle,10.0,8.0,0.387546,Not trusted,10.0,4.0,0.153282
Turkey,792000580,21.0,Urban,Low,Female,Married,Lower,6.0,5.0,0.330906,Trusted,7.0,6.0,0.181293
Turkey,792000581,44.0,Urban,Medium,Male,Married,Lower,9.0,10.0,0.314009,Not trusted,8.0,10.0,0.166025
Turkey,792000582,55.0,Urban,High,Female,Single,Middle,6.0,1.0,0.462986,Not trusted,8.0,4.0,0.310170
Turkey,792000583,38.0,Urban,Medium,Male,Married,Lower,8.0,7.0,0.142883,Not trusted,10.0,7.0,0.275298
Turkey,792000584,35.0,Urban,Medium,Female,Single,Lower,8.0,8.0,0.248790,Not trusted,10.0,4.0,0.083630
Turkey,792000585,45.0,Urban,Low,Male,Married,Lower,1.0,6.0,0.272875,Trusted,6.0,1.0,0.230551
Turkey,792000586,43.0,Urban,Medium,Female,Married,Middle,5.0,3.0,0.134693,Not trusted,6.0,4.0,0.121593
Turkey,792000587,55.0,Urban,Medium,Male,Single,Lower,4.0,5.0,0.309414,Not trusted,7.0,4.0,0.242447
Turkey,792000588,28.0,Urban,Medium,Female,Married,Middle,5.0,8.0,0.259018,Not trusted,10.0,4.0,0.209317
Turkey,792000589,18.0,Urban,High,Female,Married,Higher,5.0,3.0,0.704140,Not trusted,5.0,2.0,0.437258
Turkey,792000590,35.0,Rural,Medium,Male,Single,Lower,4.0,7.0,0.492549,Not trusted,10.0,5.0,0.491407
Turkey,792000591,36.0,Urban,Low,Female,Married,Lower,7.0,5.0,0.265892,Not trusted,1.0,8.0,0.228984
Turkey,792000592,46.0,Urban,Medium,Female,Married,Higher,7.0,7.0,0.229459,Not trusted,5.0,8.0,0.122339
Turkey,792000593,55.0,Urban,Medium,Female,Single,Middle,7.0,3.0,0.229699,Not trusted,10.0,7.0,0.250500
Turkey,792000594,25.0,Rural,Medium,Male,Single,Lower,1.0,8.0,0.491078,Not trusted,4.0,6.0,0.721354
Turkey,792000595,23.0,Urban,Medium,Female,Married,Middle,4.0,7.0,0.514149,Not trusted,10.0,2.0,0.094805
Turkey,792000596,40.0,Urban,Medium,Female,Single,Lower,8.0,8.0,0.452240,Not trusted,10.0,6.0,0.558644
Turkey,792000597,26.0,Rural,High,Female,Single,Higher,5.0,9.0,0.431319,Trusted,10.0,7.0,0.151856
Turkey,792000598,55.0,Rural,Medium,Male,Married,Middle,2.0,6.0,0.313895,Trusted,10.0,4.0,0.299313
Turkey,792000599,25.0,Rural,High,Female,Single,Higher,8.0,10.0,0.321717,Not trusted,10.0,8.0,0.124699
Turkey,792000600,46.0,Rural,Medium,Female,Single,Lower,8.0,9.0,0.348517,Not trusted,6.0,8.0,0.118283
Turkey,792000601,24.0,Urban,Medium,Male,Single,Lower,5.0,6.0,0.468263,Not trusted,3.0,7.0,0.280673
Turkey,792000602,36.0,Urban,Medium,Female,Single,Middle,8.0,9.0,0.223362,Trusted,10.0,,0.278992
Turkey,792000603,43.0,Urban,Medium,Female,Married,Higher,7.0,6.0,0.434247,Trusted,5.0,3.0,0.275757
Turkey,792000604,21.0,Urban,Medium,Male,Married,Middle,5.0,3.0,0.377767,Not trusted,3.0,7.0,0.520374
Turkey,792000605,55.0,Rural,Medium,Male,Single,Higher,7.0,7.0,0.353322,Not trusted,10.0,4.0,0.084923
Turkey,792000606,55.0,Urban,Medium,Male,Single,Lower,8.0,8.0,0.561998,Not trusted,10.0,10.0,0.384980
Turkey,792000607,38.0,Urban,Medium,Female,Divorced,Lower,10.0,9.0,0.268844,Not trusted,10.0,9.0,0.080285
Turkey,792000608,47.0,Rural,Low,Female,Divorced,Lower,7.0,10.0,0.241459,Not trusted,6.0,4.0,0.426878
Turkey,792000609,56.0,Urban,Medium,Female,Married,Middle,7.0,,0.312731,Not trusted,5.0,7.0,0.315304
Turkey,792000610,53.0,Urban,Medium,Male,Single,Lower,5.0,6.0,0.444054,Not trusted,8.0,6.0,0.196537
Turkey,792000611,30.0,Rural,Medium,Male,Married,Lower,7.0,5.0,0.478299,Trusted,6.0,7.0,0.259523
Turkey,792000612,55.0,Urban,Low,Female,Single,Lower,4.0,5.0,0.211393,Not trusted,6.0,5.0,0.191198
Turkey,792000613,36.0,Urban,Medium,Female,Married,Lower,7.0,10.0,0.223255,Trusted,10.0,5.0,0.000000
Turkey,792000614,44.0,Rural,Medium,Male,Married,Higher,7.0,5.0,0.207035,Not trusted,8.0,6.0,0.354128
Turkey,792000615,31.0,Urban,Medium,Female,Married,Lower,8.0,8.0,0.301587,Not trusted,8.0,5.0,0.238156
Turkey,792000616,60.0,Urban,Medium,Female,Married,Lower,4.0,7.0,0.394229,Not trusted,5.0,5.0,0.161002
Turkey,792000617,40.0,Rural,Medium,Female,Single,Lower,4.0,9.0,0.250451,Trusted,10.0,5.0,0.305973
Turkey,792000618,25.0,Urban,Medium,Female,Married,Lower,4.0,7.0,0.349606,Not trusted,5.0,8.0,0.503200
Turkey,792000619,55.0,Urban,Medium,Female,Single,Lower,9.0,8.0,0.219561,Not trusted,10.0,7.0,0.249346
Turkey,792000620,55.0,Urban,Low,Male,Divorced,Lower,8.0,1.0,0.284233,Not trusted,6.0,5.0,0.204195
Turkey,792000621,30.0,Urban,Low,Male,Married,Higher,9.0,6.0,0.576917,Not trusted,8.0,7.0,0.202190
Turkey,792000622,55.0,Urban,Medium,Male,Married,Lower,4.0,4.0,0.165732,Not trusted,6.0,5.0,0.459717
Turkey,792000623,55.0,Urban,Medium,Female,Single,Lower,9.0,9.0,0.250643,Not trusted,10.0,8.0,0.104195
Turkey,792000624,44.0,Rural,Medium,Female,Married,Lower,1.0,4.0,0.547747,Not trusted,6.0,1.0,0.478808
Turkey,792000625,35.0,Urban,Medium,Female,Married,Middle,8.0,6.0,0.416223,Not trusted,10.0,3.0,0.410131
Turkey,792000626,30.0,Urban,Medium,Male,Married,Higher,7.0,6.0,0.123194,Trusted,6.0,5.0,0.124469
Turkey,792000627,56.0,Urban,Medium,Male,Single,Lower,7.0,6.0,0.375565,Not trusted,10.0,8.0,0.259526
Turkey,792000628,34.0,Urban,Medium,Female,Married,Middle,5.0,5.0,0.374839,Trusted,8.0,4.0,0.299203
Turkey,792000629,39.0,Rural,Medium,Female,Married,Middle,8.0,7.0,0.264731,Not trusted,10.0,8.0,0.130445
Turkey,792000630,35.0,Urban,High,Male,Single,Higher,8.0,5.0,0.462119,Not trusted,6.0,7.0,0.289655
Turkey,792000631,35.0,Urban,Low,Male,Married,Middle,8.0,3.0,0.491329,Not trusted,9.0,6.0,0.281614
Turkey,792000632,35.0,Urban,Medium,Female,Married,Lower,8.0,10.0,0.439924,Trusted,9.0,9.0,0.281162
Turkey,792000633,55.0,Urban,Medium,Male,Single,Lower,8.0,7.0,0.154848,Not trusted,10.0,8.0,0.101636
Turkey,792000634,55.0,Urban,Low,Female,Married,Lower,5.0,6.0,,Not trusted,7.0,5.0,0.256024
Turkey,792000635,25.0,Urban,Medium,Male,Married,Lower,6.0,7.0,0.364275,Not trusted,10.0,4.0,0.123333
Turkey,792000636,76.0,Urban,Low,Female,Married,Lower,7.0,1.0,0.238953,Not trusted,5.0,2.0,0.089278
Turkey,792000637,55.0,Urban,Medium,Male,Widowed,Lower,8.0,10.0,0.594131,Not trusted,3.0,7.0,0.425079
Turkey,792000638,35.0,Urban,Medium,Female,Married,Higher,9.0,7.0,0.475155,Not trusted,9.0,8.0,0.301475
Turkey,792000639,63.0,Urban,Low,Male,Married,Lower,5.0,7.0,0.484341,Not trusted,4.0,7.0,0.539167
Turkey,792000640,20.0,Urban,Medium,Female,Married,Lower,5.0,5.0,0.465294,Not trusted,,7.0,0.194319
Turkey,792000641,45.0,Urban,Medium,Female,Married,Lower,7.0,8.0,0.523324,Not trusted,9.0,5.0,0.347491
Turkey,792000642,45.0,Urban,Medium,Female,Married,Lower,7.0,,0.200233,Not trusted,10.0,7.0,0.081571
Turkey,792000643,24.0,Urban,Medium,Female,Married,Higher,7.0,6.0,0.441131,Not trusted,10.0,7.0,0.151843
Turkey,792000644,28.0,Urban,Low,Male,Single,Lower,2.0,5.0,0.287779,Not trusted,5.0,4.0,0.335693
Turkey,792000645,20.0,Rural,Medium,Male,Divorced,Lower,8.0,9.0,0.211378,Not trusted,8.0,3.0,0.229620
Turkey,792000646,35.0,Urban,Medium,Male,Married,Lower,6.0,4.0,0.216376,Not trusted,10.0,4.0,0.172505
Turkey,792000647,34.0,Urban,Low,Male,Married,Lower,7.0,4.0,0.436906,Not trusted,6.0,7.0,0.195504
Turkey,792000648,38.0,Urban,Medium,Female,Single,Lower,1.0,1.0,0.478511,Not trusted,4.0,3.0,0.488285
Turkey,792000649,50.0,Urban,Low,Male,Married,Lower,5.0,7.0,0.735415,Not trusted,2.0,6.0,0.685659
Turkey,792000650,39.0,Urban,Medium,Female,Married,Middle,7.0,5.0,0.400604,Not trusted,10.0,6.0,0.166788
Turkey,792000651,55.0,Urban,Low,Female,Single,Lower,3.0,7.0,0.359914,Not trusted,10.0,1.0,0.466974
Turkey,792000652,56.0,Urban,Medium,Female,Single,Lower,6.0,7.0,0.240242,Trusted,10.0,1.0,0.239689
Turkey,792000653,34.0,Urban,Medium,Female,,Lower,8.0,10.0,0.362849,Not trusted,9.0,7.0,0.152230
Turkey,792000654,47.0,Urban,Medium,Male,Widowed,Higher,9.0,7.0,0.465861,Not trusted,10.0,7.0,0.122735
Turkey,792000655,44.0,Rural,Low,Female,Married,Lower,5.0,6.0,0.242955,Not trusted,5.0,5.0,0.369050
Turkey,792000656,37.0,Urban,Medium,Female,Married,Middle,6.0,6.0,0.218920,Not trusted,10.0,7.0,0.339040
Turkey,792000657,35.0,Rural,High,Male,Married,Middle,10.0,8.0,0.407383,Trusted,10.0,8.0,0.461578
Turkey,792000658,36.0,Urban,Low,Female,Married,Higher,5.0,6.0,0.554461,Not trusted,4.0,6.0,0.169620
Turkey,792000659,35.0,Urban,Medium,Female,Married,Lower,4.0,9.0,0.410427,Trusted,8.0,4.0,0.342123
Turkey,792000660,35.0,Urban,Low,Female,Single,Middle,5.0,1.0,0.574758,Not trusted,5.0,1.0,0.676286
Turkey,792000661,23.0,Rural,Medium,Male,Married,Higher,8.0,7.0,0.151483,Not trusted,10.0,5.0,0.133462
Turkey,792000662,50.0,Urban,Medium,Female,Married,Lower,10.0,10.0,0.289039,Trusted,10.0,6.0,0.076382
Turkey,792000663,18.0,Rural,Medium,Female,Married,Higher,7.0,6.0,0.155876,Not trusted,10.0,5.0,0.146510
Turkey,792000664,21.0,Urban,Medium,Female,Single,Middle,6.0,5.0,0.321000,Not trusted,5.0,5.0,0.328833
Turkey,792000665,24.0,Urban,High,Male,Married,Middle,6.0,5.0,0.671728,Trusted,6.0,8.0,0.498622
Turkey,792000666,43.0,Urban,Medium,Female,Married,Lower,7.0,6.0,0.605011,Not trusted,10.0,6.0,0.352325
Turkey,792000667,55.0,Rural,Medium,Female,Married,Middle,1.0,2.0,0.271564,Not trusted,6.0,3.0,0.403464
Turkey,792000668,43.0,Urban,Medium,Male,Married,Lower,7.0,8.0,0.466442,,6.0,5.0,0.284319
Turkey,792000669,34.0,Urban,Medium,Male,Married,Middle,7.0,7.0,0.405299,Not trusted,6.0,4.0,0.209806
Turkey,792000670,46.0,Urban,Medium,Male,Married,Lower,7.0,8.0,0.166279,Not trusted,10.0,4.0,0.051158
Turkey,792000671,55.0,Urban,Medium,Female,Married,Lower,4.0,5.0,0.195222,Not trusted,9.0,7.0,0.159072
Turkey,792000672,55.0,Urban,High,Female,Married,Higher,8.0,3.0,0.420190,Trusted,10.0,9.0,0.430471
Turkey,792000673,47.0,Rural,Medium,Male,Married,Middle,2.0,4.0,0.631524,Not trusted,6.0,3.0,0.684967
Turkey,792000674,58.0,Urban,Medium,Female,Married,Lower,5.0,7.0,0.415401,Not trusted,9.0,9.0,0.134125
Turkey,792000675,20.0,Rural,Medium,Male,Married,Lower,4.0,3.0,0.246410,Not trusted,9.0,3.0,0.178522
Turkey,792000676,55.0,Urban,Medium,Female,Married,Lower,7.0,2.0,0.075410,Not trusted,10.0,8.0,0.102657
Turkey,792000677,55.0,Urban,Medium,Male,Single,Lower,9.0,4.0,0.359067,Trusted,10.0,9.0,0.176575
Turkey,792000678,36.0,Urban,Medium,Male,Married,Lower,4.0,3.0,0.444121,Not trusted,8.0,6.0,0.299861
Turkey,792000679,55.0,Urban,Medium,Female,Married,Lower,6.0,8.0,0.302778,Not trusted,6.0,4.0,0.403148
Turkey,792000680,36.0,Urban,Medium,Female,Single,Middle,5.0,6.0,0.598045,Trusted,10.0,5.0,0.492110
Turkey,792000681,25.0,Urban,Medium,Female,Married,Lower,9.0,6.0,0.279156,Not trusted,10.0,6.0,0.049228
Turkey,792000682,45.0,Rural,Low,Female,Married,Lower,1.0,1.0,0.388165,Not trusted,1.0,3.0,0.345686
Turkey,792000683,61.0,Urban,High,Male,Single,Lower,8.0,9.0,0.253455,Not trusted,10.0,7.0,0.131403
Turkey,792000684,45.0,Urban,Medium,Female,Single,Lower,6.0,7.0,0.180729,Not trusted,5.0,5.0,0.212919
Turkey,792000685,28.0,Rural,Medium,Female,Married,Higher,5.0,10.0,0.459518,Not trusted,10.0,9.0,0.141254
Turkey,792000686,24.0,Urban,Medium,Female,Single,Lower,3.0,5.0,0.659858,Not trusted,5.0,3.0,0.592726
Turkey,792000687,26.0,Urban,High,Female,Single,Higher,8.0,8.0,0.560499,Trusted,8.0,7.0,0.160980
Turkey,792000688,45.0,Urban,Medium,Female,Single,Lower,6.0,4.0,0.214514,Not trusted,7.0,5.0,0.063552
Turkey,792000689,41.0,Urban,Medium,Male,Married,Lower,6.0,7.0,0.237043,Not trusted,10.0,4.0,0.097075
Turkey,792000690,55.0,Urban,High,Female,Single,Lower,9.0,7.0,0.271415,Not trusted,8.0,8.0,0.088383
Turkey,792000691,55.0,Urban,,Female,Single,Lower,6.0,6.0,0.405952,Not trusted,7.0,4.0,0.180121
Turkey,792000692,19.0,Urban,High,Female,Married,Middle,9.0,,0.207046,Not trusted,10.0,9.0,0.059305
Turkey,792000693,43.0,Rural,Medium,Male,Married,Lower,5.0,1.0,0.199547,Not trusted,5.0,5.0,0.145532
Turkey,792000694,27.0,Urban,Medium,Female,Married,Middle,7.0,9.0,0.447229,Trusted,9.0,6.0,0.123079
Turkey,792000695,32.0,Rural,Medium,Female,Married,Higher,9.0,5.0,0.548692,Not trusted,10.0,7.0,0.409101
Turkey,792000696,23.0,Urban,Medium,Female,Married,Lower,6.0,5.0,0.174846,Not trusted,10.0,9.0,0.113949
Turkey,792000697,55.0,Urban,Medium,Male,Married,Middle,6.0,7.0,0.452023,Not trusted,8.0,6.0,0.457219
Turkey,792000698,24.0,Rural,Medium,Male,Widowed,Higher,9.0,10.0,0.361783,Not trusted,10.0,9.0,0.020804
Turkey,792000699,23.0,Urban,High,Male,Single,Middle,6.0,5.0,0.302709,Not trusted,10.0,6.0,0.126232
Turkey,792000700,47.0,Rural,Medium,Male,Divorced,Higher,9.0,7.0,0.289191,Trusted,9.0,7.0,0.269323
Turkey,792000701,55.0,Rural,Low,Male,Widowed,Lower,5.0,7.0,0.462654,Not trusted,10.0,7.0,0.460957
Turkey,792000702,44.0,Rural,Medium,Male,Married,Middle,8.0,7.0,0.411627,Not trusted,6.0,8.0,0.312270
Turkey,792000703,63.0,Urban,Low,Male,Married,Lower,5.0,8.0,0.366670,Not trusted,5.0,3.0,0.375736
Turkey,792000704,23.0,Urban,Medium,Female,Single,Middle,5.0,9.0,0.584086,Not trusted,5.0,1.0,0.288400
Turkey,792000705,54.0,Urban,Medium,Female,Single,Lower,3.0,7.0,0.285460,Not trusted,8.0,2.0,0.112765
Turkey,792000706,55.0,Urban,Medium,Male,Single,Middle,7.0,7.0,0.179692,Not trusted,10.0,9.0,0.225592
Turkey,792000707,56.0,Urban,Medium,Female,Married,Lower,7.0,7.0,0.225821,Not trusted,10.0,8.0,0.008985
Turkey,792000708,55.0,Urban,Medium,Female,Married,Lower,8.0,8.0,0.463319,Not trusted,10.0,7.0,0.168875
Turkey,792000709,45.0,Urban,Medium,Female,Married,Lower,6.0,6.0,0.127845,Not trusted,5.0,7.0,0.358773
Turkey,792000710,31.0,Urban,High,Male,Married,Lower,9.0,10.0,0.143823,Trusted,10.0,7.0,0.000000
Turkey,792000711,35.0,Rural,Medium,Female,Married,Lower,6.0,8.0,0.322025,Not trusted,8.0,1.0,0.299096
Turkey,792000712,25.0,Urban,Medium,Female,Married,Higher,5.0,8.0,0.340525,Trusted,9.0,4.0,0.373530
Turkey,792000713,32.0,Urban,Medium,Female,Single,Lower,6.0,9.0,0.132562,,10.0,6.0,0.249426
Turkey,792000714,36.0,Urban,Medium,Male,Married,Middle,7.0,6.0,0.431421,Not trusted,6.0,5.0,0.535902
Turkey,792000715,18.0,Urban,Medium,Male,Married,Higher,4.0,7.0,0.499579,Not trusted,1.0,8.0,0.411272
Turkey,792000716,50.0,Urban,Medium,Male,Married,Lower,8.0,7.0,0.106129,Trusted,9.0,6.0,0.090246
Turkey,792000717,44.0,Urban,Medium,Female,Single,Middle,4.0,4.0,0.365109,Trusted,8.0,7.0,0.308579
Turkey,792000718,31.0,Urban,Medium,Female,Married,Lower,8.0,10.0,0.404663,Not trusted,7.0,6.0,0.183256
Turkey,792000719,45.0,Urban,Medium,Female,Married,Middle,5.0,6.0,,Not trusted,10.0,4.0,0.035256
Turkey,792000720,40.0,Urban,Medium,Male,Single,Lower,8.0,9.0,0.380589,Not trusted,10.0,9.0,0.031933
Turkey,792000721,40.0,Urban,Medium,Male,Married,Middle,5.0,2.0,0.392907,Not trusted,10.0,2.0,0.440105
Turkey,792000722,68.0,Urban,Medium,Female,Single,Lower,5.0,6.0,0.398370,Not trusted,10.0,3.0,0.048273
Turkey,792000723,55.0,Urban,Low,Female,Married,Lower,10.0,8.0,0.167443,Not trusted,10.0,7.0,0.156625
Turkey,792000724,25.0,Rural,High,Female,Single,Higher,9.0,7.0,0.546328,Not trusted,10.0,7.0,0.165671
Turkey,792000725,50.0,Urban,Medium,Male,Single,Lower,5.0,7.0,0.251564,Not trusted,9.0,1.0,0.062941
Turkey,792000726,45.0,Urban,Medium,Male,Single,Middle,8.0,8.0,0.629145,Not trusted,10.0,6.0,0.673880
Turkey,792000727,61.0,Urban,Medium,Female,Married,Lower,8.0,7.0,0.217297,,10.0,7.0,0.060351
Turkey,792000728,20.0,Urban,Medium,Male,Single,Higher,7.0,10.0,0.275368,Not trusted,9.0,6.0,0.317468
Turkey,792000729,27.0,Urban,High,Female,Married,Higher,7.0,10.0,0.255356,Trusted,10.0,8.0,0.145970
Turkey,792000730,18.0,Urban,Medium,Male,Married,Lower,5.0,6.0,0.315745,Not trusted,5.0,4.0,0.483893
Turkey,792000731,28.0,Urban,Medium,Female,Married,Lower,7.0,8.0,0.070364,Not trusted,10.0,4.0,0.000965
Turkey,792000732,32.0,Urban,Medium,Male,Married,Lower,2.0,2.0,0.662942,Not trusted,9.0,4.0,0.150606
Turkey,792000733,50.0,Urban,Medium,Male,Married,Lower,7.0,8.0,0.426116,Not trusted,10.0,4.0,0.201197
Turkey,792000734,80.0,Urban,Medium,Male,Married,Higher,9.0,8.0,0.391428,Not trusted,6.0,8.0,0.514844
Turkey,792000735,29.0,Urban,Medium,Female,Married,Higher,5.0,5.0,0.259434,Not trusted,5.0,4.0,0.506749
Turkey,792000736,25.0,Rural,Medium,Male,Married,Lower,8.0,10.0,0.465641,Not trusted,9.0,6.0,0.586301
Turkey,792000737,27.0,Urban,Medium,Male,Married,Higher,6.0,9.0,0.507233,Trusted,8.0,5.0,0.278929
Turkey,792000738,42.0,Urban,Medium,Female,Widowed,Lower,3.0,6.0,0.723121,Not trusted,9.0,5.0,0.483974
Turkey,792000739,55.0,Urban,Medium,Female,Married,Lower,5.0,6.0,0.415406,,10.0,6.0,0.404614
Turkey,792000740,55.0,Rural,Medium,Female,Married,Lower,6.0,7.0,0.139474,Trusted,10.0,6.0,0.312804
Turkey,792000741,28.0,Urban,Medium,Female,Widowed,Middle,7.0,5.0,0.615071,Not trusted,10.0,3.0,0.528399
Turkey,792000742,55.0,Urban,Medium,Female,Married,Lower,7.0,10.0,0.147314,Not trusted,9.0,7.0,0.120792
Turkey,792000743,32.0,Urban,Medium,Male,Single,Lower,8.0,4.0,0.405010,Not trusted,5.0,7.0,0.121613
Turkey,792000744,38.0,Rural,Low,Female,Divorced,Lower,4.0,5.0,0.405567,Not trusted,6.0,1.0,0.435286
Turkey,792000745,58.0,Rural,High,Male,Single,Middle,9.0,5.0,0.579146,Trusted,9.0,10.0,0.354732
Turkey,792000746,32.0,Urban,Medium,Female,Married,Lower,8.0,6.0,0.192201,Not trusted,10.0,6.0,0.044548
Turkey,792000747,29.0,Urban,Medium,Female,Married,Lower,4.0,10.0,0.216632,Not trusted,8.0,5.0,0.318298
Turkey,792000748,55.0,Urban,Medium,Male,Married,Lower,8.0,7.0,0.552377,Not trusted,8.0,9.0,0.250627
Turkey,792000749,35.0,Urban,Medium,Male,Single,Lower,6.0,6.0,0.264084,Trusted,10.0,6.0,0.290770
Turkey,792000750,35.0,Urban,Medium,Female,Married,Lower,6.0,4.0,0.254591,Not trusted,10.0,1.0,0.112191
Turkey,792000751,58.0,Urban,,Male,Married,Middle,7.0,5.0,0.098644,Not trusted,8.0,5.0,0.106202
Turkey,792000752,58.0,Rural,High,Male,Married,Middle,7.0,5.0,0.432488,Trusted,10.0,3.0,0.440367
Turkey,792000753,55.0,Rural,Low,Female,Married,Lower,7.0,6.0,0.231115,Not trusted,8.0,3.0,0.021082
Turkey,792000754,55.0,Urban,Medium,Male,Single,Lower,6.0,5.0,0.244504,Not trusted,4.0,5.0,0.256355
Turkey,792000755,48.0,Rural,Medium,Female,Single,Middle,9.0,10.0,0.417423,Not trusted,7.0,8.0,0.552611
Turkey,792000756,45.0,Urban,High,Male,Single,Lower,5.0,8.0,0.388405,Trusted,10.0,5.0,0.282729
Turkey,792000757,22.0,Urban,,Male,Married,Middle,8.0,8.0,0.166552,Not trusted,6.0,8.0,0.125626
Turkey,792000758,24.0,Urban,Medium,Male,Married,Lower,9.0,7.0,,Not trusted,9.0,6.0,0.039292
Turkey,792000759,55.0,Urban,Medium,Female,Married,Lower,9.0,9.0,0.211809,Not trusted,10.0,8.0,0.147148
Turkey,792000760,26.0,Urban,Medium,Male,Married,Lower,7.0,10.0,0.250845,Not trusted,6.0,8.0,0.274240
Turkey,792000761,36.0,Urban,Medium,Male,Married,Middle,5.0,7.0,0.275741,Not trusted,6.0,5.0,0.256289
Turkey,792000762,43.0,Urban,Low,Female,Married,Lower,4.0,8.0,0.196141,Not trusted,10.0,1.0,0.156183
Turkey,792000763,26.0,Urban,Medium,Female,Single,Lower,5.0,10.0,0.472250,Not trusted,10.0,3.0,
Turkey,792000764,55.0,Urban,,Male,Married,Middle,7.0,10.0,0.275416,Not trusted,8.0,8.0,0.047300
Turkey,792000765,19.0,Urban,Medium,Female,Single,Lower,7.0,9.0,0.282506,Not trusted,10.0,4.0,0.046822
Turkey,792000766,55.0,Urban,Medium,Female,Married,Lower,7.0,9.0,0.285381,Trusted,4.0,8.0,0.225744
Turkey,792000767,55.0,Urban,Medium,Male,Married,Lower,8.0,9.0,0.424207,,8.0,7.0,
Turkey,792000768,53.0,Rural,Low,Male,Married,Lower,5.0,4.0,0.222597,Not trusted,1.0,4.0,0.287903
Turkey,792000769,46.0,Urban,Medium,Male,Married,Lower,8.0,9.0,0.436074,Not trusted,10.0,7.0,0.188237
Turkey,792000770,45.0,Urban,Medium,Male,Married,Higher,6.0,8.0,0.578445,Not trusted,4.0,7.0,0.590877
Turkey,792000771,55.0,Rural,Low,Male,Married,Lower,8.0,5.0,0.256055,Not trusted,9.0,5.0,0.121827
Turkey,792000772,45.0,Urban,Low,Male,Married,Lower,7.0,9.0,0.415990,Not trusted,10.0,5.0,0.087151
Turkey,792000773,35.0,Urban,High,Male,Single,Middle,7.0,10.0,0.192356,Not trusted,6.0,8.0,0.255587
Turkey,792000774,56.0,Rural,Medium,Male,Married,Lower,7.0,7.0,0.142070,Trusted,10.0,6.0,0.169389
Turkey,792000775,51.0,Urban,Medium,Female,Married,Lower,7.0,8.0,0.203016,Trusted,10.0,7.0,0.354153
Turkey,792000776,37.0,Urban,Medium,Female,Single,Middle,5.0,7.0,0.376533,Not trusted,10.0,2.0,0.057549
Turkey,792000777,55.0,Rural,Medium,Male,Single,Lower,8.0,10.0,0.314028,Trusted,6.0,8.0,0.507236
Turkey,792000778,55.0,Urban,Medium,Male,Married,Lower,7.0,8.0,0.410661,Not trusted,6.0,,0.195486
Turkey,792000779,33.0,Urban,Medium,Female,Married,Middle,10.0,10.0,0.310639,Not trusted,9.0,8.0,0.403762
Turkey,792000780,39.0,Urban,Medium,Male,Married,Lower,5.0,6.0,0.521704,Not trusted,6.0,5.0,0.116226
Turkey,792000781,26.0,Urban,Medium,Female,Married,Lower,7.0,6.0,0.244133,Not trusted,10.0,7.0,0.000202
Turkey,792000782,47.0,Urban,Medium,Female,Married,Lower,6.0,,0.393206,Not trusted,6.0,5.0,0.372989
Turkey,792000783,47.0,Urban,Medium,Female,Married,Lower,7.0,9.0,0.525319,Not trusted,9.0,7.0,0.164907
Turkey,792000784,35.0,Rural,Medium,Male,Married,Higher,7.0,7.0,0.232978,Trusted,10.0,6.0,0.159014
Turkey,792000785,36.0,Urban,Medium,Female,Married,Middle,6.0,9.0,0.590275,Not trusted,8.0,5.0,0.306285
Turkey,792000786,62.0,Urban,Medium,Male,Married,Lower,7.0,5.0,0.216454,Not trusted,6.0,1.0,0.308142
Turkey,792000787,63.0,Rural,Medium,Female,Single,Lower,5.0,5.0,0.170142,Not trusted,10.0,3.0,0.248267
Turkey,792000788,56.0,Rural,High,Female,Married,Higher,6.0,10.0,0.357248,Not trusted,10.0,6.0,0.276180
Turkey,792000789,23.0,Urban,Medium,Male,Married,Higher,7.0,7.0,0.456083,Trusted,4.0,7.0,0.343007
Turkey,792000790,40.0,Rural,Medium,Female,Married,Lower,,1.0,0.302934,Trusted,9.0,3.0,0.190896
Turkey,792000791,22.0,Urban,Medium,Male,Single,Middle,4.0,8.0,0.377777,Not trusted,7.0,6.0,0.423490
Turkey,792000792,45.0,Urban,,Female,Married,Lower,8.0,7.0,0.343467,Not trusted,8.0,6.0,0.342968
Turkey,792000793,55.0,Rural,Medium,Female,Single,Lower,9.0,8.0,0.389022,Not trusted,10.0,8.0,0.084828
Turkey,792000794,48.0,Urban,High,Male,Married,Middle,9.0,8.0,0.468155,Not trusted,10.0,9.0,0.151248
Turkey,792000795,20.0,Urban,Medium,Male,Married,Lower,8.0,8.0,0.242260,Not trusted,10.0,8.0,0.139984
Turkey,792000796,22.0,Urban,Medium,Female,Married,,5.0,9.0,0.781476,Not trusted,10.0,6.0,0.255890
Turkey,792000797,28.0,Urban,,Female,Married,Lower,8.0,7.0,0.252067,Trusted,10.0,,0.438231
Turkey,792000798,57.0,Urban,Medium,Male,Single,Lower,6.0,7.0,,Not trusted,10.0,6.0,0.073852
Turkey,792000799,25.0,Rural,Medium,Male,Single,Lower,9.0,8.0,0.228131,Not trusted,9.0,8.0,0.233548
Turkey,792000800,55.0,Urban,Medium,Male,Married,Higher,8.0,6.0,0.719065,Not trusted,6.0,9.0,0.727939
Turkey,792000801,36.0,Urban,Medium,Male,Married,Lower,8.0,10.0,0.412291,Not trusted,10.0,6.0,0.339976
Turkey,792000802,35.0,Urban,Medium,Female,Married,Lower,7.0,6.0,0.538003,Not trusted,6.0,9.0,
Turkey,792000803,18.0,Urban,Medium,Female,Married,Lower,5.0,1.0,0.322767,Not trusted,6.0,1.0,0.303997
Turkey,792000804,33.0,Urban,High,Male,Married,Higher,9.0,8.0,0.700528,Not trusted,5.0,8.0,0.779688
Turkey,792000805,35.0,Urban,Medium,Female,Single,Lower,8.0,9.0,0.420920,Not trusted,7.0,5.0,0.314935
Turkey,792000806,24.0,Rural,Low,Male,Married,Lower,5.0,5.0,0.411050,Not trusted,6.0,5.0,0.177074
Turkey,792000807,39.0,Urban,Medium,Female,Married,Lower,8.0,6.0,0.306024,Not trusted,10.0,7.0,0.129626
Turkey,792000808,55.0,Urban,Medium,Female,Single,Lower,5.0,1.0,0.368048,Not trusted,10.0,6.0,0.460401
Turkey,792000809,27.0,Urban,Medium,Male,Single,Lower,8.0,5.0,0.387833,Not trusted,8.0,8.0,0.197898
Turkey,792000810,24.0,Urban,Medium,Male,Married,Middle,6.0,7.0,0.884882,Trusted,10.0,,0.445065
Turkey,792000811,18.0,Rural,Medium,Male,Single,Lower,3.0,3.0,0.166513,Not trusted,10.0,5.0,0.196781
Turkey,792000812,25.0,Rural,Low,Male,Married,Lower,3.0,3.0,0.302639,Not trusted,7.0,3.0,0.255218
Turkey,792000813,55.0,Urban,Low,Female,Married,Lower,6.0,5.0,0.428721,Not trusted,5.0,5.0,0.425201
Turkey,792000814,35.0,Rural,Medium,Female,Single,Middle,10.0,5.0,0.298733,Not trusted,10.0,5.0,0.219100
Turkey,792000815,28.0,Urban,Medium,Male,Married,Lower,5.0,8.0,0.321823,Not trusted,10.0,5.0,0.123648
Turkey,792000816,46.0,Urban,Medium,Male,Single,Lower,3.0,7.0,0.316688,Not trusted,5.0,5.0,0.183655
Turkey,792000817,36.0,Rural,,Male,Married,Higher,7.0,4.0,0.936218,Trusted,10.0,5.0,0.433081
Turkey,792000818,30.0,Urban,High,Male,Single,Middle,6.0,6.0,0.566851,Trusted,10.0,7.0,0.226277
Turkey,792000819,18.0,Urban,Medium,Female,Single,Middle,7.0,8.0,0.237915,Not trusted,10.0,7.0,0.261987
Turkey,792000820,48.0,Rural,Medium,Female,Married,Lower,7.0,7.0,0.486918,Not trusted,10.0,8.0,0.222079
Turkey,792000821,18.0,Urban,High,Female,Married,Higher,6.0,6.0,0.324941,Trusted,5.0,5.0,0.403626
Turkey,792000822,49.0,Urban,Medium,Female,Single,Lower,5.0,5.0,0.398481,Trusted,3.0,6.0,0.211188
Turkey,792000823,21.0,Urban,Medium,Male,Married,Higher,8.0,10.0,0.321451,Not trusted,10.0,6.0,0.215347
Turkey,792000824,37.0,Urban,Low,Male,Married,Lower,4.0,8.0,0.446492,Not trusted,5.0,7.0,0.213039
Turkey,792000825,42.0,Rural,Medium,Female,Married,Lower,9.0,7.0,0.156892,Not trusted,9.0,10.0,0.238725
Turkey,792000826,33.0,Urban,Medium,Male,Single,Lower,4.0,6.0,0.552853,Not trusted,7.0,4.0,0.440318
Turkey,792000827,30.0,Urban,High,Female,Married,Middle,7.0,3.0,0.323914,Trusted,6.0,6.0,0.445744
Turkey,792000828,22.0,Rural,Medium,Female,Married,Middle,7.0,5.0,0.434433,Trusted,10.0,5.0,0.440220
Turkey,792000829,34.0,Urban,High,Male,Married,Higher,1.0,3.0,0.607807,Not trusted,5.0,4.0,0.196198
Turkey,792000830,36.0,Rural,High,Male,Married,Higher,10.0,10.0,0.486996,Trusted,10.0,9.0,0.402916
Turkey,792000831,56.0,Urban,Medium,Female,Single,Lower,6.0,8.0,0.429075,Not trusted,10.0,4.0,0.163496
Turkey,792000832,25.0,Urban,High,Female,Single,Higher,7.0,9.0,0.524044,Trusted,10.0,6.0,0.212404
Turkey,792000833,20.0,Urban,Low,Female,Married,Higher,9.0,8.0,0.604426,Not trusted,7.0,7.0,0.296432
Turkey,792000834,35.0,Urban,Medium,Male,Married,Middle,8.0,10.0,0.409307,Not trusted,6.0,8.0,0.287579
Turkey,792000835,38.0,Urban,Medium,Male,Single,Higher,4.0,1.0,0.467145,Not trusted,8.0,6.0,0.499863
Turkey,792000836,22.0,Rural,Medium,Male,Married,Middle,8.0,10.0,0.480183,Not trusted,6.0,6.0,0.237104
Turkey,792000837,50.0,Rural,Medium,Male,Single,Lower,6.0,8.0,0.397414,,10.0,8.0,0.292886
Turkey,792000838,33.0,Urban,Medium,Male,Married,Lower,1.0,4.0,,Not trusted,4.0,5.0,0.419232
Turkey,792000839,39.0,Rural,Medium,Male,Married,Middle,9.0,8.0,0.149536,Trusted,10.0,6.0,0.015993
Turkey,792000840,45.0,Rural,Medium,Male,Single,Higher,6.0,5.0,0.493845,Not trusted,9.0,7.0,0.339201
Turkey,792000841,42.0,Urban,Medium,Male,Single,Higher,7.0,10.0,0.117318,Trusted,7.0,6.0,0.174151
Turkey,792000842,36.0,Urban,Medium,Male,Married,Lower,7.0,6.0,0.387916,Not trusted,10.0,6.0,0.178272
Turkey,792000843,44.0,Urban,Medium,Male,Married,Lower,5.0,8.0,0.359879,Trusted,7.0,3.0,0.217408
Turkey,792000844,27.0,Urban,,Female,Single,Lower,8.0,7.0,0.338116,Not trusted,10.0,7.0,0.304998
Turkey,792000845,26.0,Urban,High,Female,Single,Middle,5.0,7.0,0.272583,Trusted,10.0,4.0,0.187057
Turkey,792000846,20.0,Urban,Medium,Female,Single,Lower,6.0,5.0,0.463993,Not trusted,8.0,4.0,0.615397
Turkey,792000847,27.0,Rural,Low,Male,Married,Lower,3.0,7.0,0.323436,Not trusted,10.0,1.0,0.117594
Turkey,792000848,36.0,Urban,High,Male,Single,Lower,6.0,8.0,0.284460,Not trusted,6.0,10.0,0.115962
Turkey,792000849,34.0,Rural,Medium,Female,Married,Higher,4.0,10.0,0.522883,Not trusted,6.0,7.0,0.287309
Turkey,792000850,55.0,Urban,Medium,Male,Married,Lower,5.0,4.0,0.449644,Not trusted,10.0,1.0,0.424293
Turkey,792000851,69.0,Urban,Medium,Female,Married,Middle,6.0,3.0,0.337910,Not trusted,6.0,5.0,0.391623
Turkey,792000852,37.0,Urban,Medium,Female,Single,Middle,8.0,7.0,0.375757,Not trusted,10.0,6.0,0.335220
Turkey,792000853,35.0,Rural,,Male,Married,Lower,5.0,1.0,0.232332,Not trusted,9.0,7.0,0.152895
Turkey,792000854,25.0,Urban,Low,Female,Married,Lower,8.0,10.0,0.423692,Not trusted,10.0,7.0,0.240497
Turkey,792000855,34.0,Rural,Low,Female,Married,Lower,6.0,6.0,0.634108,Not trusted,10.0,4.0,0.277824
Turkey,792000856,23.0,Urban,Medium,Male,Married,Middle,7.0,8.0,0.378025,Not trusted,10.0,5.0,0.289908
Turkey,792000857,33.0,Urban,Medium,Male,Single,Higher,7.0,1.0,0.371694,Trusted,10.0,7.0,0.057593
Turkey,792000858,27.0,Rural,Medium,Male,Married,Middle,9.0,8.0,0.414127,Not trusted,6.0,4.0,0.357493
Turkey,792000859,41.0,Urban,,Male,Single,Lower,7.0,7.0,0.370006,Not trusted,3.0,6.0,0.375587
Turkey,792000860,56.0,Urban,Low,Male,Married,Middle,6.0,6.0,0.309880,Not trusted,10.0,3.0,0.227096
Turkey,792000861,34.0,Urban,Medium,Female,Single,Higher,7.0,8.0,0.536910,Not trusted,10.0,1.0,0.130948
Turkey,792000862,32.0,Urban,Medium,Male,Married,Middle,7.0,7.0,0.218776,Not trusted,10.0,7.0,0.407586
Turkey,792000863,26.0,Urban,Medium,Male,Married,Middle,9.0,10.0,0.366311,Not trusted,10.0,8.0,0.098819
Turkey,792000864,23.0,Urban,Medium,Male,Married,Higher,8.0,6.0,0.194704,Trusted,6.0,8.0,0.135160
Turkey,792000865,57.0,Urban,Medium,Male,Married,Middle,7.0,7.0,0.127814,Not trusted,9.0,6.0,0.051204
Turkey,792000866,24.0,Urban,Medium,Female,Married,Higher,7.0,8.0,0.229086,Not trusted,10.0,6.0,0.086757
Turkey,792000867,67.0,Urban,Low,Female,Married,Lower,8.0,7.0,0.429398,Not trusted,6.0,7.0,0.423800
Turkey,792000868,55.0,Urban,High,Female,Married,Middle,9.0,8.0,0.457781,Not trusted,10.0,8.0,0.075284
Turkey,792000869,24.0,Urban,Medium,Male,Married,Lower,8.0,9.0,0.359976,Not trusted,10.0,9.0,0.180894
Turkey,792000870,46.0,Urban,Medium,Female,Married,Middle,7.0,7.0,0.489156,Trusted,5.0,7.0,0.230902
Turkey,792000871,57.0,Rural,Medium,Male,Married,Lower,7.0,10.0,0.389439,Not trusted,10.0,8.0,0.110680
Turkey,792000872,36.0,Rural,Medium,Male,Married,Lower,6.0,8.0,0.413303,Not trusted,9.0,6.0,0.158379
Turkey,792000873,34.0,Rural,Medium,Female,Married,Middle,7.0,7.0,0.323492,Trusted,10.0,7.0,0.115343
Turkey,792000874,32.0,Urban,Medium,Male,Married,Middle,3.0,1.0,0.313878,Not trusted,7.0,7.0,0.128679
Turkey,792000875,27.0,Urban,High,Female,Divorced,Higher,9.0,10.0,0.285462,Not trusted,10.0,5.0,0.135378
Turkey,792000876,55.0,Rural,Medium,Female,Married,Middle,6.0,5.0,0.554870,Not trusted,9.0,6.0,0.577517
Turkey,792000877,55.0,Urban,Low,Female,Single,Lower,7.0,7.0,0.241064,Not trusted,10.0,6.0,0.291818
Turkey,792000878,34.0,Urban,High,Male,Single,Lower,8.0,10.0,0.164014,Not trusted,10.0,8.0,0.090413
Turkey,792000879,27.0,Urban,Medium,Female,Married,Higher,5.0,4.0,0.431304,Trusted,8.0,7.0,0.225557
Turkey,792000880,19.0,Urban,Medium,Male,Single,Middle,6.0,4.0,0.181990,Not trusted,10.0,7.0,0.294275
Turkey,792000881,26.0,Urban,Low,Male,Married,Lower,7.0,8.0,0.122089,Not trusted,10.0,7.0,0.199058
Turkey,792000882,40.0,Urban,Medium,Female,Single,Lower,8.0,8.0,0.367105,Not trusted,10.0,7.0,0.256917
Turkey,792000883,45.0,Urban,High,Female,Married,Middle,6.0,8.0,0.191746,Not trusted,10.0,7.0,0.034930
Turkey,792000884,34.0,Urban,Medium,Female,Married,Lower,8.0,8.0,,Not trusted,5.0,8.0,0.383342
Turkey,792000885,27.0,Urban,Medium,Female,Married,Middle,7.0,8.0,0.255535,Not trusted,10.0,6.0,0.272811
Turkey,792000886,59.0,Urban,Medium,Female,Married,Lower,1.0,4.0,0.251902,Not trusted,8.0,1.0,0.056034
Turkey,792000887,44.0,Rural,Medium,Male,Married,Lower,3.0,6.0,0.583484,Not trusted,5.0,5.0,0.231624
Turkey,792000888,55.0,Urban,Medium,Male,Married,Lower,6.0,7.0,0.276243,Not trusted,6.0,7.0,0.186251
Turkey,792000889,19.0,Urban,Medium,Female,Married,Higher,6.0,10.0,0.441788,Not trusted,8.0,6.0,0.239200
Turkey,792000890,35.0,Urban,Medium,Female,Single,Lower,5.0,4.0,0.702474,Not trusted,8.0,4.0,0.553747
Turkey,792000891,36.0,Urban,Medium,Male,Married,Lower,7.0,6.0,0.227911,Not trusted,5.0,7.0,0.371216
Turkey,792000892,25.0,Urban,Medium,Male,Married,Lower,7.0,7.0,0.390691,Trusted,7.0,3.0,0.417686
Turkey,792000893,58.0,Rural,Medium,Male,Divorced,Lower,6.0,5.0,0.407698,Not trusted,7.0,4.0,0.333110
Turkey,792000894,34.0,Urban,Medium,Female,Single,Lower,5.0,7.0,0.378723,Not trusted,10.0,6.0,0.119848
Turkey,792000895,56.0,Urban,High,Male,Single,Middle,8.0,6.0,0.308247,Not trusted,10.0,8.0,0.316857
Turkey,792000896,43.0,Urban,Low,Female,Married,Lower,5.0,5.0,0.501677,Not trusted,6.0,6.0,0.318713
Turkey,792000897,45.0,Urban,Medium,Male,Single,Lower,6.0,8.0,0.165893,Not trusted,10.0,7.0,0.343753
Turkey,792000898,33.0,Urban,High,Male,Single,Lower,9.0,10.0,,Not trusted,10.0,9.0,0.138280
Turkey,792000899,34.0,Urban,High,Female,Married,Middle,8.0,8.0,0.608414,Not trusted,7.0,9.0,0.316621
Turkey,792000900,57.0,Urban,Medium,Male,Married,Lower,3.0,5.0,0.418656,Trusted,10.0,3.0,0.355968
Turkey,792000901,54.0,Urban,Medium,Male,Married,Middle,3.0,5.0,0.259986,Not trusted,10.0,5.0,0.367735
Turkey,792000902,45.0,Urban,Low,Male,Divorced,Lower,6.0,6.0,0.189957,Not trusted,,5.0,0.301615
Turkey,792000903,41.0,Rural,High,Female,Single,Lower,9.0,8.0,0.442626,Not trusted,10.0,8.0,0.133844
Turkey,792000904,37.0,Rural,Medium,Male,Single,Middle,4.0,6.0,0.417587,Not trusted,10.0,6.0,0.232098
Turkey,792000905,42.0,Rural,Medium,Female,Married,Middle,3.0,5.0,0.200738,Trusted,10.0,4.0,0.356923
Turkey,792000906,45.0,Urban,Low,Male,Divorced,Lower,5.0,1.0,0.238788,Not trusted,7.0,1.0,0.397531
Turkey,792000907,36.0,Rural,Medium,Female,Single,Middle,5.0,7.0,0.336825,Not trusted,10.0,7.0,0.311087
Turkey,792000908,55.0,Urban,Medium,Male,Single,Lower,8.0,10.0,0.498083,Not trusted,6.0,6.0,0.120027
Turkey,792000909,36.0,Urban,High,Female,Widowed,Middle,8.0,10.0,0.309543,Trusted,10.0,7.0,0.058500
Turkey,792000910,50.0,Urban,Medium,Female,Married,Lower,8.0,10.0,0.325597,Not trusted,6.0,7.0,0.187966
Turkey,792000911,34.0,Rural,Medium,Male,Living together as married,Higher,9.0,7.0,0.285115,Trusted,10.0,9.0,0.218755
Turkey,792000912,59.0,Urban,Medium,Male,Married,Middle,6.0,7.0,0.487632,Trusted,10.0,6.0,0.507529
Turkey,792000913,19.0,Urban,,Female,Married,Middle,6.0,8.0,0.384230,Not trusted,6.0,7.0,0.459722
Turkey,792000914,55.0,Urban,High,Female,Single,Middle,8.0,5.0,0.271028,Not trusted,10.0,6.0,0.266225
Turkey,792000915,37.0,Urban,Medium,Female,Single,Lower,6.0,6.0,,Not trusted,,5.0,0.217171
Turkey,792000916,50.0,Urban,Medium,Male,Married,Middle,8.0,7.0,0.273017,Not trusted,10.0,8.0,0.349104
Turkey,792000917,30.0,Urban,Medium,Female,Divorced,Middle,8.0,,0.329288,Not trusted,6.0,8.0,0.307125
Turkey,792000918,24.0,Urban,Medium,Female,Single,Middle,5.0,8.0,0.339029,Trusted,8.0,4.0,0.188144
Turkey,792000919,36.0,Urban,Medium,Female,Married,Lower,7.0,7.0,0.318754,Not trusted,9.0,6.0,0.471945
Turkey,792000920,25.0,Urban,Low,Female,Married,Lower,7.0,5.0,0.151854,Not trusted,10.0,1.0,0.062064
Turkey,792000921,57.0,Urban,Medium,Female,Married,Lower,6.0,4.0,0.151306,Not trusted,5.0,6.0,0.399095
Turkey,792000922,22.0,Rural,Medium,Female,Married,Higher,7.0,6.0,0.536530,Not trusted,8.0,5.0,0.231798
Turkey,792000923,44.0,Rural,Medium,Male,Single,Middle,4.0,1.0,0.408698,Not trusted,5.0,1.0,0.380162
Turkey,792000924,36.0,Urban,Medium,Female,Married,Middle,7.0,9.0,0.187111,Not trusted,6.0,6.0,0.131755
Turkey,792000925,55.0,Rural,Medium,Female,Married,Lower,4.0,5.0,0.255732,Not trusted,6.0,7.0,0.071780
Turkey,792000926,26.0,Urban,High,Female,Married,Middle,5.0,7.0,0.335121,Not trusted,6.0,10.0,0.273828
Turkey,792000927,20.0,Urban,High,Female,Married,Higher,6.0,5.0,0.514791,Not trusted,3.0,9.0,0.386243
Turkey,792000928,56.0,Rural,Medium,Male,Single,Lower,8.0,7.0,0.115872,Not trusted,10.0,7.0,0.052986
Turkey,792000929,55.0,Urban,Medium,Male,Married,Lower,8.0,8.0,0.088304,Not trusted,10.0,6.0,0.170790
Turkey,792000930,28.0,Urban,Medium,Female,Married,Lower,7.0,10.0,0.193027,Not trusted,8.0,7.0,0.084830
Turkey,792000931,45.0,Urban,Medium,Female,Married,Middle,4.0,8.0,,Trusted,10.0,6.0,0.513826
Turkey,792000932,60.0,Urban,,Male,Widowed,Lower,6.0,6.0,0.157173,Not trusted,6.0,5.0,0.062700
Turkey,792000933,32.0,Rural,Medium,Male,Married,Lower,3.0,1.0,0.426632,Not trusted,10.0,4.0,0.392083
Turkey,792000934,56.0,Rural,Medium,Male,Married,Lower,8.0,8.0,0.271396,Not trusted,10.0,7.0,0.221389
Turkey,792000935,25.0,Urban,Medium,Female,Married,Higher,8.0,7.0,0.343371,Not trusted,10.0,7.0,0.165460
Turkey,792000936,45.0,Rural,Medium,Male,Married,Lower,7.0,2.0,0.408626,Not trusted,10.0,5.0,0.311909
Turkey,792000937,56.0,Urban,High,Male,Married,Middle,7.0,9.0,0.180538,Not trusted,10.0,8.0,0.110891
Turkey,792000938,22.0,Urban,Medium,Male,Married,Lower,7.0,6.0,0.202839,Not trusted,10.0,5.0,0.146799
Turkey,792000939,37.0,Rural,Low,Male,Single,Lower,4.0,4.0,0.380254,Not trusted,10.0,5.0,0.346261
Turkey,792000940,36.0,Rural,High,Female,Married,Middle,7.0,8.0,0.452611,Trusted,8.0,7.0,0.420133
Turkey,792000941,52.0,Urban,Medium,Male,Married,Lower,6.0,8.0,0.588942,Not trusted,6.0,5.0,0.595711
Turkey,792000942,36.0,Urban,Medium,Male,Single,Lower,5.0,4.0,0.237028,Trusted,10.0,5.0,0.163158
Turkey,792000943,44.0,Urban,Medium,Male,Married,Middle,7.0,8.0,0.341098,Not trusted,7.0,3.0,0.605790
Turkey,792000944,55.0,Urban,Medium,Female,Married,Lower,5.0,9.0,0.182819,Not trusted,10.0,6.0,0.133084
Turkey,792000945,20.0,Rural,Medium,Female,Married,Lower,7.0,10.0,0.178401,Not trusted,8.0,6.0,0.246710
Turkey,792000946,35.0,Urban,Medium,Male,Married,Lower,7.0,8.0,0.238342,Not trusted,10.0,8.0,0.153644
Turkey,792000947,45.0,Urban,Medium,Male,Married,Lower,7.0,8.0,0.186465,Trusted,5.0,6.0,0.230761
Turkey,792000948,45.0,Urban,High,Female,Single,Lower,6.0,2.0,0.350716,Not trusted,10.0,6.0,0.352386
Turkey,792000949,47.0,Urban,Medium,Female,Married,Lower,7.0,4.0,0.487970,Not trusted,10.0,5.0,0.334742
Turkey,792000950,42.0,Urban,Medium,Female,Single,Lower,7.0,5.0,,Not trusted,10.0,6.0,0.383459
Turkey,792000951,35.0,Urban,High,Female,Married,Middle,5.0,10.0,0.538044,Not trusted,10.0,6.0,0.437451
Turkey,792000952,18.0,Urban,Medium,Female,Married,Higher,6.0,7.0,0.229069,Trusted,10.0,5.0,0.083546
Turkey,792000953,55.0,Rural,High,Female,Single,Higher,10.0,7.0,0.232193,Not trusted,10.0,8.0,0.103051
Turkey,792000954,55.0,Urban,Medium,Male,Married,Lower,6.0,8.0,0.269226,Not trusted,10.0,4.0,0.158153
Turkey,792000955,45.0,Urban,Medium,Female,Single,Middle,5.0,9.0,0.338769,Not trusted,10.0,4.0,0.026335
Turkey,792000956,45.0,Urban,Medium,Male,Married,Middle,6.0,6.0,0.691797,Not trusted,9.0,5.0,0.320325
Turkey,792000957,34.0,Urban,Medium,Female,Married,Middle,8.0,8.0,0.357538,,10.0,9.0,0.129743
Turkey,792000958,34.0,Urban,Medium,Female,Married,Lower,1.0,5.0,0.260608,Not trusted,10.0,1.0,0.181521
Turkey,792000959,56.0,Urban,Low,Female,Married,Lower,6.0,8.0,0.125272,Not trusted,10.0,1.0,0.202651
Turkey,792000960,55.0,Urban,Medium,Female,Married,Middle,8.0,8.0,0.264880,Not trusted,10.0,7.0,0.135359
Turkey,792000961,19.0,Urban,High,Female,Single,Higher,7.0,9.0,0.637867,Not trusted,9.0,5.0,0.464672
Turkey,792000962,40.0,Rural,Medium,Male,Married,Lower,3.0,5.0,0.440219,Not trusted,5.0,7.0,0.320926
Turkey,792000963,45.0,Urban,Medium,Female,Single,Lower,8.0,5.0,0.217939,Not trusted,10.0,4.0,0.365597
Turkey,792000964,62.0,Urban,Medium,Male,Divorced,Lower,5.0,6.0,0.175202,Not trusted,10.0,4.0,0.095223
Turkey,792000965,20.0,Urban,Medium,Female,Single,Middle,7.0,7.0,0.324639,Not trusted,9.0,7.0,0.262731
Turkey,792000966,55.0,Urban,Medium,Male,Divorced,Lower,9.0,9.0,0.498435,Not trusted,5.0,10.0,0.427387
Turkey,792000967,36.0,Rural,Medium,Female,Married,Lower,7.0,6.0,0.547038,Not trusted,,5.0,0.440338
Turkey,792000968,41.0,Urban,Medium,Male,Married,Lower,4.0,7.0,0.609459,Not trusted,10.0,5.0,0.318238
Turkey,792000969,33.0,Rural,Low,Female,Married,Middle,5.0,4.0,0.517022,Not trusted,1.0,5.0,0.507538
Turkey,792000970,46.0,Rural,Medium,Female,Married,Higher,6.0,6.0,0.279155,Not trusted,10.0,7.0,0.036460
Turkey,792000971,35.0,Urban,Medium,Male,Married,Middle,7.0,8.0,0.227447,Trusted,10.0,4.0,0.057348
Turkey,792000972,25.0,Urban,Medium,Female,Married,Lower,6.0,8.0,0.336012,Not trusted,6.0,7.0,0.198409
Turkey,792000973,34.0,Urban,Medium,Female,Single,Middle,7.0,5.0,,Not trusted,5.0,6.0,
Turkey,792000974,23.0,Urban,Medium,Male,Married,Higher,5.0,9.0,0.393437,Trusted,,7.0,0.363328
Turkey,792000975,26.0,Urban,Low,Male,Married,Lower,6.0,8.0,0.400597,Not trusted,5.0,5.0,0.531656
Turkey,792000976,31.0,Rural,Medium,Female,Widowed,Lower,7.0,6.0,0.505666,Not trusted,7.0,7.0,0.258720
Turkey,792000977,22.0,Urban,Medium,Male,Married,Lower,7.0,7.0,0.326524,Not trusted,9.0,7.0,0.037419
Turkey,792000978,18.0,Urban,Medium,Female,Married,Lower,7.0,7.0,0.607833,Not trusted,8.0,7.0,0.451170
Turkey,792000979,32.0,Urban,Medium,Female,Married,Lower,8.0,5.0,0.376739,Not trusted,10.0,4.0,0.108648
Turkey,792000980,55.0,Urban,Medium,Male,Divorced,Lower,5.0,5.0,0.534122,Not trusted,9.0,5.0,0.196727
Turkey,792000981,55.0,Urban,Medium,Female,Married,Higher,5.0,,0.219716,Not trusted,10.0,1.0,0.114345
Turkey,792000982,30.0,Urban,Medium,Male,Single,Lower,8.0,7.0,0.350611,Not trusted,9.0,5.0,0.417588
Turkey,792000983,44.0,Urban,Medium,Male,Single,Lower,6.0,6.0,0.163002,Not trusted,7.0,7.0,0.103138
Turkey,792000984,25.0,Urban,Medium,Female,Married,Lower,6.0,10.0,0.492732,Not trusted,10.0,4.0,0.115885
Turkey,792000985,24.0,Urban,High,Female,Married,Middle,5.0,6.0,0.319724,Not trusted,10.0,4.0,0.386475
Turkey,792000986,28.0,Urban,Medium,Female,Single,Middle,5.0,5.0,0.467966,Not trusted,6.0,6.0,0.645526
Turkey,792000987,48.0,Urban,Medium,Male,Single,Middle,5.0,6.0,0.383561,Not trusted,9.0,6.0,0.235095
Turkey,792000988,38.0,Urban,Low,Male,Married,Lower,8.0,8.0,0.318760,Trusted,6.0,5.0,0.534731
Turkey,792000989,38.0,Urban,Medium,Male,Single,Lower,7.0,8.0,0.182207,Not trusted,9.0,7.0,0.075927
Turkey,792000990,55.0,Urban,Medium,Female,Married,Lower,7.0,7.0,0.235715,Not trusted,9.0,8.0,0.350772
Turkey,792000991,55.0,Urban,Medium,Female,Married,Lower,7.0,8.0,0.151775,Not trusted,10.0,7.0,0.222186
Turkey,792000992,42.0,Urban,Medium,Male,Married,Lower,8.0,,0.364801,Trusted,9.0,7.0,0.262598
Turkey,792000993,25.0,Rural,Medium,Female,Married,Lower,8.0,8.0,0.252897,Not trusted,,8.0,0.255383
Turkey,792000994,27.0,Urban,Medium,Male,Single,Middle,5.0,6.0,0.380575,Not trusted,10.0,2.0,0.040681
Turkey,792000995,30.0,Rural,High,Female,Married,Higher,10.0,8.0,0.185795,Not trusted,10.0,8.0,0.325109
Turkey,792000996,55.0,Urban,Medium,Female,Married,Lower,5.0,7.0,0.448032,Not trusted,5.0,7.0,0.465824
Turkey,792000997,24.0,Urban,Medium,Male,Married,Middle,6.0,9.0,0.440468,Not trusted,8.0,6.0,0.199578
Turkey,792000998,25.0,Urban,Medium,Male,Married,Higher,8.0,10.0,0.266976,Trusted,8.0,6.0,0.057644
Turkey,792000999,32.0,Rural,Medium,Male,Single,Middle,7.0,5.0,0.297900,Not trusted,3.0,5.0,0.202855
Turkey,792001000,56.0,Urban,Medium,Male,Single,Middle,4.0,8.0,0.561855,Not trusted,5.0,6.0,0.545139
Turkey,792001001,28.0,Urban,Medium,Female,Married,Lower,7.0,9.0,0.244158,Not trusted,7.0,5.0,0.352189
Turkey,792001002,55.0,Rural,Medium,Male,Married,Lower,6.0,8.0,0.352693,Not trusted,10.0,5.0,0.504510
Turkey,792001003,56.0,Urban,Medium,Female,Single,Higher,7.0,8.0,0.607573,Not trusted,8.0,4.0,0.366594
Turkey,792001004,55.0,Urban,Medium,Female,Married,Middle,6.0,2.0,0.287844,Not trusted,8.0,7.0,0.577600
Turkey,792001005,40.0,Urban,Medium,Female,Married,Lower,7.0,5.0,0.354982,Not trusted,9.0,7.0,0.294465
Turkey,792001006,20.0,Urban,Medium,Male,Married,Lower,5.0,,0.449544,Not trusted,3.0,7.0,0.218454
Turkey,792001007,40.0,Urban,Medium,Male,Married,Middle,10.0,6.0,0.326789,Not trusted,10.0,8.0,0.151750
Turkey,792001008,32.0,Urban,Low,Female,Married,Middle,7.0,8.0,0.294339,Not trusted,6.0,7.0,0.147055
Turkey,792001009,59.0,Urban,Low,Female,Married,Lower,8.0,8.0,0.294259,Not trusted,5.0,8.0,0.518399
Turkey,792001010,32.0,Urban,Low,Female,Single,Lower,4.0,5.0,0.565136,Not trusted,7.0,4.0,0.287293
Turkey,792001011,56.0,Urban,Medium,Female,Single,Lower,5.0,5.0,0.248170,Not trusted,9.0,5.0,0.453353
Turkey,792001012,27.0,Urban,High,Female,Single,Middle,8.0,7.0,0.369404,Trusted,10.0,6.0,0.121031
Turkey,792001013,69.0,Urban,Medium,Female,Married,Lower,3.0,5.0,0.361667,Not trusted,1.0,5.0,0.282715
Turkey,792001014,45.0,Urban,Low,Male,Single,Lower,5.0,4.0,,Not trusted,2.0,7.0,0.151131
Turkey,792001015,35.0,Rural,Medium,Female,Single,Lower,5.0,7.0,0.523376,Not trusted,7.0,3.0,0.314957
Turkey,792001016,38.0,Urban,Medium,Female,Married,Lower,3.0,5.0,0.496545,Not trusted,5.0,5.0,0.587525
Turkey,792001017,22.0,Urban,Medium,Male,Married,Middle,7.0,1.0,0.423536,Trusted,8.0,4.0,0.228116
Turkey,792001018,58.0,Urban,Medium,Male,Married,Middle,8.0,6.0,0.350475,Not trusted,10.0,8.0,0.355588
Turkey,792001019,22.0,Urban,Medium,Male,Married,Higher,8.0,6.0,0.892377,Not trusted,4.0,7.0,0.804958
Turkey,792001020,26.0,Urban,Medium,Female,Married,Higher,7.0,6.0,0.454300,Not trusted,10.0,7.0,0.287262
Turkey,792001021,44.0,Urban,Medium,Male,Married,Middle,7.0,7.0,0.541802,Trusted,5.0,7.0,0.327524
Turkey,792001022,34.0,Rural,Medium,Female,Single,Middle,7.0,3.0,0.235041,Not trusted,1.0,8.0,0.444992
Turkey,792001023,55.0,Rural,Medium,Female,Single,Lower,7.0,9.0,0.444006,Not trusted,9.0,5.0,0.184229
Turkey,792001024,55.0,Rural,Low,Male,Married,Lower,4.0,1.0,0.352076,Not trusted,6.0,1.0,0.467131
Turkey,792001025,58.0,Urban,Medium,Female,Single,Lower,7.0,10.0,0.255256,Not trusted,10.0,7.0,0.144382
Turkey,792001026,30.0,Urban,Medium,Female,Married,Higher,6.0,7.0,0.209986,Trusted,10.0,5.0,0.186263
Turkey,792001027,38.0,Urban,Medium,Male,Married,Middle,7.0,8.0,0.453421,Not trusted,9.0,7.0,0.363611
Turkey,792001028,34.0,Urban,,Female,Married,Higher,8.0,6.0,0.452241,Not trusted,10.0,7.0,0.449671
Turkey,792001029,45.0,Rural,Medium,Female,Married,Middle,7.0,7.0,0.423002,Not trusted,9.0,5.0,0.153554
Turkey,792001030,25.0,Urban,Low,Female,Married,Lower,6.0,6.0,0.284237,Not trusted,10.0,6.0,0.220501
Turkey,792001031,60.0,Urban,Low,Female,Single,Middle,4.0,6.0,0.227698,Not trusted,10.0,4.0,0.278931
Turkey,792001032,39.0,Urban,Medium,Female,Married,Lower,8.0,6.0,0.444212,Not trusted,4.0,8.0,0.668618
Turkey,792001033,43.0,Urban,Medium,Female,Single,Higher,7.0,7.0,0.211691,Not trusted,10.0,7.0,0.288329
Turkey,792001034,27.0,Urban,Medium,Female,Married,Higher,6.0,7.0,0.394204,Not trusted,10.0,4.0,0.069088
Turkey,792001035,32.0,Urban,Low,Male,Married,Lower,4.0,7.0,0.239246,Not trusted,10.0,5.0,0.135608
Turkey,792001036,40.0,Urban,Low,Male,Married,Lower,4.0,7.0,0.832902,Not trusted,1.0,5.0,0.615979
Turkey,792001037,38.0,Urban,Medium,Female,Married,Lower,4.0,3.0,,Not trusted,8.0,1.0,0.575052
Turkey,792001038,27.0,Urban,Medium,Female,Married,Middle,5.0,7.0,0.458990,Not trusted,10.0,5.0,0.231737
Turkey,792001039,68.0,Urban,Medium,Male,Married,Lower,7.0,6.0,0.301905,Not trusted,8.0,9.0,0.343474
Turkey,792001040,18.0,Rural,High,Female,Married,Higher,7.0,8.0,0.303739,Not trusted,10.0,6.0,0.000000
Turkey,792001041,36.0,Urban,Medium,Female,Married,Higher,7.0,6.0,0.510850,Not trusted,6.0,8.0,0.415095
Turkey,792001042,37.0,Rural,Medium,Female,Married,Lower,6.0,6.0,0.335840,Not trusted,10.0,7.0,0.239022
Turkey,792001043,55.0,Rural,Medium,Male,Divorced,Lower,7.0,5.0,0.433007,Not trusted,7.0,8.0,0.148323
Turkey,792001044,32.0,Rural,Medium,Male,Married,Middle,7.0,8.0,0.418644,Not trusted,8.0,9.0,0.174798
Turkey,792001045,34.0,Rural,Medium,Female,Married,Lower,5.0,7.0,0.366682,Not trusted,5.0,5.0,0.339211
Turkey,792001046,45.0,Urban,Medium,Male,Married,Middle,8.0,5.0,0.246713,Not trusted,10.0,5.0,0.292916
Turkey,792001047,24.0,Urban,Medium,Male,Single,Lower,5.0,5.0,0.273320,Not trusted,10.0,6.0,
Turkey,792001048,46.0,Urban,Medium,Female,Single,Lower,5.0,7.0,0.190809,Not trusted,10.0,7.0,0.166825
Turkey,792001049,55.0,Urban,Medium,Female,Married,Lower,7.0,8.0,0.298222,Not trusted,10.0,5.0,0.100351
Turkey,792001050,25.0,Urban,Medium,Female,Married,Lower,5.0,5.0,0.311918,Not trusted,8.0,7.0,0.273585
Turkey,792001051,56.0,Rural,Medium,Male,Married,Middle,7.0,7.0,0.474929,Not trusted,4.0,8.0,0.212338
Turkey,792001052,25.0,Urban,Medium,Male,Married,Lower,4.0,6.0,0.552440,Not trusted,10.0,1.0,0.600839
Turkey,792001053,33.0,Urban,Medium,Female,Married,Lower,7.0,7.0,0.311203,Not trusted,6.0,8.0,0.302217
Turkey,792001054,56.0,Rural,Medium,Male,Married,Lower,8.0,4.0,0.165201,Not trusted,6.0,3.0,0.521939
Turkey,792001055,22.0,Urban,Medium,Female,Married,Middle,1.0,4.0,0.487903,Not trusted,10.0,3.0,0.452656
Turkey,792001056,27.0,Rural,Low,Female,Married,Lower,3.0,7.0,0.175644,Not trusted,8.0,4.0,0.418586
Turkey,792001057,32.0,Urban,Medium,Female,Married,Middle,7.0,10.0,0.191962,Trusted,10.0,6.0,0.336381
Turkey,792001058,20.0,Urban,,Female,Single,Lower,7.0,5.0,0.385781,Not trusted,6.0,7.0,0.261461
Turkey,792001059,24.0,Urban,High,Female,Married,Higher,4.0,5.0,0.225706,Trusted,10.0,6.0,0.179481
Turkey,792001060,35.0,Rural,Medium,Female,Married,Lower,8.0,8.0,0.390933,Not trusted,10.0,7.0,0.281259
Turkey,792001061,55.0,Urban,Medium,Male,Single,Lower,4.0,6.0,0.162043,Not trusted,9.0,6.0,0.112280
Turkey,792001062,35.0,Urban,Medium,Female,Married,Higher,6.0,7.0,0.445300,Not trusted,9.0,8.0,0.070259
Turkey,792001063,33.0,Rural,Medium,Female,Married,Middle,9.0,10.0,0.291593,Trusted,9.0,9.0,0.497530
Turkey,792001064,55.0,Urban,Medium,Male,Married,Lower,4.0,6.0,0.236983,Not trusted,6.0,4.0,0.268833
Turkey,792001065,44.0,Rural,Medium,Male,Single,Middle,6.0,5.0,0.384957,Trusted,10.0,5.0,0.080217
Turkey,792001066,35.0,Urban,Medium,Male,Married,Lower,4.0,4.0,0.600907,Trusted,5.0,6.0,0.294932
Turkey,792001067,56.0,Urban,Medium,Female,Married,Middle,3.0,7.0,0.396236,Not trusted,10.0,5.0,0.175402
Turkey,792001068,55.0,Urban,Medium,Male,Single,Lower,5.0,3.0,0.270537,Not trusted,9.0,4.0,0.385367
Turkey,792001069,26.0,Rural,Medium,Female,Married,Lower,8.0,5.0,0.228709,Not trusted,8.0,8.0,0.158286
Turkey,792001070,30.0,Rural,Medium,Female,Married,Higher,7.0,8.0,0.232331,Trusted,10.0,7.0,0.000000
Turkey,792001071,30.0,Urban,,Male,Single,Lower,9.0,9.0,0.216032,Not trusted,,7.0,0.121965
Turkey,792001072,55.0,Urban,High,Female,Married,Lower,4.0,5.0,0.193844,Not trusted,10.0,7.0,0.193590
Turkey,792001073,35.0,Urban,Low,Female,Single,Lower,6.0,7.0,0.221513,Not trusted,4.0,1.0,0.147328
Turkey,792001074,21.0,Urban,Medium,Male,Married,Lower,6.0,5.0,0.056987,Trusted,8.0,5.0,0.021776
Turkey,792001075,55.0,Urban,Medium,Male,Married,Lower,6.0,10.0,0.348712,Not trusted,7.0,3.0,0.271298
Turkey,792001076,45.0,Rural,Medium,Male,Married,Lower,5.0,5.0,0.340628,Not trusted,8.0,6.0,0.173905
Turkey,792001077,55.0,Urban,Medium,Female,Married,Lower,9.0,10.0,0.429276,Not trusted,10.0,8.0,0.486464
Turkey,792001078,55.0,Urban,High,Male,Single,Higher,9.0,10.0,0.373189,Not trusted,10.0,8.0,0.227666
Turkey,792001079,24.0,Urban,,Male,Married,Lower,7.0,10.0,0.434183,Not trusted,8.0,3.0,0.196419
Turkey,792001080,35.0,Urban,Medium,Male,Married,Lower,7.0,8.0,0.305051,Not trusted,7.0,6.0,0.401787
Turkey,792001081,30.0,Urban,Medium,Female,Divorced,Middle,7.0,9.0,0.266465,Not trusted,10.0,6.0,0.249991
Turkey,792001082,27.0,Urban,Medium,Female,Single,Lower,7.0,6.0,0.321813,Not trusted,10.0,6.0,0.479483
Turkey,792001083,25.0,Urban,Medium,Male,Married,Lower,7.0,5.0,0.292937,Not trusted,9.0,5.0,0.151502
Turkey,792001084,56.0,Urban,Medium,Male,Married,Lower,6.0,10.0,,,8.0,5.0,0.177929
Turkey,792001085,23.0,Rural,Low,Female,Married,Lower,7.0,6.0,0.295752,Not trusted,10.0,5.0,0.090438
Turkey,792001086,26.0,Urban,Medium,Male,Single,Middle,6.0,5.0,0.251392,Not trusted,6.0,8.0,0.195975
Turkey,792001087,36.0,Urban,Low,Male,Single,Lower,5.0,6.0,0.567907,Not trusted,5.0,4.0,0.520382
Turkey,792001088,55.0,Rural,Medium,Female,Married,Middle,8.0,10.0,0.127052,Not trusted,10.0,4.0,0.043800
Turkey,792001089,26.0,Urban,Medium,Male,Married,Lower,7.0,8.0,0.497623,Not trusted,5.0,8.0,0.484845
Turkey,792001090,38.0,Rural,Medium,Female,Married,Lower,8.0,7.0,0.398029,Not trusted,6.0,6.0,0.242274
Turkey,792001091,25.0,Urban,Medium,Male,Single,Lower,7.0,7.0,0.142871,Not trusted,10.0,5.0,0.037848
Turkey,792001092,36.0,Urban,Medium,Female,Married,Lower,8.0,6.0,0.327360,Not trusted,7.0,5.0,0.216613
Turkey,792001093,57.0,Urban,Low,Male,Widowed,Middle,5.0,6.0,0.231910,Not trusted,7.0,3.0,0.203090
Turkey,792001094,33.0,Urban,High,Female,Single,Lower,8.0,8.0,0.220921,Trusted,10.0,3.0,0.302908
Turkey,792001095,24.0,Urban,Medium,Female,Married,Middle,6.0,8.0,0.538180,Not trusted,10.0,4.0,0.618494
Turkey,792001096,27.0,Rural,,Male,Widowed,Higher,8.0,6.0,0.367078,Not trusted,10.0,7.0,0.236503
Turkey,792001097,18.0,Urban,Low,Male,Single,Lower,7.0,7.0,0.337255,Not trusted,5.0,7.0,0.366805
Turkey,792001098,45.0,Urban,Medium,Female,Married,Higher,7.0,5.0,0.399138,Not trusted,7.0,8.0,0.350854
Turkey,792001099,18.0,Urban,Medium,Female,Married,Middle,8.0,9.0,0.373792,Trusted,10.0,8.0,0.359790
Turkey,792001100,36.0,Urban,Medium,Female,Married,Lower,6.0,4.0,0.398701,Not trusted,10.0,7.0,0.194241
Turkey,792001101,24.0,Urban,Medium,Male,Single,Higher,8.0,10.0,0.341980,Not trusted,8.0,7.0,0.220546
Turkey,792001102,42.0,Urban,Medium,Female,Single,Lower,5.0,8.0,0.367947,,6.0,3.0,0.516001
Turkey,792001103,46.0,Urban,,Female,Single,Lower,7.0,7.0,0.546666,Not trusted,4.0,7.0,0.466577
Turkey,792001104,29.0,Rural,Medium,Male,Single,Lower,8.0,6.0,0.199872,Not trusted,10.0,7.0,0.073951
Turkey,792001105,30.0,Rural,Low,Male,Married,Lower,8.0,7.0,0.446409,Not trusted,7.0,6.0,0.636558
Turkey,792001106,56.0,Rural,Low,Female,Married,Lower,6.0,8.0,0.240747,Not trusted,6.0,4.0,0.336059
Turkey,792001107,24.0,Urban,Medium,Female,Married,Lower,8.0,10.0,0.259886,Not trusted,10.0,8.0,0.204857
Turkey,792001108,27.0,Urban,Low,Male,Married,Lower,6.0,5.0,0.340747,Not trusted,4.0,3.0,0.560022
Turkey,792001109,55.0,Urban,High,Female,Married,Higher,7.0,10.0,0.386229,Trusted,10.0,1.0,0.503177
Turkey,792001110,46.0,Urban,Medium,Female,Married,Lower,7.0,6.0,0.437179,Not trusted,9.0,7.0,0.214891
Turkey,792001111,45.0,Urban,Medium,Female,Single,Lower,6.0,8.0,0.119004,Not trusted,8.0,5.0,0.037915
Turkey,792001112,26.0,Urban,Medium,Male,Married,Middle,7.0,7.0,0.441165,Not trusted,9.0,8.0,0.481586
Turkey,792001113,45.0,Urban,Medium,Male,Married,Middle,7.0,9.0,0.458215,Not trusted,6.0,6.0,0.504162
Turkey,792001114,21.0,Rural,Medium,Female,Single,Middle,9.0,8.0,0.182443,Not trusted,7.0,7.0,0.174153
Turkey,792001115,24.0,Urban,High,Female,Married,Lower,9.0,10.0,0.457335,Not trusted,10.0,7.0,0.414980
Turkey,792001116,36.0,Rural,Medium,Male,Single,Lower,1.0,1.0,0.553059,Not trusted,6.0,4.0,0.639472
Turkey,792001117,55.0,Rural,Medium,Male,Married,Lower,10.0,10.0,0.294915,Not trusted,10.0,7.0,0.122073
Turkey,792001118,55.0,Urban,Medium,Female,Married,Lower,6.0,8.0,0.406011,Not trusted,10.0,5.0,0.227713
Turkey,792001119,18.0,Urban,Medium,Female,Married,Higher,6.0,,0.253116,Not trusted,10.0,7.0,0.039970
Turkey,792001120,35.0,Urban,Medium,Male,Married,Lower,5.0,5.0,0.487291,Not trusted,10.0,6.0,0.221303
Turkey,792001121,55.0,Urban,Low,Female,Married,Lower,5.0,8.0,0.344272,Not trusted,7.0,6.0,0.496321
Turkey,792001122,55.0,Urban,Medium,Female,Married,Middle,8.0,8.0,0.501737,Not trusted,9.0,7.0,0.272265
Turkey,792001123,25.0,Rural,Medium,Female,Married,Lower,3.0,7.0,0.065757,Trusted,10.0,3.0,0.072599
Turkey,792001124,44.0,Rural,Medium,Male,Married,Lower,6.0,6.0,0.384342,Not trusted,8.0,6.0,0.268926
Turkey,792001125,35.0,Urban,Medium,Male,Married,Middle,8.0,10.0,0.363592,Not trusted,10.0,8.0,0.210918
Turkey,792001126,55.0,Rural,Medium,Female,Married,Lower,8.0,7.0,0.397796,Not trusted,8.0,6.0,0.116508
Turkey,792001127,30.0,Urban,,Female,Single,Lower,4.0,,0.595700,Not trusted,10.0,6.0,0.527833
Turkey,792001128,59.0,Urban,Medium,Male,Single,Lower,7.0,8.0,0.430856,Trusted,10.0,7.0,0.110740
Turkey,792001129,64.0,Rural,Medium,Male,Single,Lower,5.0,5.0,0.249658,Not trusted,5.0,4.0,0.616613
Turkey,792001130,53.0,Rural,Medium,Male,Single,Higher,10.0,5.0,0.192386,Not trusted,9.0,,0.114821
Turkey,792001131,42.0,Urban,Medium,Female,Divorced,Lower,1.0,3.0,0.295507,Not trusted,5.0,3.0,0.187913
Turkey,792001132,36.0,Urban,Low,Female,Married,Lower,3.0,5.0,0.236478,Not trusted,10.0,4.0,0.114445
Turkey,792001133,45.0,Urban,Medium,Female,Married,Middle,9.0,9.0,0.459577,Not trusted,10.0,7.0,0.172719
Turkey,792001134,45.0,Urban,Medium,Male,Married,Middle,8.0,5.0,0.225760,Not trusted,8.0,10.0,0.264270
Turkey,792001135,36.0,Urban,Medium,Female,Married,Lower,6.0,7.0,0.274007,Not trusted,10.0,7.0,0.182696
Turkey,792001136,23.0,Urban,Medium,Male,Married,Higher,9.0,10.0,0.573034,Not trusted,10.0,7.0,0.332680
Turkey,792001137,55.0,Urban,Medium,Male,Married,Lower,6.0,6.0,0.419581,Not trusted,10.0,3.0,0.394086
Turkey,792001138,27.0,Urban,Low,Female,Single,Lower,5.0,4.0,0.169488,Not trusted,10.0,5.0,0.123607
Turkey,792001139,46.0,Urban,Medium,Female,Single,Lower,4.0,5.0,0.336361,Not trusted,10.0,5.0,0.196894
Turkey,792001140,23.0,Urban,Medium,Male,Single,Higher,2.0,3.0,0.312929,Not trusted,6.0,4.0,0.304938
Turkey,792001141,35.0,Urban,Medium,Male,Single,Lower,4.0,6.0,0.436527,Not trusted,10.0,4.0,0.466433
Turkey,792001142,28.0,Urban,Low,Male,Single,Lower,6.0,6.0,0.262716,Not trusted,6.0,5.0,0.343027
Turkey,792001143,41.0,Urban,Medium,Female,Divorced,Lower,6.0,5.0,0.288099,Not trusted,6.0,6.0,0.387161
Turkey,792001144,35.0,Rural,Medium,Male,Married,Lower,7.0,3.0,0.156502,Not trusted,10.0,6.0,0.120761
Turkey,792001145,37.0,Urban,Medium,Male,Married,Lower,7.0,4.0,0.428190,Not trusted,10.0,7.0,0.075906
Turkey,792001146,30.0,Rural,Medium,Male,Divorced,Lower,4.0,10.0,0.432433,Not trusted,10.0,3.0,
Turkey,792001147,47.0,Rural,Medium,Male,Single,Lower,4.0,10.0,0.357605,Not trusted,10.0,5.0,0.245378
Turkey,792001148,55.0,Urban,Medium,Female,Married,Lower,,5.0,0.530643,Not trusted,8.0,4.0,0.169044
Turkey,792001149,37.0,Rural,Medium,Male,Single,Lower,6.0,5.0,0.359174,Not trusted,5.0,5.0,0.523163
Turkey,792001150,26.0,Rural,Medium,Female,Single,Middle,9.0,10.0,0.329136,Not trusted,8.0,7.0,0.170268
Turkey,792001151,46.0,Rural,Medium,Female,Married,Middle,9.0,10.0,0.330247,Trusted,10.0,9.0,0.415527
Turkey,792001152,55.0,Urban,Medium,Female,Married,Lower,4.0,5.0,0.615517,Not trusted,10.0,6.0,0.321321
Turkey,792001153,55.0,Rural,Low,Female,Married,Lower,3.0,3.0,0.359034,Not trusted,7.0,4.0,0.173854
Turkey,792001154,24.0,Urban,Medium,Female,Single,Lower,4.0,8.0,0.594664,Trusted,9.0,6.0,0.601520
Turkey,792001155,28.0,Urban,Medium,Female,Single,Middle,9.0,8.0,0.544075,Not trusted,5.0,10.0,0.221830
Turkey,792001156,55.0,Urban,Medium,Male,Single,Middle,8.0,8.0,0.385910,Not trusted,4.0,8.0,0.206284
Turkey,792001157,40.0,Urban,Low,Female,Married,Lower,8.0,10.0,,Not trusted,9.0,7.0,0.106052
Turkey,792001158,55.0,Urban,Medium,Male,Married,Lower,6.0,5.0,0.383549,Not trusted,10.0,7.0,0.154433
Turkey,792001159,36.0,Rural,Medium,Female,Married,Lower,8.0,8.0,0.489338,Not trusted,6.0,7.0,0.198759
Turkey,792001160,46.0,Urban,Low,Male,Married,Higher,8.0,7.0,0.484694,Not trusted,10.0,5.0,0.163768
Turkey,792001161,20.0,Rural,Medium,Male,Married,Lower,7.0,6.0,0.197560,Not trusted,10.0,4.0,0.113942
Turkey,792001162,50.0,Rural,High,Female,Married,Higher,6.0,6.0,0.395987,Not trusted,10.0,7.0,0.378876
Turkey,792001163,34.0,Urban,High,Female,Single,Middle,5.0,10.0,0.153180,Not trusted,9.0,9.0,0.441527
Turkey,792001164,56.0,Urban,Medium,Female,Single,Higher,7.0,8.0,0.393553,Not trusted,9.0,6.0,0.362935
Turkey,792001165,45.0,Urban,Medium,Female,Single,Higher,1.0,5.0,0.550624,Not trusted,7.0,4.0,0.564805
Turkey,792001166,56.0,Urban,Medium,Male,Single,Lower,9.0,3.0,0.226827,Trusted,10.0,7.0,0.083405
Turkey,792001167,25.0,Urban,Medium,Female,Married,Higher,5.0,6.0,0.274540,Not trusted,7.0,5.0,0.056590
Turkey,792001168,21.0,Rural,Medium,Male,Married,Lower,10.0,5.0,0.192620,Not trusted,8.0,6.0,0.073889
Turkey,792001169,25.0,Rural,Medium,Male,Married,Higher,7.0,9.0,0.477871,Trusted,1.0,7.0,0.636613
Turkey,792001170,30.0,Urban,High,Female,Married,Higher,7.0,6.0,0.287088,Not trusted,6.0,8.0,0.111480
Turkey,792001171,48.0,Urban,Medium,Female,Single,Lower,9.0,9.0,0.403386,Not trusted,10.0,9.0,0.199023
Turkey,792001172,62.0,Urban,Medium,Male,Married,Middle,7.0,8.0,0.150641,Not trusted,9.0,5.0,0.419052
Turkey,792001173,35.0,Urban,Medium,Male,Single,Lower,4.0,8.0,0.280872,Not trusted,10.0,3.0,0.228892
Turkey,792001174,25.0,Urban,High,Male,Single,Higher,8.0,6.0,0.365926,Not trusted,10.0,5.0,0.175078
Turkey,792001175,37.0,Urban,Medium,Male,Married,Lower,6.0,8.0,0.434131,Not trusted,1.0,7.0,0.218185
Turkey,792001176,50.0,Urban,High,Male,Married,Lower,7.0,6.0,0.532897,Not trusted,10.0,7.0,
Turkey,792001177,38.0,Urban,Medium,Male,Married,Lower,7.0,7.0,0.417945,Not trusted,6.0,7.0,0.189583
Turkey,792001178,20.0,Urban,Medium,Female,Married,Higher,8.0,10.0,0.269510,Not trusted,10.0,7.0,0.119619
Turkey,792001179,36.0,Urban,Medium,Female,Married,Lower,5.0,4.0,0.342130,Not trusted,10.0,7.0,0.322722
Turkey,792001180,21.0,Urban,High,Female,Married,Higher,8.0,10.0,0.323115,Not trusted,8.0,9.0,0.081431
Turkey,792001181,37.0,Rural,Medium,Male,Married,Lower,6.0,,0.269771,Not trusted,9.0,7.0,0.346188
Turkey,792001182,26.0,Rural,Low,Male,Single,Lower,8.0,9.0,0.401294,Not trusted,10.0,7.0,0.328509
Turkey,792001183,30.0,Urban,Low,Female,Married,Lower,8.0,5.0,0.438887,Not trusted,8.0,5.0,0.333445
Turkey,792001184,30.0,Rural,Medium,Male,Married,Middle,3.0,1.0,0.386508,Not trusted,8.0,7.0,0.313821
Turkey,792001185,47.0,Rural,Medium,Male,Divorced,Lower,5.0,6.0,0.353718,Not trusted,5.0,1.0,0.310376
Turkey,792001186,46.0,Urban,Medium,Female,Single,Higher,7.0,6.0,0.108774,Not trusted,10.0,5.0,0.052395
Turkey,792001187,45.0,Urban,Medium,Male,Single,Lower,9.0,7.0,0.194248,Not trusted,4.0,8.0,0.310184
Turkey,792001188,58.0,Rural,Medium,Female,Married,Lower,5.0,5.0,0.187030,Not trusted,8.0,5.0,0.134663
Turkey,792001189,38.0,Urban,Medium,Male,Widowed,Lower,7.0,7.0,0.453988,Not trusted,7.0,6.0,0.201169
Turkey,792001190,34.0,Urban,High,Female,Married,Lower,7.0,7.0,0.345728,Not trusted,10.0,4.0,0.371544
Turkey,792001191,50.0,Urban,Low,Female,Single,Lower,4.0,5.0,0.747586,Not trusted,1.0,4.0,0.580647
Turkey,792001192,43.0,Urban,Low,Female,Married,Lower,5.0,3.0,0.378988,Not trusted,10.0,5.0,0.179928
Turkey,792001193,52.0,Urban,Medium,Male,Married,Lower,5.0,5.0,0.394493,Trusted,10.0,5.0,0.160356
Turkey,792001194,31.0,Urban,High,Male,Married,Middle,9.0,8.0,0.382653,Trusted,9.0,7.0,0.564131
Turkey,792001195,55.0,Urban,Medium,Male,Married,Middle,8.0,10.0,0.325385,Trusted,6.0,7.0,0.133773
Turkey,792001196,55.0,Urban,Low,Male,Single,Lower,1.0,1.0,0.298861,Not trusted,7.0,1.0,0.446947
Turkey,792001197,37.0,Urban,Medium,Male,Married,Lower,5.0,4.0,0.354675,Not trusted,10.0,5.0,0.000000
Turkey,792001198,43.0,Urban,Low,Female,Married,,4.0,4.0,0.141372,Not trusted,4.0,5.0,0.598488
Turkey,792001199,23.0,Urban,Medium,Male,Single,Lower,6.0,8.0,0.440581,Not trusted,10.0,9.0,0.523601
Turkey,792001200,30.0,Rural,Low,Male,Married,Lower,4.0,6.0,0.198102,Not trusted,10.0,4.0,0.062341
Turkey,792001201,55.0,Urban,Low,Male,Married,Lower,5.0,6.0,0.347943,Not trusted,8.0,4.0,0.203511
Turkey,792001202,28.0,Urban,Medium,Female,Married,Lower,8.0,8.0,0.254233,Not trusted,8.0,8.0,0.254751
Turkey,792001203,29.0,Urban,Medium,Female,Married,Middle,9.0,10.0,,Not trusted,10.0,5.0,0.249408
Turkey,792001204,45.0,Rural,Low,Female,Married,Lower,6.0,8.0,0.228821,Not trusted,2.0,8.0,0.154727
Turkey,792001205,45.0,Rural,Medium,Female,Married,Lower,8.0,10.0,0.349335,Not trusted,10.0,8.0,0.145884
Turkey,792001206,55.0,Urban,Medium,Female,Married,Higher,6.0,6.0,0.431454,Not trusted,10.0,6.0,0.206398
Turkey,792001207,30.0,Rural,Low,Male,Single,Lower,6.0,8.0,0.344202,Not trusted,7.0,6.0,0.501163
Turkey,792001208,51.0,Urban,Medium,Female,Single,Middle,4.0,4.0,0.447812,Not trusted,10.0,7.0,0.434832
Turkey,792001209,55.0,Rural,Medium,Female,Married,Lower,6.0,5.0,0.553600,Not trusted,10.0,7.0,0.094887
Turkey,792001210,47.0,Urban,Low,Male,Married,Lower,5.0,7.0,0.386067,Not trusted,6.0,6.0,0.337718
Turkey,792001211,21.0,Urban,Medium,Male,Single,Lower,8.0,8.0,0.208728,Not trusted,10.0,6.0,0.059630
Turkey,792001212,46.0,Urban,Medium,Female,Married,Lower,8.0,7.0,0.453134,Not trusted,10.0,6.0,0.150342
Turkey,792001213,55.0,Urban,Medium,Male,Married,Lower,6.0,8.0,0.273317,Not trusted,10.0,7.0,0.111417
Turkey,792001214,60.0,Urban,Medium,Female,Single,Lower,7.0,6.0,0.379682,Not trusted,9.0,5.0,0.411759
Turkey,792001215,24.0,Urban,Medium,Female,Married,Lower,9.0,7.0,0.404112,Not trusted,10.0,6.0,0.089662
Turkey,792001216,19.0,Urban,Medium,Male,Single,Higher,5.0,8.0,0.266217,Not trusted,10.0,4.0,0.199251
Turkey,792001217,33.0,Urban,Medium,Female,Married,Middle,7.0,10.0,0.449433,Not trusted,9.0,7.0,0.295892
Turkey,792001218,69.0,Urban,Medium,Female,Single,Lower,5.0,1.0,0.244624,Not trusted,5.0,3.0,0.383100
Turkey,792001219,37.0,Urban,Medium,Male,Married,Lower,4.0,7.0,0.716759,Not trusted,6.0,3.0,0.323485
Turkey,792001220,45.0,Urban,Medium,Female,Married,Middle,8.0,9.0,0.409243,Not trusted,10.0,6.0,0.251485
Turkey,792001221,45.0,Urban,High,Female,Married,Lower,8.0,10.0,0.457129,Trusted,10.0,9.0,0.112232
Turkey,792001222,23.0,Urban,,Male,Single,Lower,8.0,10.0,0.254979,Not trusted,10.0,7.0,0.202289
Turkey,792001223,46.0,Rural,Medium,Male,Married,Middle,7.0,6.0,0.559088,Not trusted,7.0,8.0,0.245532
Turkey,792001224,44.0,Urban,Medium,Male,Divorced,Lower,7.0,7.0,0.267679,Trusted,8.0,8.0,0.201662
Turkey,792001225,24.0,Urban,Medium,Male,Married,Middle,8.0,10.0,0.876320,Not trusted,6.0,8.0,0.417228
Turkey,792001226,55.0,Urban,Low,Female,Married,Higher,8.0,3.0,0.275952,Not trusted,10.0,3.0,0.235441
Turkey,792001227,20.0,Urban,Medium,Female,Married,Higher,6.0,3.0,0.413480,Not trusted,9.0,4.0,0.171105
Turkey,792001228,20.0,Urban,Medium,Female,Married,Middle,5.0,7.0,0.551818,Not trusted,8.0,6.0,
Turkey,792001229,63.0,Rural,Medium,Female,Single,Lower,8.0,7.0,0.406017,Not trusted,5.0,6.0,0.252006
Turkey,792001230,32.0,Urban,Low,Male,Married,Middle,9.0,9.0,0.494798,Not trusted,6.0,6.0,0.419032
Turkey,792001231,42.0,Urban,Medium,Female,Married,Higher,7.0,5.0,0.267950,Not trusted,10.0,7.0,0.406342
Turkey,792001232,57.0,Urban,Medium,Female,Married,Lower,4.0,5.0,0.466360,Trusted,10.0,7.0,0.268358
Turkey,792001233,49.0,Urban,Medium,Male,Married,Lower,6.0,8.0,0.357194,Not trusted,2.0,6.0,0.408796
Turkey,792001234,25.0,Urban,Medium,Male,Married,Middle,8.0,2.0,0.175656,Not trusted,10.0,7.0,0.189353
Turkey,792001235,34.0,Urban,Medium,Female,Married,Lower,8.0,5.0,0.428094,Not trusted,8.0,5.0,0.112660
Turkey,792001236,28.0,Urban,Medium,Male,Single,Lower,6.0,8.0,0.414960,Not trusted,8.0,5.0,0.296199
Turkey,792001237,56.0,Rural,Medium,Male,Married,Middle,6.0,8.0,0.158474,Not trusted,10.0,7.0,0.194035
Turkey,792001238,44.0,Urban,Medium,Female,Married,Middle,5.0,4.0,0.379220,Not trusted,3.0,6.0,0.516164
Turkey,792001239,36.0,Urban,High,Female,Married,Middle,7.0,7.0,0.371358,Not trusted,6.0,7.0,0.338745
Turkey,792001240,55.0,Urban,High,Female,Single,Higher,6.0,6.0,0.364775,Trusted,10.0,5.0,0.214569
Turkey,792001241,54.0,Urban,Medium,Male,Single,Lower,8.0,3.0,0.335276,Not trusted,7.0,6.0,0.111342
Turkey,792001242,57.0,Urban,Medium,Male,Married,Lower,7.0,10.0,0.293321,Not trusted,10.0,8.0,0.184050
Turkey,792001243,25.0,Urban,Low,Female,Single,Lower,7.0,6.0,0.247750,Not trusted,8.0,5.0,0.154306
Turkey,792001244,55.0,Urban,High,Female,Single,Lower,8.0,6.0,0.306727,Not trusted,10.0,7.0,0.333560
Turkey,792001245,44.0,Urban,Medium,Female,Single,Lower,3.0,3.0,0.699621,Not trusted,2.0,5.0,0.505223
Turkey,792001246,35.0,Urban,High,Male,Married,Higher,7.0,6.0,0.323382,Trusted,9.0,4.0,0.239752
Turkey,792001247,21.0,Urban,High,Male,Married,Middle,8.0,8.0,,Not trusted,10.0,9.0,0.325785
Turkey,792001248,56.0,Urban,Low,Male,Married,Lower,6.0,7.0,0.568831,Not trusted,6.0,7.0,0.133571
Turkey,792001249,35.0,Rural,Medium,Male,Single,Lower,8.0,5.0,,Not trusted,10.0,6.0,0.259612
Turkey,792001250,50.0,Rural,Medium,Male,Single,Lower,4.0,6.0,0.288941,Not trusted,10.0,4.0,0.080401
Turkey,792001251,46.0,Urban,Medium,Male,Married,Lower,4.0,5.0,0.510956,Not trusted,6.0,1.0,0.493235
Turkey,792001252,27.0,Urban,Medium,Male,Married,Lower,8.0,7.0,0.321784,Not trusted,10.0,,0.120438
Turkey,792001253,37.0,Urban,Medium,Female,Married,Lower,5.0,5.0,0.456484,Not trusted,10.0,6.0,0.236408
Turkey,792001254,37.0,Urban,Medium,Female,Married,Lower,8.0,6.0,0.165643,Not trusted,10.0,5.0,0.053902
Turkey,792001255,26.0,Rural,Medium,Female,Single,Lower,6.0,5.0,0.265750,Not trusted,9.0,5.0,0.377473
Turkey,792001256,46.0,Rural,Low,Female,Married,Lower,7.0,6.0,0.164129,Not trusted,9.0,3.0,0.055476
Turkey,792001257,36.0,Rural,Medium,Female,Single,Lower,6.0,5.0,0.268384,Not trusted,8.0,3.0,0.167784
Turkey,792001258,24.0,Urban,Medium,Male,Married,Middle,4.0,7.0,0.242167,Trusted,10.0,3.0,0.100485
Turkey,792001259,45.0,Urban,Medium,Female,Single,Lower,9.0,7.0,0.319569,Not trusted,10.0,5.0,0.268019
Turkey,792001260,24.0,Urban,High,Female,Married,Lower,10.0,10.0,,Not trusted,,10.0,0.113339
Turkey,792001261,55.0,Rural,,Male,Single,Lower,6.0,8.0,0.382266,Not trusted,10.0,1.0,0.277544
Turkey,792001262,42.0,Urban,High,Male,Single,Lower,10.0,9.0,0.390621,Trusted,10.0,8.0,0.223529
Turkey,792001263,31.0,Urban,Medium,Male,Single,Lower,7.0,1.0,0.396610,Not trusted,6.0,6.0,0.141415
Turkey,792001264,60.0,Urban,Medium,Female,Single,Lower,5.0,6.0,0.563325,Not trusted,10.0,6.0,0.262446
Turkey,792001265,22.0,Urban,Medium,Female,Single,Lower,8.0,8.0,0.577998,Not trusted,7.0,5.0,0.577320
Turkey,792001266,55.0,Rural,Low,Male,Single,Middle,7.0,7.0,0.582109,Not trusted,10.0,6.0,0.413643
Turkey,792001267,33.0,Urban,Medium,Male,Single,Lower,6.0,6.0,0.272410,Not trusted,8.0,7.0,0.052597
Turkey,792001268,36.0,Urban,Medium,Female,Married,Lower,6.0,3.0,0.388261,Not trusted,10.0,7.0,0.312970
Turkey,792001269,46.0,Rural,Medium,Female,Married,Middle,4.0,4.0,0.666102,Not trusted,6.0,7.0,0.436513
Turkey,792001270,33.0,Urban,Medium,Male,Married,Lower,7.0,5.0,0.508370,Trusted,8.0,4.0,0.264739
Turkey,792001271,35.0,Urban,Medium,Male,Single,Lower,5.0,7.0,0.487775,Not trusted,5.0,10.0,0.532121
Turkey,792001272,35.0,Urban,Medium,Male,Single,Middle,8.0,8.0,0.334761,Not trusted,6.0,10.0,0.184336
Turkey,792001273,23.0,Urban,Medium,Male,Married,Lower,7.0,8.0,0.494616,Not trusted,7.0,6.0,0.405665
Turkey,792001274,20.0,Urban,Medium,Male,Married,Lower,10.0,8.0,0.280542,Not trusted,8.0,10.0,0.369524
Turkey,792001275,21.0,Urban,High,Male,Married,Higher,7.0,8.0,0.393282,Trusted,8.0,7.0,0.224530
Turkey,792001276,22.0,Rural,High,Female,Single,Middle,8.0,5.0,0.306268,Trusted,7.0,8.0,0.226155
Turkey,792001277,55.0,Urban,High,Male,Married,Lower,7.0,8.0,0.440601,Not trusted,10.0,7.0,0.301778
Turkey,792001278,55.0,Urban,Medium,Female,Single,Middle,8.0,7.0,0.372410,Not trusted,10.0,1.0,0.189533
Turkey,792001279,55.0,Urban,Low,Male,Married,Lower,5.0,5.0,0.473920,Not trusted,1.0,3.0,0.616059
Turkey,792001280,45.0,Urban,High,Male,Married,Higher,7.0,10.0,0.419122,Not trusted,9.0,4.0,0.522959
Turkey,792001281,57.0,Urban,Low,Male,Single,Lower,6.0,4.0,0.137000,Not trusted,8.0,4.0,0.173806
Turkey,792001282,56.0,Rural,Medium,Female,Single,Lower,8.0,8.0,0.239386,Not trusted,10.0,5.0,0.334571
Turkey,792001283,56.0,Rural,Medium,Male,Married,Lower,7.0,6.0,0.381828,Not trusted,5.0,7.0,0.182864
Turkey,792001284,55.0,Urban,Medium,Female,Married,Lower,8.0,8.0,0.177982,Not trusted,8.0,7.0,0.219785
Turkey,792001285,26.0,Urban,Low,Male,Married,,6.0,10.0,0.348620,Trusted,6.0,3.0,0.122843
Turkey,792001286,55.0,Urban,,Female,Single,Lower,7.0,5.0,0.141515,Trusted,10.0,6.0,0.032044
Turkey,792001287,57.0,Rural,Medium,Male,Married,Lower,3.0,5.0,0.394932,Not trusted,8.0,5.0,0.145552
Turkey,792001288,42.0,Urban,Medium,Female,Single,Middle,7.0,4.0,0.206597,Not trusted,10.0,7.0,0.200873
Turkey,792001289,44.0,Urban,Low,Male,Single,Lower,6.0,6.0,0.284101,Not trusted,8.0,5.0,0.121579
Turkey,792001290,55.0,Urban,Medium,Female,Single,Lower,5.0,5.0,0.460878,Not trusted,7.0,3.0,0.494253
Turkey,792001291,28.0,Urban,Medium,Male,Married,Higher,8.0,4.0,0.162701,Not trusted,6.0,7.0,0.193975
Turkey,792001292,40.0,Urban,Medium,Male,Single,Higher,10.0,8.0,0.348340,Not trusted,9.0,7.0,0.115267
Turkey,792001293,24.0,Urban,Medium,Male,Married,Lower,1.0,6.0,0.398945,Trusted,10.0,1.0,0.073820
Turkey,792001294,27.0,Urban,Medium,Female,Married,Middle,7.0,9.0,0.196279,Not trusted,10.0,2.0,0.309363
Turkey,792001295,38.0,Urban,Medium,Male,Married,Lower,9.0,6.0,0.427556,Not trusted,6.0,10.0,0.390426
Turkey,792001296,50.0,Urban,Low,Male,Married,Higher,4.0,7.0,0.276702,Not trusted,10.0,5.0,0.056069
Turkey,792001297,55.0,Urban,Medium,Male,Married,Lower,9.0,5.0,0.221896,Not trusted,8.0,8.0,0.203695
Turkey,792001298,35.0,Rural,Medium,Female,Married,Middle,7.0,10.0,0.454051,Trusted,6.0,8.0,0.204099
Turkey,792001299,23.0,Rural,Medium,Male,Single,Lower,8.0,9.0,0.119682,Not trusted,6.0,6.0,0.222041
Turkey,792001300,35.0,Urban,Medium,Male,Married,Higher,1.0,7.0,0.351831,Not trusted,6.0,6.0,0.145448
Turkey,792001301,37.0,Urban,Medium,Female,Married,Lower,5.0,6.0,0.209341,Not trusted,8.0,7.0,0.183476
Turkey,792001302,55.0,Urban,Low,Male,Married,Lower,9.0,7.0,0.136682,Not trusted,10.0,6.0,0.058179
Turkey,792001303,35.0,Rural,Medium,Female,Divorced,Middle,10.0,9.0,0.479769,Trusted,10.0,8.0,0.316249
Turkey,792001304,46.0,Rural,Medium,Female,Married,Lower,8.0,10.0,0.445706,Trusted,8.0,8.0,0.516123
Turkey,792001305,25.0,Urban,Medium,Male,Single,Higher,5.0,3.0,0.660914,,8.0,5.0,0.342645
Turkey,792001306,44.0,Urban,High,Male,Single,Middle,10.0,7.0,0.345060,Not trusted,7.0,8.0,0.330209
Turkey,792001307,46.0,Rural,High,Male,Single,Higher,9.0,8.0,0.611442,Trusted,10.0,7.0,0.214678
Turkey,792001308,44.0,Urban,Medium,Female,Single,Middle,8.0,7.0,0.254418,Not trusted,10.0,8.0,0.179300
Turkey,792001309,55.0,Urban,Medium,Male,Married,Lower,5.0,6.0,0.279422,Not trusted,7.0,4.0,0.573971
Turkey,792001310,32.0,Urban,Medium,Male,Married,Middle,5.0,8.0,0.463227,Trusted,7.0,6.0,0.392805
Turkey,792001311,44.0,Urban,Low,Male,Single,Lower,3.0,6.0,0.145905,Not trusted,10.0,2.0,0.046052
Turkey,792001312,55.0,Urban,Medium,Female,Married,Middle,6.0,10.0,0.283561,Trusted,10.0,4.0,0.259848
Turkey,792001313,45.0,Urban,Low,Female,Married,Lower,6.0,7.0,0.082243,Not trusted,9.0,3.0,0.210513
India,356000001,23.0,Rural,Low,Female,Married,Middle,2.0,7.0,0.199437,Not trusted,10.0,2.0,0.449534
India,356000002,70.0,Rural,Medium,Female,Married,Middle,10.0,10.0,0.411795,Not trusted,5.0,6.0,0.695491
India,356000003,40.0,Rural,Medium,Female,Married,Higher,6.0,9.0,0.391854,Not trusted,8.0,4.0,0.170170
India,356000004,20.0,Urban,Medium,Female,Living together as married,Lower,3.0,6.0,0.357872,Not trusted,7.0,10.0,0.351573
India,356000005,26.0,Rural,Medium,Male,Single,Higher,8.0,10.0,0.440761,Not trusted,9.0,10.0,0.279589
India,356000006,17.0,Urban,Medium,Female,Married,Lower,7.0,10.0,0.175299,Not trusted,10.0,9.0,0.334383
India,356000007,16.0,Rural,Medium,Male,Single,Lower,5.0,8.0,0.373042,Not trusted,4.0,9.0,0.473656
India,356000008,52.0,Urban,Low,Male,Married,Middle,7.0,5.0,0.468672,Not trusted,5.0,10.0,0.635904
India,356000009,47.0,Rural,Medium,Male,Single,Middle,4.0,7.0,0.386253,Not trusted,7.0,1.0,0.171366
India,356000010,52.0,Urban,High,Female,Single,Lower,9.0,10.0,0.248735,Trusted,10.0,10.0,0.087879
India,356000011,17.0,Rural,Medium,Male,Single,Middle,8.0,9.0,0.268760,Not trusted,7.0,6.0,0.203870
India,356000012,59.0,Urban,High,Male,Living together as married,Middle,9.0,8.0,0.242319,Not trusted,8.0,8.0,0.098989
India,356000013,37.0,Rural,Medium,Male,Married,Middle,10.0,2.0,0.310109,Not trusted,9.0,8.0,0.081228
India,356000014,17.0,Rural,Low,Female,Married,Middle,6.0,5.0,0.348949,Not trusted,10.0,5.0,0.058553
India,356000015,21.0,Urban,Low,Male,Living together as married,Higher,9.0,8.0,0.651310,Trusted,8.0,6.0,0.184198
India,356000016,17.0,Rural,High,Female,Single,Middle,10.0,10.0,,Trusted,5.0,10.0,0.223869
India,356000017,53.0,Rural,Medium,Female,Single,Lower,10.0,10.0,0.159429,Not trusted,7.0,8.0,0.245521
India,356000018,27.0,Rural,Medium,Male,Single,Lower,8.0,1.0,0.355463,Not trusted,8.0,6.0,0.349058
India,356000019,51.0,Rural,High,Male,Married,Lower,8.0,10.0,0.359574,Not trusted,10.0,7.0,0.083341
India,356000020,51.0,Urban,Medium,Female,Married,Lower,7.0,7.0,0.158582,Not trusted,5.0,7.0,0.199953
India,356000021,17.0,Urban,Medium,Male,Married,Higher,8.0,10.0,0.335685,Trusted,10.0,6.0,0.185840
India,356000022,17.0,Rural,Medium,Female,Married,Middle,9.0,7.0,0.798441,Not trusted,2.0,10.0,0.513307
India,356000023,39.0,Rural,Medium,Male,Single,Middle,10.0,10.0,0.154719,Not trusted,10.0,6.0,0.105030
India,356000024,19.0,Urban,Low,Male,Married,Lower,5.0,8.0,0.465383,Not trusted,4.0,6.0,0.493996
India,356000025,55.0,Urban,Low,Female,Married,Middle,2.0,5.0,0.429707,Not trusted,10.0,6.0,0.286660
India,356000026,17.0,Rural,Medium,Male,Married,Higher,5.0,6.0,0.547285,Not trusted,8.0,1.0,0.129371
India,356000027,24.0,Rural,Medium,Female,Married,Middle,8.0,6.0,0.301179,Trusted,5.0,9.0,0.301845
India,356000028,23.0,Rural,Low,Male,Married,Lower,5.0,5.0,0.437388,Not trusted,6.0,4.0,0.368959
India,356000029,48.0,Urban,Low,Female,Single,Lower,10.0,5.0,0.358898,Not trusted,7.0,10.0,0.243225
India,356000030,62.0,Rural,Medium,Female,Married,Middle,6.0,6.0,0.427840,Not trusted,10.0,7.0,0.066676
India,356000031,19.0,Urban,High,Female,Single,Lower,8.0,8.0,0.452227,Not trusted,7.0,6.0,0.241496
India,356000032,47.0,Urban,Low,Female,Married,Lower,4.0,6.0,0.394978,Not trusted,7.0,3.0,0.259839
India,356000033,31.0,Rural,Low,Male,Married,Lower,2.0,7.0,0.336333,Not trusted,1.0,3.0,0.449332
India,356000034,16.0,Rural,Medium,Female,Living together as married,Lower,6.0,3.0,0.423938,Not trusted,10.0,5.0,0.287029
India,356000035,23.0,Urban,Low,Male,Married,Middle,10.0,10.0,0.381386,Not trusted,10.0,9.0,0.443688
India,356000036,17.0,Rural,High,Female,Married,Higher,7.0,10.0,0.450453,Not trusted,8.0,6.0,0.167154
India,356000037,48.0,Rural,High,Female,Married,,6.0,9.0,0.464676,Not trusted,9.0,7.0,0.423098
India,356000038,42.0,Rural,Medium,Male,Married,Middle,8.0,10.0,0.338987,Not trusted,5.0,7.0,0.102577
India,356000039,24.0,Rural,Medium,Female,Married,Higher,5.0,8.0,0.607743,Not trusted,2.0,7.0,0.206504
India,356000040,19.0,Rural,High,Female,Married,Higher,6.0,5.0,0.378605,Not trusted,10.0,5.0,0.148848
India,356000041,65.0,Rural,Medium,Male,Married,Middle,6.0,6.0,0.221809,Trusted,10.0,5.0,0.156969
India,356000042,27.0,Rural,Low,Female,Single,Lower,8.0,5.0,0.364866,Not trusted,8.0,4.0,0.087810
India,356000043,50.0,Urban,High,Female,Single,Lower,7.0,8.0,0.129163,Not trusted,10.0,5.0,0.340997
India,356000044,17.0,Rural,Medium,Male,Married,Middle,7.0,10.0,0.185919,Not trusted,10.0,10.0,0.056909
India,356000045,22.0,Urban,High,Female,Single,Middle,7.0,,0.335950,Not trusted,10.0,8.0,0.139582
India,356000046,26.0,Urban,Low,Male,Married,Middle,6.0,4.0,0.222559,Not trusted,7.0,1.0,0.098579
India,356000047,28.0,Rural,Medium,Female,Single,Middle,6.0,2.0,0.231652,Trusted,10.0,7.0,0.301765
India,356000048,52.0,Rural,Low,Male,Married,Lower,4.0,2.0,0.417401,Not trusted,7.0,7.0,0.362018
India,356000049,20.0,Rural,Low,Male,Single,Higher,7.0,9.0,0.079636,Not trusted,8.0,3.0,0.145391
India,356000050,56.0,Rural,High,Female,Married,Middle,7.0,7.0,0.522736,Not trusted,10.0,8.0,0.330043
India,356000051,16.0,Rural,Medium,Male,Single,Lower,5.0,8.0,0.539772,Not trusted,6.0,9.0,0.234138
India,356000052,17.0,Urban,Medium,Female,Single,Higher,7.0,8.0,0.466596,Not trusted,9.0,6.0,0.342635
India,356000053,34.0,Rural,Medium,Male,Living together as married,Middle,7.0,3.0,0.303117,Not trusted,3.0,4.0,0.714975
India,356000054,17.0,Urban,Medium,Female,Married,Lower,7.0,4.0,0.348904,Not trusted,10.0,6.0,0.088226
India,356000055,51.0,Rural,Low,Male,Single,Lower,7.0,10.0,0.097097,Not trusted,10.0,4.0,0.198905
India,356000056,19.0,Urban,Medium,Male,Married,Higher,5.0,9.0,0.497862,Not trusted,9.0,6.0,0.250082
India,356000057,40.0,Rural,Medium,Female,Single,Middle,8.0,10.0,0.172345,Trusted,6.0,8.0,0.235182
India,356000058,17.0,Rural,Medium,Male,Single,Middle,10.0,7.0,0.157987,Trusted,10.0,10.0,0.122294
India,356000059,16.0,Rural,High,Female,Married,Higher,10.0,10.0,0.337294,Not trusted,10.0,9.0,0.285259
India,356000060,16.0,Rural,High,Female,Married,Lower,10.0,10.0,0.355027,Not trusted,8.0,7.0,0.182569
India,356000061,74.0,Rural,High,Male,Married,Lower,9.0,10.0,0.320795,Not trusted,10.0,10.0,0.120947
India,356000062,70.0,Rural,High,Female,Single,Middle,6.0,9.0,0.417791,Trusted,10.0,7.0,0.551441
India,356000063,42.0,Urban,Medium,Male,Single,Higher,10.0,8.0,0.413432,Trusted,9.0,8.0,0.125595
India,356000064,16.0,Urban,Medium,Female,Married,Middle,9.0,7.0,0.214997,Not trusted,10.0,6.0,0.109713
India,356000065,28.0,Rural,Medium,Female,Single,Lower,5.0,10.0,0.440499,Not trusted,10.0,1.0,0.246550
India,356000066,23.0,Urban,High,Female,Single,Middle,5.0,2.0,0.371513,Trusted,8.0,3.0,0.713910
India,356000067,48.0,Rural,High,Male,Single,Higher,4.0,4.0,0.526614,Not trusted,7.0,5.0,0.166407
India,356000068,26.0,Urban,High,Female,Single,Higher,10.0,10.0,0.439615,Not trusted,10.0,8.0,0.087125
India,356000069,21.0,Urban,Medium,Male,Married,Lower,8.0,8.0,0.408380,Not trusted,10.0,7.0,0.307951
India,356000070,45.0,Rural,High,Male,Single,Higher,10.0,10.0,0.395303,Not trusted,8.0,10.0,0.119781
India,356000071,65.0,Rural,Medium,Male,Living together as married,Higher,7.0,9.0,0.340156,Not trusted,10.0,4.0,0.102204
India,356000072,47.0,Urban,High,Female,Single,Lower,9.0,9.0,0.201820,Not trusted,3.0,10.0,0.474425
India,356000073,17.0,Urban,High,Male,Living together as married,Middle,10.0,8.0,0.340992,Not trusted,7.0,10.0,0.407943
India,356000074,36.0,Rural,High,Female,Single,Lower,5.0,8.0,0.456471,Not trusted,1.0,4.0,0.491918
India,356000075,76.0,Rural,,Female,Married,Higher,10.0,10.0,0.243590,Trusted,10.0,10.0,0.188281
India,356000076,40.0,Rural,Medium,Male,Married,Middle,10.0,5.0,0.167115,Not trusted,10.0,10.0,0.035820
India,356000077,25.0,Rural,Low,Male,Married,Lower,9.0,8.0,0.296341,Not trusted,7.0,10.0,0.209167
India,356000078,25.0,Urban,Medium,Male,Single,Higher,10.0,10.0,0.531031,Not trusted,8.0,8.0,0.133349
India,356000079,20.0,Rural,High,Female,Married,Higher,5.0,2.0,0.262467,Not trusted,7.0,8.0,0.239797
India,356000080,66.0,Rural,Low,Male,Married,Lower,8.0,10.0,0.259906,Not trusted,10.0,5.0,0.182869
India,356000081,48.0,Urban,Medium,Male,Married,Higher,5.0,7.0,0.230989,Not trusted,5.0,5.0,0.100776
India,356000082,50.0,Urban,Medium,Female,Widowed,Higher,7.0,10.0,0.376664,Not trusted,10.0,6.0,0.295641
India,356000083,44.0,Urban,Medium,Female,Married,Lower,4.0,9.0,0.607143,Not trusted,8.0,7.0,0.308237
India,356000084,56.0,Rural,Medium,Female,Married,Middle,6.0,5.0,0.010285,Trusted,9.0,5.0,0.054510
India,356000085,22.0,Rural,Low,Male,Single,Lower,8.0,8.0,0.190518,Not trusted,5.0,10.0,0.488690
India,356000086,18.0,Rural,,Male,Married,Middle,6.0,7.0,0.469324,Not trusted,4.0,6.0,0.410358
India,356000087,21.0,Urban,Medium,Female,Married,Middle,10.0,7.0,0.544964,Not trusted,10.0,7.0,0.158379
India,356000088,16.0,Urban,Low,Male,Single,Higher,10.0,8.0,,Not trusted,6.0,4.0,0.246756
India,356000089,23.0,Urban,Medium,Male,Single,Higher,6.0,9.0,0.487711,Not trusted,7.0,8.0,0.390230
India,356000090,48.0,Rural,High,Male,Married,Middle,7.0,5.0,0.524873,Trusted,10.0,3.0,0.396641
India,356000091,28.0,Rural,Medium,Female,Single,Lower,10.0,10.0,0.186120,Not trusted,10.0,8.0,0.294811
India,356000092,28.0,Rural,Low,Female,Married,Middle,7.0,7.0,0.529051,Not trusted,7.0,2.0,0.094216
India,356000093,32.0,Rural,Medium,Female,Married,Middle,6.0,7.0,0.546598,Not trusted,7.0,5.0,0.098251
India,356000094,25.0,Rural,Low,Male,Married,Higher,5.0,9.0,0.645760,Not trusted,7.0,1.0,0.175814
India,356000095,65.0,Rural,Medium,Female,Single,Middle,10.0,10.0,0.312473,Not trusted,8.0,8.0,0.174710
India,356000096,46.0,Urban,Low,Male,Single,Middle,6.0,4.0,0.309076,Not trusted,5.0,1.0,0.218422
India,356000097,16.0,Urban,Medium,Female,Married,Higher,7.0,9.0,0.316590,Not trusted,8.0,8.0,0.096731
India,356000098,24.0,Urban,Medium,Male,Living together as married,Higher,8.0,3.0,0.151780,Trusted,10.0,6.0,0.095989
India,356000099,43.0,Urban,Low,Female,Single,Lower,9.0,6.0,0.462866,Not trusted,9.0,8.0,0.401495
India,356000100,39.0,Urban,Medium,Female,Married,Middle,9.0,5.0,0.222781,Not trusted,10.0,6.0,0.282053
India,356000101,42.0,Rural,Low,Female,Married,Lower,6.0,5.0,0.506611,Trusted,10.0,5.0,0.465784
India,356000102,66.0,Urban,Low,Male,Married,Middle,9.0,10.0,0.448000,Not trusted,10.0,8.0,0.075664
India,356000103,45.0,Rural,High,Male,Single,Middle,9.0,9.0,0.250723,Not trusted,6.0,10.0,0.236050
India,356000104,16.0,Urban,Medium,Male,Single,Higher,2.0,2.0,0.329086,Not trusted,9.0,4.0,0.195432
India,356000105,56.0,Urban,Medium,Male,Living together as married,Lower,6.0,8.0,0.205574,Trusted,10.0,5.0,0.112493
India,356000106,52.0,Urban,Medium,Male,Married,Middle,4.0,7.0,0.303781,Not trusted,6.0,7.0,0.222905
India,356000107,30.0,Rural,Medium,Female,Single,Higher,10.0,10.0,0.167889,Not trusted,10.0,6.0,0.128800
India,356000108,17.0,Rural,Low,Male,Living together as married,Higher,9.0,10.0,0.527191,Not trusted,7.0,7.0,0.185898
India,356000109,68.0,Urban,Low,Female,Single,Lower,4.0,9.0,0.602915,Not trusted,9.0,5.0,0.354198
India,356000110,50.0,Urban,Medium,Male,Living together as married,Middle,10.0,4.0,0.389072,Not trusted,10.0,7.0,0.247969
India,356000111,21.0,Urban,Low,Male,Married,Middle,3.0,4.0,0.300930,Trusted,7.0,2.0,0.356646
India,356000112,73.0,Rural,Medium,Male,Married,Lower,10.0,5.0,0.354017,Trusted,10.0,8.0,0.253734
India,356000113,25.0,Rural,Medium,Female,Married,Higher,7.0,1.0,0.457220,Trusted,6.0,3.0,0.440210
India,356000114,67.0,Urban,Medium,Female,Single,Higher,10.0,10.0,0.290305,Not trusted,10.0,9.0,0.164978
India,356000115,39.0,Urban,Low,Female,Married,Middle,5.0,5.0,0.423657,Not trusted,1.0,3.0,
India,356000116,49.0,Urban,Low,Male,Living together as married,Higher,7.0,8.0,0.144878,Not trusted,9.0,3.0,0.178246
India,356000117,25.0,Urban,Medium,Female,Married,Middle,6.0,8.0,0.352610,Not trusted,7.0,3.0,0.178706
India,356000118,62.0,Rural,High,Male,Living together as married,Higher,10.0,9.0,0.407563,Not trusted,10.0,9.0,0.199354
India,356000119,35.0,Urban,Medium,Female,Married,Higher,8.0,9.0,,Trusted,3.0,6.0,0.450996
India,356000120,40.0,Urban,Medium,Male,Married,Middle,8.0,7.0,0.476036,Not trusted,7.0,9.0,0.400805
India,356000121,39.0,Urban,High,Female,Single,Higher,10.0,10.0,0.344601,Not trusted,10.0,10.0,0.138733
India,356000122,17.0,Urban,Medium,Male,Married,Lower,7.0,7.0,0.315856,Not trusted,2.0,5.0,0.394131
India,356000123,40.0,Urban,Medium,Male,Living together as married,Lower,8.0,2.0,0.086454,Not trusted,7.0,8.0,0.256112
India,356000124,66.0,Rural,Medium,Male,Single,Middle,7.0,10.0,0.307165,Not trusted,7.0,6.0,0.243970
India,356000125,58.0,Urban,Low,Male,Married,Lower,5.0,1.0,0.280186,Not trusted,1.0,2.0,0.323298
India,356000126,28.0,Urban,Medium,Male,Single,Lower,10.0,10.0,0.541766,Not trusted,7.0,10.0,0.211811
India,356000127,17.0,Urban,Low,Male,Married,Middle,8.0,8.0,0.303259,Not trusted,8.0,2.0,0.115359
India,356000128,58.0,Rural,Low,Male,Married,Middle,10.0,10.0,0.387060,Not trusted,8.0,2.0,0.178173
India,356000129,25.0,Rural,Low,Male,Single,Middle,7.0,5.0,0.619005,Not trusted,10.0,6.0,0.331642
India,356000130,18.0,Rural,Medium,Male,Married,Middle,5.0,7.0,0.345612,Trusted,9.0,9.0,0.475598
India,356000131,35.0,Rural,Medium,Male,Single,Lower,5.0,8.0,0.292725,Not trusted,1.0,6.0,0.530459
India,356000132,16.0,Rural,Medium,Female,Married,Higher,10.0,9.0,0.524423,Trusted,10.0,10.0,0.209808
India,356000133,42.0,Urban,Medium,Female,Single,Middle,8.0,6.0,0.328635,Not trusted,10.0,1.0,0.428669
India,356000134,28.0,Rural,High,Male,Single,Higher,10.0,9.0,0.347689,Not trusted,9.0,10.0,0.183106
India,356000135,16.0,Rural,Low,Male,Living together as married,Lower,6.0,8.0,0.288369,Not trusted,7.0,6.0,0.317522
India,356000136,50.0,Rural,High,Female,Married,Middle,10.0,6.0,0.318297,Not trusted,7.0,8.0,0.289409
India,356000137,24.0,Urban,High,Female,Married,Higher,10.0,10.0,0.291663,Trusted,10.0,10.0,0.079551
India,356000138,25.0,Rural,Medium,Male,Single,Middle,8.0,8.0,0.498528,Not trusted,10.0,,0.290886
India,356000139,44.0,Rural,Medium,Male,Married,Lower,8.0,10.0,0.131177,Not trusted,8.0,9.0,0.008026
India,356000140,76.0,Rural,Low,Female,Single,Middle,7.0,6.0,0.402217,Trusted,4.0,7.0,0.342830
India,356000141,47.0,Rural,Medium,Female,Married,Lower,5.0,8.0,0.453309,Not trusted,9.0,7.0,0.516682
India,356000142,16.0,Urban,Low,Female,Married,Higher,2.0,1.0,0.394784,Not trusted,4.0,1.0,0.263060
India,356000143,40.0,Rural,Medium,Female,Married,Lower,8.0,10.0,0.586659,Not trusted,10.0,9.0,0.047881
India,356000144,17.0,Rural,Medium,Male,Married,Higher,6.0,1.0,0.392277,,3.0,4.0,0.364975
India,356000145,55.0,Rural,High,Male,Single,Lower,7.0,8.0,0.302876,Not trusted,3.0,4.0,0.253223
India,356000146,16.0,Urban,Medium,Male,Single,Middle,9.0,9.0,0.311929,Not trusted,10.0,8.0,0.140646
India,356000147,56.0,Rural,Medium,Male,Single,Higher,1.0,6.0,0.165880,Not trusted,10.0,8.0,0.120570
India,356000148,24.0,Rural,Medium,Male,Living together as married,Lower,10.0,8.0,0.356574,Not trusted,9.0,6.0,0.209599
India,356000149,18.0,Rural,Medium,Female,Single,Higher,5.0,2.0,0.432425,Not trusted,7.0,6.0,0.054894
India,356000150,48.0,Rural,Low,Female,Single,Lower,5.0,5.0,0.581392,Not trusted,10.0,5.0,0.367899
India,356000151,43.0,Rural,Medium,Male,Widowed,Higher,8.0,10.0,0.485639,Not trusted,9.0,9.0,0.207266
India,356000152,48.0,Urban,High,Male,Single,Lower,10.0,8.0,0.276663,Not trusted,10.0,8.0,0.091035
India,356000153,25.0,Rural,Low,Female,Married,Lower,2.0,3.0,0.483176,Not trusted,10.0,5.0,0.149853
India,356000154,34.0,Rural,Medium,Male,Married,Lower,3.0,5.0,0.314077,Not trusted,9.0,1.0,0.384372
India,356000155,38.0,Urban,Medium,Male,Single,Higher,8.0,10.0,0.267407,Not trusted,10.0,7.0,0.207865
India,356000156,70.0,Urban,Medium,Male,Married,Middle,6.0,2.0,0.372267,Trusted,7.0,7.0,0.592208
India,356000157,61.0,Urban,Medium,Male,Married,Middle,4.0,5.0,0.338986,Not trusted,9.0,9.0,
India,356000158,39.0,Urban,High,Male,Married,Middle,10.0,6.0,0.496738,Not trusted,7.0,8.0,0.146139
India,356000159,17.0,Rural,Low,Female,Single,Middle,10.0,1.0,0.681128,Not trusted,8.0,3.0,0.471414
India,356000160,38.0,Urban,High,Female,Single,Higher,10.0,9.0,0.368095,Not trusted,10.0,10.0,0.349037
India,356000161,56.0,Urban,Low,Male,Married,Middle,9.0,7.0,,Not trusted,10.0,5.0,0.240700
India,356000162,35.0,Urban,Medium,Female,Married,Middle,10.0,9.0,0.301075,Not trusted,9.0,10.0,0.269882
India,356000163,33.0,Urban,High,Male,Married,Higher,8.0,4.0,0.552175,Not trusted,8.0,6.0,0.433281
India,356000164,41.0,Rural,Medium,Male,Married,Lower,10.0,10.0,0.396173,Not trusted,9.0,7.0,0.123083
India,356000165,49.0,Rural,High,Male,Single,Middle,10.0,7.0,0.282368,Not trusted,8.0,10.0,0.192552
India,356000166,59.0,Urban,Low,Female,Widowed,Higher,10.0,10.0,0.543169,Not trusted,10.0,8.0,0.041999
India,356000167,16.0,Rural,Medium,Male,Married,Higher,10.0,8.0,0.586216,Not trusted,7.0,10.0,0.030300
India,356000168,34.0,Rural,Medium,Male,Single,Higher,6.0,8.0,0.539805,Not trusted,8.0,5.0,0.439232
India,356000169,48.0,Rural,Medium,Male,Single,Lower,10.0,8.0,0.151572,Not trusted,10.0,5.0,0.440227
India,356000170,17.0,Rural,Medium,Male,Married,Middle,6.0,1.0,0.421821,Not trusted,7.0,5.0,0.385969
India,356000171,63.0,Rural,Medium,Female,Married,Lower,2.0,5.0,0.421530,Not trusted,9.0,3.0,0.131632
India,356000172,40.0,Urban,Medium,Female,Married,Middle,6.0,5.0,,Not trusted,10.0,7.0,0.292336
India,356000173,30.0,Rural,Low,Male,Married,Lower,4.0,4.0,0.363108,Not trusted,8.0,6.0,0.179586
India,356000174,40.0,Urban,Medium,Female,Married,Middle,10.0,10.0,0.167157,Not trusted,10.0,10.0,0.151991
India,356000175,17.0,Urban,Medium,Female,Single,Higher,8.0,7.0,0.525938,Not trusted,7.0,6.0,0.497168
India,356000176,40.0,Rural,Low,Female,Married,Lower,10.0,10.0,0.441622,Not trusted,10.0,6.0,0.191687
India,356000177,25.0,Rural,Medium,Male,Married,Middle,7.0,6.0,0.318274,Not trusted,10.0,4.0,0.501956
India,356000178,28.0,Rural,High,Male,Married,Lower,10.0,10.0,0.525889,Not trusted,7.0,10.0,0.300831
India,356000179,40.0,Urban,Medium,Female,Married,Higher,10.0,10.0,0.426839,Not trusted,10.0,10.0,0.047087
India,356000180,22.0,Rural,Low,Female,Single,Higher,9.0,7.0,0.321384,Trusted,10.0,8.0,0.131548
India,356000181,40.0,Rural,Medium,Male,Married,Lower,5.0,8.0,0.373118,Not trusted,10.0,9.0,0.162290
India,356000182,48.0,Rural,High,Male,Single,Middle,8.0,8.0,0.672199,Not trusted,10.0,7.0,0.201984
India,356000183,17.0,Urban,High,Male,Married,Higher,8.0,5.0,0.428167,Not trusted,7.0,5.0,0.356012
India,356000184,39.0,Rural,High,Female,Single,Middle,7.0,3.0,0.555706,Trusted,8.0,4.0,0.160253
India,356000185,23.0,Rural,High,Male,Single,Higher,4.0,8.0,0.284701,Not trusted,10.0,8.0,0.424605
India,356000186,33.0,Rural,High,Female,Married,Middle,7.0,7.0,0.358608,Not trusted,8.0,10.0,0.138396
India,356000187,17.0,Rural,Low,Female,Single,Higher,8.0,7.0,0.452444,Not trusted,6.0,5.0,0.195279
India,356000188,21.0,Urban,Medium,Female,Married,Middle,5.0,10.0,0.469245,Not trusted,1.0,4.0,0.475603
India,356000189,44.0,Rural,Medium,Female,Single,Lower,5.0,5.0,0.243434,Not trusted,10.0,3.0,0.287677
India,356000190,50.0,Rural,Low,Male,Single,Lower,10.0,6.0,0.336731,Trusted,10.0,7.0,0.298023
India,356000191,32.0,Urban,High,Female,Single,Lower,7.0,1.0,0.393257,Not trusted,10.0,8.0,0.194285
India,356000192,25.0,Urban,Medium,Female,Single,Middle,8.0,10.0,0.250447,Not trusted,8.0,10.0,0.304607
India,356000193,57.0,Rural,High,Female,Married,Higher,10.0,10.0,0.177219,Not trusted,10.0,9.0,0.188354
India,356000194,50.0,Urban,High,Male,Single,Lower,6.0,1.0,0.381412,Not trusted,10.0,6.0,0.180430
India,356000195,53.0,Urban,Medium,Female,Married,Lower,8.0,10.0,0.476960,Not trusted,10.0,6.0,0.052317
India,356000196,37.0,Rural,High,Male,Married,Middle,10.0,7.0,0.352063,Not trusted,7.0,8.0,0.388638
India,356000197,62.0,Urban,Low,Male,Married,Lower,6.0,7.0,0.305333,Not trusted,10.0,7.0,0.127520
India,356000198,24.0,Rural,Medium,Male,Married,Lower,7.0,9.0,0.323262,Not trusted,9.0,4.0,0.140393
India,356000199,30.0,Urban,Medium,Male,Single,Higher,8.0,5.0,0.386843,Trusted,5.0,9.0,0.570242
India,356000200,26.0,Urban,Low,Female,Single,Middle,8.0,10.0,0.673528,Not trusted,4.0,7.0,0.372201
India,356000201,59.0,Urban,Medium,Male,Single,Lower,3.0,8.0,0.889157,Not trusted,8.0,3.0,0.158415
India,356000202,43.0,Urban,Medium,Female,Single,Lower,10.0,10.0,0.310895,Not trusted,10.0,9.0,0.233166
India,356000203,56.0,Rural,High,Male,Married,Higher,7.0,7.0,0.457992,Not trusted,7.0,8.0,0.453362
India,356000204,59.0,Urban,Medium,Male,Single,Middle,8.0,8.0,0.257121,Not trusted,10.0,5.0,0.025359
India,356000205,33.0,Urban,High,Male,Married,Lower,7.0,9.0,0.105382,Not trusted,6.0,5.0,0.203980
India,356000206,17.0,Rural,Low,Male,Married,Middle,10.0,10.0,0.516853,Not trusted,8.0,9.0,0.384190
India,356000207,51.0,Rural,Medium,Female,Married,Middle,10.0,10.0,0.297902,Not trusted,8.0,10.0,0.423747
India,356000208,36.0,Rural,High,Male,Widowed,Higher,8.0,10.0,0.442581,Trusted,5.0,7.0,0.636454
India,356000209,66.0,Urban,High,Female,Married,Higher,10.0,10.0,0.276250,Not trusted,5.0,9.0,0.052463
India,356000210,56.0,Urban,Medium,Female,Living together as married,Lower,7.0,10.0,0.293693,Not trusted,4.0,3.0,0.389928
India,356000211,25.0,Rural,Medium,Male,Widowed,Middle,7.0,3.0,0.423017,Not trusted,5.0,8.0,0.398623
India,356000212,48.0,Urban,High,Male,Single,Middle,9.0,9.0,0.313880,Not trusted,10.0,9.0,0.318957
India,356000213,35.0,Urban,High,Male,Married,Middle,7.0,5.0,0.197492,Trusted,7.0,5.0,0.206713
India,356000214,28.0,Urban,High,Male,Married,Middle,10.0,10.0,0.656846,Trusted,10.0,10.0,0.395714
India,356000215,48.0,Rural,High,Male,Single,Middle,6.0,7.0,0.629027,Trusted,7.0,2.0,0.385455
India,356000216,17.0,Rural,Medium,Male,Single,Lower,2.0,10.0,0.264479,Not trusted,7.0,1.0,0.340241
India,356000217,25.0,Urban,Medium,Male,Married,Middle,5.0,1.0,0.386542,Not trusted,4.0,5.0,0.628958
India,356000218,32.0,Rural,Medium,Male,Single,Middle,6.0,4.0,0.244119,Not trusted,10.0,7.0,0.179181
India,356000219,56.0,Rural,Medium,Female,Single,Middle,1.0,1.0,0.179946,Not trusted,7.0,1.0,0.426646
India,356000220,16.0,Rural,Low,Female,Married,Lower,8.0,10.0,0.299047,Not trusted,9.0,7.0,0.184175
India,356000221,30.0,Rural,Medium,Male,Married,Higher,6.0,7.0,0.630854,Not trusted,8.0,9.0,0.237171
India,356000222,33.0,Rural,High,Male,Married,Higher,1.0,3.0,0.265262,Not trusted,4.0,6.0,0.436399
India,356000223,52.0,Rural,High,Male,Married,Higher,8.0,9.0,0.312755,Not trusted,10.0,7.0,0.062332
India,356000224,46.0,Urban,Medium,Male,Living together as married,Lower,3.0,3.0,0.386381,Not trusted,9.0,5.0,0.294803
India,356000225,67.0,Urban,High,Male,Single,Middle,10.0,8.0,0.355938,Not trusted,8.0,10.0,0.245117
India,356000226,36.0,Rural,High,Male,Married,Middle,6.0,8.0,0.215759,Not trusted,7.0,9.0,0.205370
India,356000227,19.0,Rural,Medium,Male,Widowed,Middle,4.0,4.0,0.430020,Trusted,1.0,7.0,0.404807
India,356000228,24.0,Rural,Low,Female,Single,Middle,8.0,7.0,,Not trusted,8.0,6.0,0.479922
India,356000229,60.0,Rural,Low,Female,Single,Lower,8.0,10.0,0.276234,Not trusted,10.0,9.0,
India,356000230,17.0,Rural,Medium,Female,Married,Higher,7.0,10.0,0.518189,Not trusted,8.0,3.0,0.450394
India,356000231,27.0,Rural,Medium,Female,Married,Lower,8.0,4.0,0.222110,Not trusted,7.0,7.0,0.168900
India,356000232,65.0,Rural,High,Female,Single,Middle,7.0,10.0,0.308725,Not trusted,10.0,8.0,0.077781
India,356000233,74.0,Rural,High,Male,Married,Middle,10.0,10.0,0.297392,Trusted,10.0,10.0,0.087355
India,356000234,35.0,Urban,Medium,Male,Living together as married,Higher,3.0,10.0,,Not trusted,8.0,4.0,0.376780
India,356000235,33.0,Rural,Low,Male,Married,Middle,5.0,5.0,0.189277,Not trusted,,5.0,0.494515
India,356000236,78.0,Rural,Medium,Female,Single,Lower,10.0,10.0,0.461699,Not trusted,10.0,7.0,0.289803
India,356000237,29.0,Rural,High,Female,Single,Lower,10.0,4.0,0.369381,Not trusted,4.0,4.0,0.153685
India,356000238,35.0,Urban,Medium,Female,Single,Lower,10.0,5.0,0.449373,Not trusted,5.0,6.0,0.387066
India,356000239,16.0,Rural,Medium,Male,Single,Middle,5.0,8.0,0.733769,Not trusted,9.0,5.0,0.211356
India,356000240,56.0,Urban,Low,Male,Single,Lower,8.0,10.0,0.417433,Not trusted,8.0,9.0,0.496895
India,356000241,39.0,Rural,Medium,Female,Married,Higher,7.0,6.0,0.288765,Not trusted,10.0,9.0,0.075400
India,356000242,67.0,Rural,Medium,Female,Married,Middle,6.0,7.0,0.347030,Not trusted,7.0,6.0,0.502250
India,356000243,22.0,Urban,High,Female,Single,Lower,10.0,7.0,0.369945,Not trusted,10.0,8.0,0.106918
India,356000244,18.0,Rural,High,Female,Married,Middle,8.0,3.0,0.530466,Not trusted,10.0,5.0,0.410527
India,356000245,34.0,Rural,Medium,Male,Married,Higher,7.0,7.0,0.526474,Not trusted,1.0,9.0,0.228006
India,356000246,51.0,Urban,Medium,Female,Married,Lower,9.0,7.0,0.200596,Not trusted,4.0,8.0,0.142156
India,356000247,33.0,Rural,Medium,Male,Single,Lower,3.0,10.0,,Trusted,10.0,4.0,0.198149
India,356000248,37.0,Rural,High,Male,Widowed,Higher,7.0,9.0,0.491469,Not trusted,10.0,10.0,0.164205
India,356000249,21.0,Urban,High,Male,Single,Middle,6.0,9.0,0.470071,Not trusted,10.0,9.0,0.233198
India,356000250,70.0,Urban,High,Male,Married,Lower,6.0,1.0,0.323369,Not trusted,6.0,8.0,0.133190
India,356000251,37.0,Urban,Medium,Female,Married,Middle,8.0,1.0,0.258602,Trusted,4.0,10.0,0.158134
India,356000252,16.0,Urban,Low,Female,Married,Higher,6.0,7.0,0.419746,Not trusted,10.0,7.0,0.074097
India,356000253,28.0,Urban,High,Female,Married,Higher,5.0,2.0,0.561180,Trusted,4.0,8.0,0.705261
India,356000254,62.0,Rural,High,Male,Widowed,Middle,8.0,8.0,0.366554,Not trusted,8.0,10.0,0.086822
India,356000255,16.0,Rural,High,Male,Married,Middle,2.0,5.0,0.358035,Not trusted,9.0,1.0,0.277022
India,356000256,29.0,Urban,Medium,Female,Single,Lower,6.0,7.0,0.426048,Trusted,10.0,7.0,0.463770
India,356000257,28.0,Rural,High,Male,Single,Higher,8.0,10.0,0.470060,Trusted,10.0,8.0,0.159096
India,356000258,27.0,Urban,Medium,Female,Married,Higher,7.0,2.0,0.432626,Not trusted,6.0,7.0,0.270312
India,356000259,48.0,Rural,,Male,Married,Middle,5.0,10.0,0.169176,Not trusted,7.0,7.0,0.286202
India,356000260,30.0,Urban,High,Female,Married,Higher,8.0,10.0,0.599951,Trusted,8.0,5.0,0.375601
India,356000261,48.0,Rural,Low,Male,Married,Middle,7.0,10.0,0.607602,Not trusted,8.0,9.0,0.387861
India,356000262,32.0,Rural,High,Female,Living together as married,Middle,10.0,10.0,0.319177,Trusted,10.0,10.0,0.240983
India,356000263,36.0,Urban,High,Female,Single,Middle,7.0,8.0,0.548243,Not trusted,5.0,10.0,0.425017
India,356000264,25.0,Rural,High,Female,Single,Middle,1.0,7.0,0.276535,Not trusted,8.0,5.0,0.083770
India,356000265,34.0,Urban,Medium,Male,Single,Lower,3.0,2.0,0.484483,Not trusted,9.0,5.0,0.255036
India,356000266,16.0,Urban,Low,Male,Married,Higher,10.0,6.0,0.574053,Not trusted,8.0,6.0,0.152068
India,356000267,68.0,Rural,Medium,Male,Single,Higher,9.0,8.0,0.465633,Trusted,8.0,9.0,0.336864
India,356000268,16.0,Rural,Low,Female,Married,Lower,7.0,9.0,0.163152,Not trusted,8.0,6.0,0.283615
India,356000269,67.0,Rural,Medium,Male,Single,Lower,7.0,10.0,0.439307,Not trusted,8.0,4.0,0.409903
India,356000270,17.0,Urban,Medium,Female,Married,Higher,7.0,7.0,0.459668,Not trusted,3.0,7.0,0.383768
India,356000271,60.0,Rural,Low,Male,Single,Middle,4.0,2.0,0.343688,Not trusted,3.0,8.0,0.275849
India,356000272,75.0,Urban,Low,Female,Single,Lower,10.0,7.0,0.318114,Not trusted,10.0,3.0,0.177707
India,356000273,24.0,Rural,Medium,Male,Single,Higher,8.0,9.0,0.349636,Not trusted,10.0,7.0,0.204976
India,356000274,42.0,Rural,Low,Male,Married,Higher,7.0,8.0,0.367329,Not trusted,10.0,6.0,0.465938
India,356000275,16.0,Urban,High,Male,Living together as married,Higher,3.0,8.0,0.588681,Not trusted,1.0,8.0,0.638495
India,356000276,23.0,Rural,Medium,Female,Single,Middle,10.0,8.0,0.296523,Not trusted,5.0,8.0,0.346453
India,356000277,52.0,Urban,Medium,Female,Married,Lower,10.0,10.0,0.323248,Not trusted,9.0,8.0,0.245640
India,356000278,28.0,Rural,Low,Male,Married,Higher,8.0,5.0,0.436710,Not trusted,6.0,8.0,0.330766
India,356000279,29.0,Rural,Medium,Male,Single,Middle,7.0,8.0,0.524051,Not trusted,4.0,8.0,0.717269
India,356000280,52.0,Rural,High,Female,Single,Middle,7.0,10.0,0.520510,Not trusted,8.0,8.0,0.197168
India,356000281,23.0,Rural,High,Male,Single,Higher,10.0,10.0,0.250409,Not trusted,7.0,8.0,0.131105
India,356000282,22.0,Rural,Medium,Male,Married,Middle,5.0,10.0,0.352441,Not trusted,5.0,1.0,0.256392
India,356000283,16.0,Rural,Medium,Male,Married,Middle,10.0,10.0,0.273726,Not trusted,10.0,7.0,0.112570
India,356000284,66.0,Rural,Medium,Male,Single,Middle,10.0,10.0,0.563702,Not trusted,9.0,7.0,0.229510
India,356000285,31.0,Rural,Low,Female,Married,Lower,10.0,9.0,0.435721,Not trusted,2.0,7.0,0.472625
India,356000286,17.0,Rural,Medium,Female,Married,Lower,8.0,9.0,0.316843,Trusted,7.0,6.0,0.314747
India,356000287,20.0,Urban,Low,Male,Married,Lower,8.0,7.0,0.587495,Not trusted,10.0,7.0,0.168945
India,356000288,18.0,Rural,,Male,Married,Middle,10.0,3.0,0.338447,Not trusted,10.0,5.0,0.390625
India,356000289,26.0,Urban,Low,Male,Married,Lower,6.0,8.0,0.306907,Not trusted,6.0,4.0,0.185508
India,356000290,19.0,Rural,High,Male,Married,Middle,7.0,10.0,0.486310,Trusted,10.0,7.0,0.633336
India,356000291,47.0,Urban,Medium,Male,Married,Middle,8.0,7.0,0.188327,Trusted,9.0,7.0,0.548952
India,356000292,21.0,Rural,Medium,Male,Single,Middle,8.0,9.0,0.476837,Trusted,7.0,10.0,0.551177
India,356000293,28.0,Urban,Medium,Female,Married,Middle,7.0,3.0,0.500688,Not trusted,5.0,6.0,0.550297
India,356000294,23.0,Rural,Medium,Male,Single,Middle,10.0,10.0,0.486288,Not trusted,6.0,9.0,0.196489
India,356000295,34.0,Rural,Medium,Female,Single,Higher,10.0,7.0,0.251210,Trusted,5.0,7.0,0.390332
India,356000296,66.0,Rural,Medium,Male,Single,Middle,5.0,7.0,0.198109,Not trusted,10.0,4.0,0.331802
India,356000297,30.0,Rural,Low,Female,Single,Middle,3.0,3.0,0.371607,Not trusted,5.0,1.0,0.362250
India,356000298,29.0,Rural,Medium,Male,Married,Middle,4.0,1.0,0.725394,Not trusted,7.0,2.0,0.543106
India,356000299,23.0,Urban,Low,Female,Married,Lower,5.0,4.0,0.323813,Not trusted,,2.0,0.055097
India,356000300,16.0,Urban,Medium,Male,Living together as married,Middle,10.0,8.0,0.257645,Not trusted,6.0,9.0,0.445933
India,356000301,35.0,Rural,Low,Female,Married,Lower,4.0,4.0,0.532724,Not trusted,7.0,4.0,0.187049
India,356000302,16.0,Rural,High,Male,Married,Lower,3.0,10.0,0.365400,Not trusted,10.0,8.0,0.098776
India,356000303,23.0,Rural,High,Male,Single,Middle,8.0,10.0,0.077405,Not trusted,10.0,4.0,0.082061
India,356000304,55.0,Rural,Medium,Female,Single,Lower,10.0,10.0,0.318357,Not trusted,10.0,8.0,0.225882
India,356000305,21.0,Rural,Low,Male,Single,Middle,9.0,7.0,0.502156,Not trusted,8.0,10.0,0.178434
India,356000306,27.0,Rural,Low,Male,Married,Middle,5.0,6.0,0.339134,Not trusted,7.0,4.0,0.409349
India,356000307,62.0,Rural,High,Female,Living together as married,,10.0,10.0,0.600092,Not trusted,8.0,7.0,0.221123
India,356000308,48.0,Rural,Low,Female,Married,Middle,6.0,5.0,0.386346,Trusted,6.0,5.0,0.147714
India,356000309,21.0,Urban,Low,Female,Single,Middle,8.0,9.0,0.271419,Not trusted,9.0,6.0,0.062948
India,356000310,37.0,Rural,Medium,Female,Living together as married,Middle,9.0,10.0,0.220639,Not trusted,10.0,7.0,0.317199
India,356000311,36.0,Rural,Low,Male,Single,Middle,6.0,1.0,0.361292,Not trusted,9.0,4.0,0.115209
India,356000312,50.0,Rural,Medium,Male,Married,Middle,5.0,4.0,0.252414,Not trusted,2.0,5.0,0.346158
India,356000313,55.0,Rural,Medium,Female,Single,Middle,7.0,4.0,0.326226,Trusted,10.0,5.0,0.132121
India,356000314,17.0,Urban,Medium,Female,Widowed,Middle,10.0,10.0,0.467301,Not trusted,9.0,9.0,0.186835
India,356000315,33.0,Rural,Medium,Female,Single,Middle,10.0,2.0,0.549250,Not trusted,9.0,,0.243139
India,356000316,38.0,Urban,Medium,Male,Living together as married,Middle,8.0,7.0,0.336603,Not trusted,8.0,6.0,0.245871
India,356000317,21.0,Rural,Medium,Male,Single,Middle,8.0,8.0,0.340569,Not trusted,9.0,6.0,0.379965
India,356000318,57.0,Rural,Low,Male,Single,Middle,9.0,4.0,0.445950,Not trusted,6.0,6.0,0.322252
India,356000319,46.0,Urban,Low,Male,Married,Middle,1.0,9.0,0.451649,Not trusted,10.0,1.0,0.267798
India,356000320,39.0,Rural,Medium,Male,Married,Lower,6.0,8.0,0.258729,Not trusted,7.0,8.0,0.549098
India,356000321,28.0,Rural,High,Female,Married,Middle,6.0,6.0,0.386742,Not trusted,10.0,6.0,0.423888
India,356000322,47.0,Rural,Medium,Female,Living together as married,Middle,10.0,10.0,0.281745,Not trusted,9.0,8.0,0.149558
India,356000323,48.0,Rural,Low,Male,Widowed,Higher,10.0,10.0,0.351847,Not trusted,1.0,8.0,0.353453
India,356000324,16.0,Urban,Medium,Male,Married,Higher,2.0,1.0,0.769354,Not trusted,8.0,7.0,0.424953
India,356000325,55.0,Urban,Low,Male,Married,Lower,1.0,1.0,0.312237,Not trusted,5.0,1.0,0.400758
India,356000326,37.0,Rural,Medium,Female,Married,Lower,6.0,7.0,0.377220,Not trusted,10.0,7.0,0.119351
India,356000327,29.0,Urban,High,Male,Married,Higher,10.0,8.0,0.338712,Trusted,10.0,9.0,0.243858
India,356000328,78.0,Urban,Medium,Male,Living together as married,Lower,6.0,9.0,0.147584,Not trusted,8.0,1.0,0.123654
India,356000329,34.0,Urban,High,Male,Widowed,Higher,8.0,10.0,0.320666,Not trusted,10.0,5.0,0.361762
India,356000330,50.0,Rural,Low,Male,Living together as married,Middle,7.0,,0.200827,Not trusted,6.0,8.0,0.422233
India,356000331,22.0,Urban,High,Male,Single,Lower,10.0,10.0,0.405151,Not trusted,10.0,8.0,0.623150
India,356000332,23.0,Rural,High,Female,Single,Middle,10.0,10.0,0.404289,Not trusted,8.0,8.0,0.255663
India,356000333,62.0,Rural,Medium,Female,Married,Higher,6.0,8.0,0.436834,Not trusted,2.0,5.0,0.402412
India,356000334,31.0,Rural,Medium,Female,Single,Higher,8.0,5.0,0.581672,Not trusted,6.0,5.0,0.473564
India,356000335,60.0,Urban,Medium,Male,Living together as married,Middle,8.0,10.0,0.147159,Not trusted,10.0,7.0,0.175773
India,356000336,49.0,Rural,Medium,Male,Married,Higher,9.0,9.0,0.370878,Trusted,9.0,8.0,0.232879
India,356000337,30.0,Rural,Medium,Male,Married,Middle,7.0,9.0,0.413179,Not trusted,10.0,6.0,0.261292
India,356000338,21.0,Urban,Low,Female,Married,Lower,1.0,2.0,0.616613,Not trusted,1.0,5.0,0.413384
India,356000339,33.0,Urban,High,Female,Living together as married,Higher,10.0,10.0,0.163769,Not trusted,10.0,7.0,0.052075
India,356000340,17.0,Rural,Medium,Female,Single,Middle,5.0,2.0,0.441671,Not trusted,4.0,1.0,0.704335
India,356000341,53.0,Urban,Medium,Female,Married,Lower,7.0,7.0,0.172501,Not trusted,8.0,2.0,0.240919
India,356000342,38.0,Rural,Low,Male,Living together as married,Lower,10.0,10.0,0.249497,Trusted,7.0,7.0,0.212449
India,356000343,16.0,Rural,High,Female,Single,Higher,7.0,9.0,0.436679,Not trusted,4.0,5.0,0.720559
India,356000344,17.0,Urban,High,Male,Married,Middle,10.0,10.0,0.438414,Trusted,4.0,8.0,0.165567
India,356000345,38.0,Urban,Low,Male,Married,Lower,6.0,1.0,0.379694,Not trusted,3.0,1.0,0.630071
India,356000346,16.0,Rural,Medium,Female,Married,Lower,5.0,10.0,0.408056,Not trusted,8.0,4.0,0.221633
India,356000347,49.0,Rural,Medium,Male,Single,Middle,8.0,7.0,0.270899,Not trusted,10.0,8.0,0.081691
India,356000348,28.0,Urban,Low,Female,Single,Middle,6.0,10.0,0.378539,Not trusted,6.0,6.0,0.383880
India,356000349,17.0,Rural,Medium,Male,Married,Higher,7.0,5.0,0.663638,Not trusted,8.0,5.0,0.158868
India,356000350,49.0,Urban,Medium,Male,Living together as married,Middle,1.0,7.0,0.275604,Not trusted,10.0,5.0,0.222835
India,356000351,58.0,Urban,Medium,Male,Married,Lower,7.0,6.0,0.283207,Not trusted,6.0,8.0,0.383793
India,356000352,24.0,Urban,Low,Female,Single,Lower,1.0,5.0,0.530380,Trusted,2.0,6.0,0.284760
India,356000353,17.0,Rural,Low,Female,Widowed,Middle,4.0,3.0,0.340583,Not trusted,4.0,1.0,0.327172
India,356000354,35.0,Urban,Low,Male,Married,Middle,10.0,9.0,0.544054,Trusted,10.0,5.0,0.028250
India,356000355,25.0,Rural,Medium,Male,Single,Higher,10.0,6.0,0.330249,Not trusted,4.0,8.0,0.133156
India,356000356,16.0,Rural,Low,Male,Single,Middle,8.0,8.0,0.549954,Not trusted,8.0,7.0,0.259807
India,356000357,30.0,Urban,Low,Female,Married,Middle,7.0,3.0,0.602251,Not trusted,7.0,7.0,0.294747
India,356000358,60.0,Urban,Medium,Female,Married,Higher,6.0,10.0,0.135905,Not trusted,10.0,5.0,0.149529
India,356000359,35.0,Rural,Low,Female,Single,Lower,7.0,5.0,0.556494,Not trusted,10.0,6.0,0.185708
India,356000360,16.0,Rural,High,Female,Single,Middle,7.0,7.0,0.392864,Not trusted,8.0,7.0,0.460049
India,356000361,47.0,Urban,Low,Female,Single,Lower,5.0,6.0,0.204269,Not trusted,8.0,1.0,0.081304
India,356000362,16.0,Rural,Medium,Male,Single,Higher,2.0,1.0,0.441284,Not trusted,1.0,5.0,0.326651
India,356000363,16.0,Rural,Low,Male,Single,Higher,10.0,7.0,0.420517,Not trusted,10.0,4.0,0.100098
India,356000364,44.0,Rural,High,Male,Single,Higher,10.0,10.0,0.306023,Not trusted,10.0,10.0,0.158611
India,356000365,20.0,Urban,High,Male,Single,Higher,10.0,8.0,0.291850,Trusted,10.0,8.0,0.177938
India,356000366,33.0,Rural,High,Male,Widowed,Middle,10.0,10.0,0.232607,Not trusted,9.0,6.0,0.150569
India,356000367,62.0,Rural,Medium,Male,Married,Lower,10.0,8.0,0.192662,Trusted,10.0,8.0,0.241777
India,356000368,40.0,Rural,Low,Female,Married,Lower,5.0,8.0,0.274035,Not trusted,9.0,1.0,0.162084
India,356000369,41.0,Urban,,Male,Widowed,Lower,8.0,8.0,0.515730,Not trusted,6.0,5.0,0.259526
India,356000370,60.0,Rural,Medium,Female,Married,Lower,8.0,6.0,0.179397,Not trusted,10.0,,0.234017
India,356000371,48.0,Urban,High,Female,Married,Lower,5.0,4.0,0.492779,Not trusted,4.0,10.0,0.236828
India,356000372,54.0,Urban,High,Male,Married,Middle,7.0,6.0,0.341016,Trusted,5.0,3.0,0.427327
India,356000373,47.0,Rural,High,Male,Married,Lower,8.0,10.0,0.358622,Not trusted,10.0,7.0,0.327221
India,356000374,17.0,Rural,,Male,Married,Middle,1.0,3.0,0.173760,Not trusted,7.0,1.0,0.366141
India,356000375,38.0,Urban,Medium,Female,Married,Higher,9.0,10.0,0.539503,Not trusted,10.0,8.0,0.146416
India,356000376,22.0,Rural,Medium,Female,Single,Lower,9.0,5.0,0.363729,Not trusted,9.0,5.0,0.354005
India,356000377,32.0,Rural,Low,Female,Married,Lower,9.0,10.0,0.384549,Not trusted,7.0,5.0,0.387641
India,356000378,43.0,Urban,Medium,Male,Married,Middle,10.0,10.0,0.442279,Not trusted,9.0,10.0,0.077010
India,356000379,18.0,Rural,Low,Female,Married,Higher,5.0,7.0,0.372643,Trusted,9.0,1.0,0.444667
India,356000380,25.0,Rural,Medium,Female,Married,Lower,8.0,8.0,0.297592,Not trusted,9.0,1.0,0.081832
India,356000381,66.0,Rural,Medium,Male,Married,Lower,3.0,6.0,0.506878,Trusted,10.0,2.0,0.189168
India,356000382,16.0,Urban,Low,Male,Married,Middle,6.0,10.0,0.194767,Not trusted,2.0,7.0,0.124873
India,356000383,56.0,Urban,Medium,Female,Married,Lower,1.0,1.0,0.380224,Not trusted,5.0,5.0,0.190963
India,356000384,16.0,Urban,Medium,Male,Single,Higher,10.0,6.0,0.369369,Not trusted,7.0,9.0,0.175984
India,356000385,17.0,Urban,Low,Female,Single,Higher,7.0,10.0,0.450040,Trusted,10.0,8.0,0.206182
India,356000386,84.0,Urban,Medium,Female,Single,Lower,8.0,6.0,0.454067,Not trusted,9.0,5.0,0.306672
India,356000387,22.0,Rural,High,Female,Living together as married,Higher,10.0,10.0,0.324460,Not trusted,10.0,10.0,0.139684
India,356000388,70.0,Rural,Medium,Female,Single,Lower,6.0,10.0,0.338720,Not trusted,8.0,7.0,0.167056
India,356000389,60.0,Urban,High,Male,Single,Middle,8.0,8.0,0.355094,Not trusted,3.0,5.0,0.294044
India,356000390,20.0,Urban,High,Female,Married,Middle,10.0,9.0,0.373752,Not trusted,10.0,10.0,0.259580
India,356000391,16.0,Urban,Medium,Male,Single,Middle,7.0,9.0,0.209116,Not trusted,7.0,10.0,0.294169
India,356000392,66.0,Rural,High,Female,Single,Lower,5.0,8.0,0.259237,Trusted,8.0,6.0,0.140847
India,356000393,43.0,Rural,Low,Female,Married,Middle,8.0,6.0,0.521431,Not trusted,3.0,9.0,0.179215
India,356000394,45.0,Rural,Medium,Male,Single,Middle,9.0,6.0,0.618998,Trusted,10.0,5.0,0.156829
India,356000395,48.0,Rural,Low,Female,Married,Lower,2.0,2.0,0.182248,Not trusted,10.0,3.0,0.235380
India,356000396,37.0,Urban,Medium,Male,Widowed,Middle,1.0,8.0,0.537090,Not trusted,1.0,5.0,0.528418
India,356000397,25.0,Rural,Medium,Male,Single,Higher,10.0,10.0,0.436301,Not trusted,9.0,10.0,0.367040
India,356000398,50.0,Urban,High,Female,Single,Lower,5.0,10.0,0.567522,Not trusted,1.0,6.0,0.666489
India,356000399,18.0,Rural,Medium,Male,Living together as married,Higher,10.0,10.0,0.374097,Not trusted,10.0,9.0,0.149204
India,356000400,16.0,Urban,Low,Female,Married,Higher,4.0,7.0,0.481879,Not trusted,8.0,6.0,0.175657
India,356000401,16.0,Rural,Low,Female,Married,Higher,4.0,2.0,0.276505,Not trusted,2.0,6.0,0.220290
India,356000402,16.0,Rural,Medium,Male,Married,Higher,1.0,7.0,0.206055,Not trusted,6.0,2.0,0.282767
India,356000403,50.0,Rural,Medium,Female,Married,Lower,8.0,9.0,0.250094,Not trusted,7.0,5.0,0.372134
India,356000404,43.0,Rural,High,Male,Single,Higher,6.0,10.0,0.320872,Trusted,9.0,8.0,0.336191
India,356000405,50.0,Rural,Low,Male,Married,Lower,8.0,8.0,0.212549,Not trusted,5.0,10.0,0.456212
India,356000406,48.0,Urban,Medium,Male,Single,Lower,4.0,6.0,0.235437,,3.0,5.0,0.278476
India,356000407,45.0,Rural,Medium,Male,Single,Middle,10.0,10.0,0.183599,Not trusted,10.0,8.0,0.011946
India,356000408,44.0,Rural,High,Male,Widowed,Lower,10.0,10.0,0.514797,Trusted,9.0,10.0,0.120696
India,356000409,76.0,Rural,Low,Female,Single,Lower,6.0,6.0,0.756803,Not trusted,10.0,4.0,0.438866
India,356000410,23.0,Rural,Medium,Male,Married,Higher,6.0,10.0,0.476764,Not trusted,7.0,7.0,0.137313
India,356000411,68.0,Rural,Medium,Male,Married,Middle,10.0,8.0,0.188712,Not trusted,10.0,9.0,0.045658
India,356000412,24.0,Rural,Low,Male,Married,Lower,7.0,9.0,0.192467,Not trusted,9.0,7.0,0.392080
India,356000413,37.0,Rural,Medium,Female,Married,Lower,7.0,10.0,,Not trusted,10.0,5.0,0.181427
India,356000414,37.0,Rural,Medium,Male,Married,Higher,10.0,10.0,0.219930,Not trusted,8.0,9.0,0.040831
India,356000415,33.0,Urban,High,Female,Married,Higher,8.0,7.0,0.511446,Not trusted,8.0,7.0,0.336440
India,356000416,28.0,Rural,High,Female,Single,Higher,5.0,3.0,0.596392,Not trusted,3.0,8.0,0.491263
India,356000417,74.0,Rural,Medium,Male,Single,Middle,4.0,10.0,0.504441,Trusted,10.0,5.0,0.088401
India,356000418,22.0,Urban,Low,Male,Single,Lower,7.0,7.0,0.334357,Not trusted,2.0,6.0,0.350721
India,356000419,17.0,Urban,Medium,Female,Single,Higher,10.0,5.0,0.378509,Trusted,8.0,7.0,0.425579
India,356000420,54.0,Urban,High,Male,Single,Middle,10.0,10.0,0.329923,Not trusted,10.0,10.0,0.461511
India,356000421,26.0,Rural,Medium,Male,Married,Lower,7.0,4.0,0.307111,Not trusted,9.0,1.0,0.497219
India,356000422,17.0,Urban,Low,Female,Married,Lower,5.0,2.0,0.235963,,7.0,5.0,0.639962
India,356000423,44.0,Rural,Medium,Male,Living together as married,Lower,7.0,8.0,,Not trusted,10.0,5.0,0.016085
India,356000424,52.0,Rural,Medium,Female,Married,Lower,8.0,5.0,0.396895,Trusted,8.0,9.0,0.106164
India,356000425,16.0,Rural,High,Female,Single,Higher,10.0,10.0,0.327346,Trusted,10.0,7.0,0.429777
India,356000426,59.0,Rural,Low,Male,Single,Lower,6.0,10.0,0.172647,Trusted,9.0,7.0,0.422615
India,356000427,30.0,Rural,Medium,Male,Single,Middle,5.0,7.0,0.357414,Not trusted,7.0,7.0,0.205164
India,356000428,28.0,Rural,High,Male,Living together as married,Middle,5.0,7.0,0.463017,Trusted,6.0,5.0,0.220474
India,356000429,22.0,Rural,Medium,Female,Married,Higher,10.0,9.0,0.189689,Not trusted,10.0,9.0,0.066424
India,356000430,30.0,Rural,Low,Male,Single,Middle,6.0,5.0,0.195647,Not trusted,7.0,5.0,0.155986
India,356000431,16.0,Urban,Medium,Male,Married,Middle,8.0,6.0,0.280468,Not trusted,8.0,4.0,0.417771
India,356000432,37.0,Urban,Medium,Female,Married,Middle,8.0,6.0,,Not trusted,10.0,3.0,0.173889
India,356000433,68.0,Rural,Medium,Male,Married,Higher,7.0,7.0,0.503927,Trusted,8.0,4.0,0.521441
India,356000434,78.0,Rural,Low,Male,Single,Middle,6.0,6.0,0.393030,Not trusted,8.0,1.0,0.281366
India,356000435,75.0,Urban,Medium,Male,Single,Lower,7.0,10.0,0.377271,Not trusted,8.0,7.0,0.000000
India,356000436,48.0,Rural,Low,Male,Living together as married,Lower,8.0,3.0,0.513425,Not trusted,10.0,4.0,0.053540
India,356000437,33.0,Rural,Medium,Female,Single,Higher,5.0,2.0,,Not trusted,9.0,9.0,0.252656
India,356000438,16.0,Rural,High,Female,Married,Higher,9.0,10.0,0.596072,Not trusted,10.0,10.0,0.134179
India,356000439,28.0,Rural,Medium,Male,Married,Middle,10.0,9.0,0.416374,Trusted,10.0,8.0,0.212121
India,356000440,30.0,Rural,Medium,Male,Single,Higher,7.0,6.0,0.603616,Not trusted,8.0,5.0,0.079748
India,356000441,38.0,Urban,High,Male,Single,Middle,4.0,7.0,0.266131,Not trusted,8.0,7.0,0.508568
India,356000442,67.0,Rural,High,Male,Single,Middle,5.0,10.0,0.541267,Not trusted,10.0,8.0,0.499207
India,356000443,30.0,Rural,Low,Male,Married,Lower,9.0,2.0,0.036182,Not trusted,10.0,6.0,0.062305
India,356000444,16.0,Rural,Low,Male,Single,Middle,6.0,9.0,0.263546,Not trusted,10.0,5.0,0.140723
India,356000445,22.0,Rural,Low,Male,Single,Middle,8.0,8.0,0.296975,Not trusted,10.0,3.0,0.401923
India,356000446,36.0,Urban,Medium,Female,Married,Higher,1.0,9.0,0.668430,Trusted,1.0,6.0,0.740691
India,356000447,63.0,Urban,Low,Male,Married,Middle,10.0,10.0,0.168105,,10.0,7.0,0.050496
India,356000448,54.0,Urban,Low,Female,Married,Middle,10.0,5.0,0.518150,Not trusted,8.0,8.0,0.132403
India,356000449,17.0,Urban,Low,Female,Widowed,Higher,6.0,8.0,0.323113,Not trusted,10.0,5.0,0.140751
India,356000450,40.0,Urban,Low,Female,Single,Middle,10.0,10.0,0.301421,Not trusted,10.0,10.0,0.397745
India,356000451,20.0,Rural,Low,Male,Married,Middle,8.0,7.0,0.302061,Not trusted,8.0,3.0,0.116590
India,356000452,39.0,Rural,High,Male,Single,Middle,8.0,10.0,0.289076,Trusted,10.0,8.0,0.116781
India,356000453,24.0,Rural,Low,Male,Married,Higher,5.0,3.0,0.336678,Not trusted,8.0,2.0,0.305542
India,356000454,50.0,Urban,Medium,Male,Married,Middle,10.0,9.0,0.597692,Not trusted,7.0,6.0,0.245323
India,356000455,34.0,Urban,Low,Male,Single,Middle,8.0,3.0,0.305244,Not trusted,5.0,5.0,0.471686
India,356000456,68.0,Urban,Medium,Male,Single,Middle,7.0,10.0,0.504221,Not trusted,10.0,5.0,0.120476
India,356000457,30.0,Urban,High,Female,Single,Middle,9.0,10.0,0.433131,Not trusted,10.0,7.0,0.331493
India,356000458,51.0,Rural,High,Female,Single,Higher,10.0,10.0,0.111177,Trusted,10.0,7.0,0.048012
India,356000459,59.0,Rural,Low,Male,Married,Lower,7.0,5.0,0.469909,Not trusted,9.0,6.0,0.513250
India,356000460,57.0,Rural,Medium,Female,Widowed,Lower,9.0,7.0,0.289381,Not trusted,10.0,5.0,0.177496
India,356000461,33.0,Urban,Medium,Male,Widowed,Middle,7.0,6.0,0.166420,Not trusted,8.0,5.0,0.244175
India,356000462,51.0,Rural,High,Female,Married,Lower,7.0,10.0,0.566893,Not trusted,10.0,4.0,0.389936
India,356000463,28.0,Rural,High,Female,Living together as married,Middle,8.0,8.0,0.160219,Not trusted,10.0,10.0,
India,356000464,17.0,Urban,,Female,Living together as married,Middle,8.0,10.0,0.418959,Trusted,8.0,8.0,0.253589
India,356000465,17.0,Urban,Medium,Male,Married,Middle,6.0,7.0,0.194055,Not trusted,10.0,1.0,0.251507
India,356000466,26.0,Rural,Medium,Male,Living together as married,Higher,8.0,10.0,0.408582,Not trusted,8.0,9.0,0.152844
India,356000467,17.0,Rural,Medium,Female,Single,Middle,2.0,5.0,0.244347,Not trusted,1.0,8.0,0.349361
India,356000468,18.0,Urban,Medium,Male,Single,Middle,10.0,8.0,0.199957,Not trusted,10.0,9.0,0.337565
India,356000469,37.0,Urban,High,Male,Single,Higher,10.0,10.0,0.267978,Trusted,10.0,10.0,0.352395
India,356000470,41.0,Urban,Medium,Female,Single,Lower,7.0,8.0,0.377528,Not trusted,10.0,8.0,0.223671
India,356000471,19.0,Rural,Medium,Male,Married,Higher,9.0,8.0,0.532138,Trusted,10.0,10.0,0.295875
India,356000472,60.0,Urban,Medium,Male,Married,Higher,10.0,10.0,0.488779,Trusted,10.0,8.0,0.179942
India,356000473,28.0,Rural,High,Male,Widowed,Higher,10.0,10.0,0.556459,Not trusted,5.0,10.0,0.567114
India,356000474,17.0,Urban,Medium,Female,Married,Higher,10.0,10.0,0.385509,Not trusted,7.0,8.0,0.101832
India,356000475,16.0,Rural,High,Female,Single,Higher,10.0,10.0,0.320165,Not trusted,8.0,10.0,0.339633
India,356000476,52.0,Urban,High,Male,Married,Higher,6.0,7.0,0.405035,Trusted,10.0,7.0,0.407954
India,356000477,22.0,Rural,Medium,Female,Married,Higher,8.0,6.0,0.373315,Not trusted,3.0,6.0,0.153185
India,356000478,17.0,Urban,Low,Female,Single,Higher,10.0,4.0,0.627178,Not trusted,10.0,8.0,0.314752
India,356000479,17.0,Rural,Low,Female,Single,Lower,7.0,10.0,0.213568,Not trusted,7.0,6.0,0.002901
India,356000480,62.0,Rural,Medium,Female,Married,Middle,7.0,9.0,0.544580,Not trusted,9.0,5.0,0.170881
India,356000481,17.0,Rural,Low,Male,Single,Higher,10.0,6.0,0.455373,Not trusted,10.0,8.0,0.146671
India,356000482,20.0,Rural,Low,Male,Single,Middle,8.0,8.0,0.310299,Not trusted,10.0,8.0,0.037560
India,356000483,22.0,Rural,Low,Male,Single,Middle,9.0,7.0,0.291446,Not trusted,10.0,9.0,0.175257
India,356000484,40.0,Rural,Medium,Male,Single,Lower,5.0,4.0,0.264928,,8.0,5.0,0.163824
India,356000485,45.0,Urban,Medium,Female,Married,Middle,6.0,9.0,0.311672,Trusted,8.0,6.0,0.346968
India,356000486,50.0,Urban,High,Male,Widowed,Higher,10.0,10.0,0.330739,Not trusted,10.0,6.0,0.072343
India,356000487,29.0,Urban,Low,Male,Married,Lower,10.0,8.0,0.420954,Not trusted,6.0,10.0,0.534700
India,356000488,39.0,Urban,Medium,Male,Married,Middle,1.0,5.0,0.239269,Not trusted,1.0,1.0,0.413097
India,356000489,20.0,Rural,Medium,Female,Married,Higher,7.0,5.0,0.547495,Not trusted,8.0,4.0,0.012914
India,356000490,18.0,Rural,Low,Male,Single,Lower,4.0,6.0,0.533638,Not trusted,10.0,2.0,0.249329
India,356000491,64.0,Rural,Low,Female,Single,Middle,4.0,7.0,0.435527,Not trusted,10.0,3.0,0.026012
India,356000492,41.0,Rural,Medium,Female,Single,Middle,10.0,9.0,0.419722,Not trusted,10.0,7.0,0.064550
India,356000493,52.0,Rural,Low,Female,Widowed,Middle,7.0,7.0,,Not trusted,10.0,7.0,0.157444
India,356000494,40.0,Rural,Medium,Male,Single,Middle,8.0,7.0,0.403403,Not trusted,10.0,3.0,0.424642
India,356000495,17.0,Rural,Low,Female,Married,Middle,8.0,10.0,0.400809,Not trusted,10.0,10.0,0.572709
India,356000496,30.0,Rural,,Male,Widowed,Middle,8.0,10.0,0.238705,Not trusted,10.0,10.0,0.198997
India,356000497,45.0,Urban,High,Male,Married,Middle,10.0,10.0,0.126653,Not trusted,6.0,8.0,0.177334
India,356000498,55.0,Urban,Medium,Male,Married,Middle,7.0,10.0,0.153592,Not trusted,10.0,6.0,0.000000
India,356000499,62.0,Rural,High,Female,Living together as married,Middle,9.0,10.0,0.529472,Trusted,10.0,9.0,0.157317
India,356000500,17.0,Urban,Medium,Male,Married,Higher,7.0,9.0,0.331309,Trusted,6.0,5.0,0.250063
India,356000501,51.0,Rural,Low,Male,Married,Middle,2.0,4.0,0.194226,Not trusted,8.0,2.0,0.057731
India,356000502,24.0,Urban,Medium,Male,Married,Middle,7.0,7.0,0.274148,Not trusted,7.0,5.0,0.170234
India,356000503,26.0,Rural,Medium,Female,Married,Lower,9.0,10.0,0.333956,Not trusted,7.0,9.0,0.494525
India,356000504,30.0,Urban,Medium,Male,Married,Middle,8.0,6.0,0.450955,Not trusted,6.0,10.0,0.102957
India,356000505,18.0,Rural,Medium,Male,Married,Higher,7.0,4.0,0.498792,Not trusted,9.0,6.0,0.162640
India,356000506,76.0,Rural,Low,Female,Married,Middle,9.0,6.0,0.607589,Not trusted,10.0,1.0,0.061633
India,356000507,17.0,Rural,Low,Male,Married,Middle,5.0,1.0,0.475575,Not trusted,7.0,5.0,0.479175
India,356000508,32.0,Rural,High,Male,Single,Middle,6.0,10.0,0.552641,Not trusted,6.0,5.0,0.589495
India,356000509,59.0,Urban,Medium,Female,Living together as married,Higher,9.0,6.0,,Not trusted,,10.0,0.121108
India,356000510,17.0,Rural,Medium,Male,Married,Middle,10.0,10.0,0.289382,Trusted,10.0,10.0,0.110020
India,356000511,43.0,Urban,Low,Male,Married,Middle,1.0,1.0,0.173551,Not trusted,5.0,1.0,0.013649
India,356000512,38.0,Rural,High,Male,Single,Middle,10.0,10.0,0.123689,Not trusted,8.0,9.0,0.485168
India,356000513,39.0,Rural,High,Male,Married,Middle,5.0,9.0,0.555110,Not trusted,10.0,3.0,0.421150
India,356000514,60.0,Urban,Medium,Male,Married,Lower,10.0,7.0,0.366874,Not trusted,10.0,5.0,0.194752
India,356000515,35.0,Urban,High,Female,Married,Higher,10.0,10.0,0.332761,Not trusted,10.0,8.0,0.238913
India,356000516,22.0,Rural,Low,Male,Married,Higher,5.0,7.0,0.322622,Not trusted,9.0,5.0,0.035570
India,356000517,21.0,Urban,Low,Male,Single,Middle,10.0,10.0,0.519616,Not trusted,10.0,7.0,0.176714
India,356000518,53.0,Rural,High,Female,Single,Middle,5.0,7.0,0.336792,Not trusted,10.0,1.0,0.163140
India,356000519,17.0,Rural,High,Female,Single,Middle,7.0,9.0,0.304319,Not trusted,10.0,10.0,0.156281
India,356000520,30.0,Rural,Medium,Female,Married,Lower,9.0,10.0,0.245931,Not trusted,9.0,8.0,0.067640
India,356000521,24.0,Urban,,Male,Single,Middle,10.0,10.0,0.225708,Not trusted,10.0,7.0,0.057393
India,356000522,17.0,Rural,Medium,Female,Single,Middle,10.0,7.0,0.087729,Not trusted,10.0,8.0,0.038438
India,356000523,16.0,Rural,High,Male,Married,Middle,10.0,10.0,0.260545,Trusted,8.0,7.0,0.143815
India,356000524,50.0,Rural,High,Male,Single,Middle,3.0,1.0,0.236190,Not trusted,8.0,,0.456800
India,356000525,17.0,Urban,Low,Male,Married,Middle,8.0,10.0,0.279789,Trusted,10.0,6.0,0.098443
India,356000526,26.0,Rural,Medium,Female,Single,Middle,10.0,4.0,0.309705,Not trusted,10.0,10.0,0.091377
India,356000527,22.0,Rural,Low,Female,Married,Lower,1.0,1.0,0.318507,Not trusted,5.0,2.0,0.344087
India,356000528,17.0,Rural,Low,Male,Married,Middle,10.0,10.0,0.497041,Not trusted,10.0,9.0,0.145736
India,356000529,31.0,Rural,Medium,Male,Single,Middle,7.0,4.0,0.454824,Not trusted,8.0,8.0,0.426523
India,356000530,50.0,Rural,Medium,Male,Married,Middle,6.0,1.0,0.458673,Not trusted,10.0,5.0,0.096231
India,356000531,32.0,Rural,High,Female,Living together as married,Higher,8.0,3.0,0.268615,Not trusted,3.0,7.0,0.374317
India,356000532,57.0,Rural,Medium,Female,Married,Higher,9.0,7.0,0.286660,Not trusted,10.0,6.0,0.159744
India,356000533,34.0,Rural,High,Male,Married,Higher,7.0,8.0,0.617249,Trusted,3.0,6.0,0.237460
India,356000534,62.0,Rural,High,Female,Widowed,Lower,7.0,8.0,0.346013,Not trusted,8.0,4.0,0.511646
India,356000535,16.0,Urban,Low,Female,Married,Middle,3.0,3.0,0.417492,Not trusted,5.0,7.0,0.285761
India,356000536,57.0,Rural,Medium,Male,Married,Higher,10.0,10.0,0.459885,Not trusted,9.0,6.0,0.137292
India,356000537,71.0,Urban,,Female,Married,Lower,7.0,7.0,0.370500,Not trusted,10.0,8.0,0.412339
India,356000538,28.0,Urban,Medium,Female,Single,Lower,6.0,3.0,0.366716,Not trusted,2.0,5.0,0.118764
India,356000539,60.0,Rural,Medium,Male,Single,Middle,6.0,4.0,0.554162,Not trusted,10.0,4.0,0.128484
India,356000540,54.0,Urban,High,Male,Married,Middle,10.0,10.0,0.185488,Not trusted,10.0,10.0,0.105397
India,356000541,64.0,Urban,Medium,Female,Single,Higher,9.0,10.0,0.482005,Not trusted,8.0,9.0,0.591311
India,356000542,16.0,Rural,Low,Female,Married,Lower,9.0,7.0,0.223232,Not trusted,2.0,7.0,0.177488
India,356000543,32.0,Rural,Medium,Female,Married,Middle,7.0,10.0,0.489769,Not trusted,8.0,4.0,0.096006
India,356000544,45.0,Rural,Medium,Male,Married,Middle,6.0,8.0,0.454185,Trusted,8.0,2.0,0.201847
India,356000545,51.0,Rural,Low,Male,Married,Lower,5.0,4.0,0.197833,Not trusted,8.0,,0.202469
India,356000546,46.0,Urban,Medium,Female,Living together as married,Lower,6.0,1.0,0.605362,Not trusted,4.0,4.0,0.093134
India,356000547,61.0,Urban,High,Female,Married,Middle,9.0,6.0,0.199506,Not trusted,9.0,10.0,0.181678
India,356000548,41.0,Rural,High,Male,Single,Lower,10.0,10.0,0.386554,Not trusted,10.0,10.0,0.382758
India,356000549,25.0,Rural,Medium,Female,Married,Higher,1.0,6.0,0.517237,Not trusted,7.0,2.0,0.412708
India,356000550,31.0,Urban,Low,Male,Living together as married,Higher,6.0,8.0,0.570447,Not trusted,8.0,4.0,0.215286
India,356000551,73.0,Rural,Medium,Male,Married,Middle,9.0,10.0,0.129236,Trusted,7.0,10.0,0.370636
India,356000552,38.0,Rural,Medium,Female,Married,Higher,10.0,9.0,0.312148,Not trusted,10.0,6.0,0.262368
India,356000553,22.0,Rural,High,Male,Married,Higher,8.0,10.0,0.478273,Not trusted,10.0,8.0,0.268894
India,356000554,49.0,Rural,Low,Male,Single,Lower,8.0,7.0,0.445557,Not trusted,,5.0,0.346841
India,356000555,17.0,Rural,Medium,Male,Single,Middle,8.0,7.0,,Not trusted,7.0,7.0,0.052214
India,356000556,16.0,Rural,Medium,Male,Married,Lower,6.0,5.0,0.455595,Not trusted,10.0,8.0,0.083790
India,356000557,28.0,Urban,High,Female,Married,Middle,8.0,10.0,0.271362,Trusted,7.0,2.0,0.474225
India,356000558,43.0,Urban,Medium,Male,Single,Lower,5.0,10.0,0.380515,Not trusted,9.0,9.0,0.388460
India,356000559,24.0,Rural,Low,Female,Married,Middle,4.0,2.0,0.600012,Not trusted,8.0,1.0,0.626879
India,356000560,55.0,Urban,Medium,Male,Married,Lower,7.0,7.0,0.663526,Not trusted,5.0,10.0,0.270738
India,356000561,50.0,Urban,High,Female,Single,Middle,5.0,7.0,0.235092,Not trusted,10.0,10.0,0.122552
India,356000562,28.0,Rural,Medium,Female,Married,Middle,3.0,2.0,0.163149,Not trusted,5.0,7.0,0.368940
India,356000563,35.0,Rural,High,Female,Married,Higher,10.0,8.0,0.299387,Not trusted,8.0,8.0,0.298970
India,356000564,33.0,Rural,Medium,Male,Married,Lower,8.0,7.0,0.396113,Not trusted,9.0,8.0,0.315954
India,356000565,30.0,Rural,High,Male,Married,Lower,8.0,7.0,0.531093,Not trusted,5.0,10.0,0.049936
India,356000566,50.0,Urban,Medium,Female,Single,Middle,10.0,10.0,0.560677,Not trusted,8.0,10.0,0.151240
India,356000567,47.0,Urban,High,Female,Single,Higher,4.0,6.0,0.461834,Not trusted,8.0,7.0,0.206088
India,356000568,30.0,Rural,Low,Female,Married,Lower,2.0,5.0,0.356186,Not trusted,10.0,2.0,0.216683
India,356000569,22.0,Urban,Medium,Female,Married,Middle,7.0,7.0,0.517794,Not trusted,3.0,2.0,0.565925
India,356000570,53.0,Rural,Medium,Male,Married,Middle,4.0,6.0,0.341155,Not trusted,3.0,1.0,0.486165
India,356000571,17.0,Rural,Medium,Female,Single,Middle,9.0,9.0,0.340312,Not trusted,8.0,7.0,0.382219
India,356000572,25.0,Rural,Medium,Female,Married,Lower,8.0,6.0,0.287450,Not trusted,8.0,1.0,0.333918
India,356000573,33.0,Urban,Medium,Female,Single,Lower,8.0,6.0,0.538834,Not trusted,10.0,7.0,0.356758
India,356000574,44.0,Rural,Medium,Female,Single,Middle,5.0,10.0,0.339967,Not trusted,10.0,3.0,0.411364
India,356000575,17.0,Rural,Low,Female,Living together as married,Middle,3.0,9.0,0.328220,Not trusted,8.0,5.0,0.144804
India,356000576,17.0,Urban,Medium,Male,Single,Middle,5.0,2.0,0.418028,Not trusted,8.0,1.0,0.410696
India,356000577,50.0,Urban,High,Male,Married,Lower,8.0,10.0,0.271297,Not trusted,10.0,6.0,0.154726
India,356000578,58.0,Rural,Low,Male,Single,Lower,8.0,7.0,0.154266,Not trusted,7.0,4.0,0.662556
India,356000579,28.0,Rural,Low,Male,Single,Higher,10.0,10.0,0.284392,Trusted,10.0,8.0,0.031298
India,356000580,33.0,Rural,High,Female,Single,Higher,8.0,8.0,0.365818,Not trusted,9.0,10.0,0.500285
India,356000581,20.0,Urban,High,Male,Single,Higher,10.0,10.0,0.270778,Not trusted,10.0,7.0,0.074077
India,356000582,40.0,Rural,Low,Male,Married,Middle,5.0,7.0,0.433671,Not trusted,7.0,3.0,0.267450
India,356000583,17.0,Rural,Medium,Male,Married,Higher,5.0,5.0,0.465140,Not trusted,10.0,7.0,0.060214
India,356000584,16.0,Rural,Medium,Female,Married,Lower,10.0,9.0,0.373278,Not trusted,10.0,9.0,0.215809
India,356000585,58.0,Urban,Low,Female,Married,Middle,7.0,8.0,0.366089,Not trusted,10.0,1.0,0.069941
India,356000586,25.0,Rural,Low,Female,Single,Lower,7.0,5.0,0.323402,Not trusted,8.0,4.0,0.039120
India,356000587,30.0,Urban,Low,Male,Married,Middle,6.0,10.0,0.488827,Not trusted,10.0,1.0,0.352174
India,356000588,19.0,Urban,Medium,Female,Married,Middle,6.0,6.0,0.388918,Not trusted,8.0,2.0,0.694985
India,356000589,39.0,Rural,Medium,Female,Single,Middle,5.0,7.0,0.400943,Trusted,10.0,9.0,0.039256
India,356000590,24.0,Rural,Medium,Male,Married,Middle,8.0,1.0,0.502620,Not trusted,1.0,4.0,0.413082
India,356000591,16.0,Rural,Low,Female,Married,Higher,7.0,8.0,0.255304,Not trusted,8.0,4.0,0.180115
India,356000592,16.0,Rural,Medium,Male,Single,Middle,7.0,9.0,0.451737,Not trusted,4.0,10.0,0.157323
India,356000593,48.0,Urban,Low,Female,Single,Middle,10.0,2.0,0.448391,Not trusted,10.0,7.0,0.106427
India,356000594,29.0,Rural,High,Female,Single,Middle,9.0,10.0,0.206169,Not trusted,6.0,10.0,0.123960
India,356000595,30.0,Urban,High,Female,Single,Middle,6.0,8.0,0.359912,Not trusted,10.0,8.0,0.544448
India,356000596,44.0,Rural,Low,Male,Married,Higher,7.0,5.0,0.741641,Not trusted,5.0,5.0,0.375670
India,356000597,53.0,Urban,Low,Female,Single,Middle,5.0,4.0,0.628879,Not trusted,8.0,3.0,0.383380
India,356000598,65.0,Rural,Low,Male,Married,Middle,10.0,10.0,0.229724,Not trusted,10.0,4.0,0.219456
India,356000599,42.0,Rural,High,Female,Married,Middle,5.0,7.0,0.201160,Trusted,10.0,8.0,0.420534
India,356000600,21.0,Rural,Medium,Male,Married,Middle,10.0,7.0,0.263594,Not trusted,8.0,6.0,0.000000
India,356000601,16.0,Rural,High,Female,Married,Higher,10.0,8.0,0.366515,Trusted,10.0,10.0,0.201349
India,356000602,45.0,Urban,Medium,Female,Married,Middle,7.0,10.0,0.182855,Trusted,9.0,4.0,0.152600
India,356000603,18.0,Rural,Medium,Male,Single,Lower,5.0,5.0,0.361048,Not trusted,7.0,6.0,0.287402
India,356000604,46.0,Rural,Medium,Male,Married,Lower,5.0,7.0,0.546751,Not trusted,6.0,5.0,0.266745
India,356000605,22.0,Urban,Low,Male,Single,Lower,7.0,3.0,0.245307,Not trusted,3.0,3.0,0.258588
India,356000606,17.0,Rural,Medium,Male,Single,Middle,5.0,7.0,0.288655,Not trusted,10.0,3.0,0.453840
India,356000607,27.0,Rural,Low,Female,Living together as married,Lower,7.0,10.0,0.455621,Not trusted,10.0,1.0,0.196418
India,356000608,40.0,Urban,Medium,Male,Married,Lower,5.0,6.0,0.525705,Trusted,6.0,2.0,0.503138
India,356000609,78.0,Rural,High,Male,Married,Lower,10.0,10.0,0.200318,Trusted,10.0,10.0,0.270575
India,356000610,33.0,Rural,Medium,Male,Single,Middle,10.0,2.0,0.426306,Not trusted,6.0,6.0,0.002600
India,356000611,20.0,Rural,High,Male,Married,Higher,8.0,4.0,0.551439,Trusted,10.0,6.0,0.164615
India,356000612,66.0,Rural,Low,Female,Married,Middle,1.0,4.0,0.456028,Not trusted,9.0,1.0,0.156088
India,356000613,44.0,Rural,High,Male,Single,Middle,10.0,5.0,0.314063,Trusted,10.0,9.0,0.155998
India,356000614,55.0,Rural,Medium,Female,Widowed,Lower,10.0,7.0,0.440274,Not trusted,10.0,7.0,0.063607
India,356000615,21.0,Rural,Medium,Male,Married,Middle,10.0,9.0,0.102238,Not trusted,10.0,8.0,0.151215
India,356000616,28.0,Rural,Low,Male,Married,Lower,7.0,6.0,0.640804,Not trusted,4.0,7.0,0.499886
India,356000617,34.0,Rural,Medium,Female,Single,Lower,10.0,10.0,0.261024,Not trusted,9.0,10.0,0.092816
India,356000618,22.0,Rural,Low,Male,Married,Middle,7.0,8.0,0.269132,Trusted,7.0,9.0,0.760135
India,356000619,18.0,Rural,Medium,Male,Living together as married,Middle,10.0,9.0,0.408511,Not trusted,10.0,10.0,0.206001
India,356000620,44.0,Rural,Medium,Male,Married,Lower,7.0,9.0,0.437331,Trusted,10.0,5.0,0.176586
India,356000621,30.0,Urban,Low,Male,Married,Middle,9.0,5.0,0.314249,Not trusted,3.0,6.0,0.122871
India,356000622,37.0,Rural,Medium,Female,Married,Middle,9.0,10.0,0.256274,Not trusted,10.0,8.0,0.308445
India,356000623,46.0,Urban,High,Male,Widowed,Middle,5.0,8.0,0.362710,Trusted,10.0,6.0,0.159512
India,356000624,30.0,Rural,Low,Male,Married,Lower,5.0,8.0,0.116878,Not trusted,10.0,5.0,0.228288
India,356000625,40.0,Rural,Low,Male,Married,Middle,8.0,4.0,0.355050,,7.0,4.0,0.467862
India,356000626,22.0,Rural,Medium,Male,Married,Middle,6.0,9.0,0.108256,,9.0,8.0,0.000000
India,356000627,16.0,Urban,Medium,Male,Married,Higher,6.0,8.0,0.558926,Not trusted,8.0,6.0,0.198115
India,356000628,32.0,Rural,Low,Male,Single,Lower,8.0,6.0,0.254594,Not trusted,10.0,5.0,0.166918
India,356000629,43.0,Rural,,Male,Married,Middle,5.0,7.0,0.337401,Not trusted,10.0,7.0,0.377164
India,356000630,17.0,Rural,Medium,Male,Married,Middle,8.0,8.0,0.373010,Not trusted,10.0,5.0,0.156654
India,356000631,56.0,Rural,Low,Female,Married,Lower,9.0,4.0,0.440145,Not trusted,10.0,3.0,0.415420
India,356000632,17.0,Rural,Medium,Male,Married,Lower,10.0,10.0,0.640096,Not trusted,8.0,10.0,0.101934
India,356000633,21.0,Urban,Medium,Male,Married,Lower,9.0,9.0,0.160466,Not trusted,6.0,9.0,0.294634
India,356000634,24.0,Urban,Low,Male,Single,Middle,5.0,9.0,0.551033,Trusted,8.0,4.0,0.215597
India,356000635,26.0,Urban,Medium,Male,Married,Middle,10.0,9.0,0.179469,Not trusted,10.0,5.0,0.200643
India,356000636,25.0,Urban,Low,Male,Married,Middle,10.0,10.0,0.323884,Not trusted,9.0,5.0,0.145241
India,356000637,32.0,Rural,Low,Male,Married,Middle,3.0,4.0,0.493835,Not trusted,4.0,1.0,0.497734
India,356000638,17.0,Rural,Medium,Male,Married,Higher,1.0,1.0,0.371025,Not trusted,1.0,2.0,0.458638
India,356000639,40.0,Urban,Medium,Male,Married,Lower,4.0,8.0,0.569970,Not trusted,8.0,7.0,0.352659
India,356000640,28.0,Rural,Medium,Male,Married,Higher,8.0,9.0,0.449036,Not trusted,9.0,6.0,0.161963
India,356000641,40.0,Rural,Low,Male,Single,Lower,8.0,6.0,0.292606,Not trusted,10.0,7.0,0.277480
India,356000642,42.0,Urban,Low,Male,Single,Middle,5.0,3.0,0.449988,Trusted,10.0,5.0,0.222604
India,356000643,29.0,Rural,Low,Male,Married,Middle,9.0,10.0,0.242473,Not trusted,8.0,9.0,0.486670
India,356000644,59.0,Urban,High,Male,Married,Lower,6.0,4.0,0.267599,Trusted,10.0,7.0,0.195674
India,356000645,17.0,Rural,Medium,Female,Single,Middle,3.0,8.0,0.330569,Not trusted,8.0,6.0,0.190767
India,356000646,27.0,Rural,Medium,Male,Married,Middle,5.0,7.0,0.435461,Trusted,10.0,6.0,0.174364
India,356000647,28.0,Urban,Medium,Male,Single,Middle,10.0,10.0,0.290624,Not trusted,9.0,4.0,0.053496
India,356000648,33.0,Rural,Medium,Male,Married,Middle,6.0,6.0,0.365675,Not trusted,10.0,3.0,0.118828
India,356000649,28.0,Rural,Low,Female,Widowed,Lower,1.0,3.0,0.438804,Not trusted,10.0,3.0,0.287146
India,356000650,28.0,Rural,Medium,Male,Single,Higher,8.0,9.0,0.265966,Not trusted,10.0,10.0,0.258158
India,356000651,31.0,Rural,Medium,Male,Married,Middle,8.0,10.0,0.519788,Not trusted,10.0,1.0,0.106066
India,356000652,33.0,Rural,Low,Male,Married,Lower,1.0,4.0,0.520945,Not trusted,4.0,4.0,0.655499
India,356000653,16.0,Urban,Medium,Male,Married,Middle,7.0,10.0,0.184268,Not trusted,10.0,3.0,0.266189
India,356000654,44.0,Urban,High,Male,Married,Middle,9.0,6.0,0.297244,Not trusted,7.0,8.0,0.125312
India,356000655,40.0,Rural,High,Female,Widowed,Lower,8.0,4.0,0.264556,Trusted,8.0,9.0,0.361227
India,356000656,32.0,Urban,Low,Male,Married,Middle,8.0,3.0,0.249101,Not trusted,3.0,5.0,0.134767
India,356000657,19.0,Rural,High,Male,Single,Higher,7.0,10.0,0.597926,Trusted,9.0,10.0,0.432142
India,356000658,17.0,Rural,Medium,Female,Living together as married,Middle,10.0,7.0,0.274908,Not trusted,10.0,10.0,0.107101
India,356000659,24.0,Rural,High,Female,Married,Lower,10.0,7.0,0.468407,Not trusted,9.0,6.0,0.586643
India,356000660,17.0,Rural,Low,Male,Single,Middle,6.0,8.0,0.279532,Not trusted,8.0,2.0,0.281792
India,356000661,52.0,Rural,Medium,Male,Single,Middle,2.0,5.0,0.370145,Trusted,6.0,1.0,0.182489
India,356000662,22.0,Rural,Low,Female,Married,Middle,1.0,6.0,0.239837,Not trusted,6.0,1.0,0.319700
India,356000663,17.0,Rural,Medium,Male,Married,Middle,6.0,7.0,0.207076,Not trusted,9.0,1.0,0.418376
India,356000664,50.0,Urban,Low,Female,Single,Lower,8.0,9.0,0.400121,Not trusted,10.0,4.0,0.163534
India,356000665,39.0,Rural,High,Male,Single,Middle,10.0,9.0,0.214923,Not trusted,10.0,6.0,0.270698
India,356000666,37.0,Rural,Medium,Male,Married,Lower,10.0,10.0,0.195068,Trusted,10.0,5.0,0.108404
India,356000667,16.0,Urban,High,Female,Single,Higher,10.0,10.0,0.587577,Not trusted,10.0,8.0,0.227608
India,356000668,44.0,Urban,Low,Female,Living together as married,Lower,6.0,5.0,0.281832,Not trusted,6.0,1.0,0.404693
India,356000669,55.0,Rural,Medium,Female,Married,Lower,9.0,9.0,0.437805,Not trusted,8.0,8.0,0.120040
India,356000670,42.0,Rural,Medium,Male,Widowed,Middle,4.0,7.0,0.375170,Not trusted,2.0,1.0,0.306994
India,356000671,40.0,Urban,High,Male,Married,Middle,4.0,7.0,0.563322,Not trusted,10.0,7.0,0.425894
India,356000672,69.0,Urban,Low,Male,Married,Middle,7.0,4.0,0.342569,Trusted,10.0,1.0,0.081054
India,356000673,53.0,Urban,Medium,Male,Single,Middle,3.0,3.0,0.196059,Not trusted,3.0,2.0,0.212321
India,356000674,19.0,Urban,High,Female,Married,Middle,10.0,8.0,0.393105,Not trusted,7.0,8.0,0.181222
India,356000675,41.0,Urban,Medium,Female,Married,Lower,8.0,8.0,0.615615,Not trusted,8.0,8.0,0.173593
India,356000676,16.0,Urban,Medium,Female,Married,Higher,10.0,3.0,0.536168,Not trusted,9.0,8.0,0.050509
India,356000677,54.0,Urban,High,Male,Single,Middle,9.0,10.0,0.200245,Not trusted,8.0,9.0,0.238980
India,356000678,23.0,Rural,Medium,Male,Married,Middle,6.0,4.0,0.267405,Not trusted,7.0,1.0,0.365479
India,356000679,23.0,Urban,Medium,Male,Single,Middle,7.0,10.0,0.186690,Not trusted,9.0,5.0,0.204284
India,356000680,49.0,Rural,Low,Male,Living together as married,Middle,4.0,6.0,0.230006,Not trusted,8.0,1.0,0.073775
India,356000681,49.0,Urban,Medium,Male,Married,Middle,6.0,10.0,0.245815,Trusted,10.0,7.0,0.106873
India,356000682,49.0,Urban,High,Male,Married,Middle,1.0,2.0,0.236322,Not trusted,6.0,3.0,0.270409
India,356000683,62.0,Rural,Medium,Male,Single,Middle,6.0,7.0,0.224480,Not trusted,6.0,8.0,0.193581
India,356000684,53.0,Urban,High,Male,Married,Middle,10.0,10.0,0.153833,Not trusted,10.0,10.0,0.148550
India,356000685,37.0,Rural,Medium,Female,Living together as married,Middle,4.0,6.0,0.187364,Not trusted,6.0,3.0,0.156276
India,356000686,40.0,Rural,Medium,Female,Single,Lower,3.0,5.0,0.542536,Not trusted,8.0,4.0,0.409670
India,356000687,22.0,Rural,Medium,Male,Married,Lower,10.0,10.0,0.321167,Trusted,10.0,8.0,0.211414
India,356000688,17.0,Urban,Low,Female,Married,Middle,7.0,8.0,0.279052,Not trusted,8.0,6.0,0.200775
India,356000689,16.0,Urban,Low,Female,Widowed,Lower,4.0,1.0,0.386313,Not trusted,8.0,4.0,0.413602
India,356000690,17.0,Rural,Medium,Male,Single,Middle,6.0,6.0,0.671301,Not trusted,10.0,1.0,0.159600
India,356000691,42.0,Urban,Medium,Female,Widowed,Lower,7.0,10.0,0.313910,Not trusted,8.0,7.0,0.261807
India,356000692,56.0,Urban,High,Female,Married,Middle,8.0,4.0,0.185047,Not trusted,10.0,10.0,0.116531
India,356000693,16.0,Rural,High,Male,Married,Middle,3.0,4.0,0.314996,Trusted,10.0,3.0,0.534682
India,356000694,36.0,Rural,High,Female,Married,Higher,8.0,10.0,0.327690,Trusted,10.0,10.0,0.520210
India,356000695,46.0,Rural,Medium,Female,Married,Middle,1.0,1.0,0.542562,Not trusted,3.0,3.0,0.437254
India,356000696,48.0,Rural,High,Male,Widowed,Higher,7.0,9.0,0.584891,Not trusted,7.0,10.0,0.579656
India,356000697,47.0,Urban,Medium,Male,Married,Middle,8.0,9.0,0.323027,Not trusted,7.0,10.0,0.283917
India,356000698,46.0,Rural,Medium,Female,Married,Middle,4.0,1.0,0.397472,Trusted,10.0,2.0,0.380770
India,356000699,22.0,Rural,Medium,Male,Married,Higher,10.0,5.0,0.237895,Not trusted,6.0,6.0,0.294556
India,356000700,17.0,Urban,High,Female,Single,Middle,8.0,9.0,0.175022,Trusted,10.0,8.0,0.258162
India,356000701,43.0,Rural,High,Male,Single,Higher,6.0,4.0,0.448276,Not trusted,10.0,7.0,0.350180
India,356000702,28.0,Urban,Medium,Male,Married,Middle,8.0,4.0,0.403435,Trusted,9.0,7.0,0.536514
India,356000703,20.0,Urban,High,Male,Single,Middle,10.0,10.0,0.290600,Not trusted,10.0,5.0,0.119727
India,356000704,47.0,Urban,Medium,Female,Single,Middle,1.0,2.0,0.484866,Not trusted,2.0,6.0,0.528525
India,356000705,17.0,Urban,Medium,Male,Living together as married,Lower,7.0,8.0,0.264033,Not trusted,10.0,7.0,0.234930
India,356000706,16.0,Urban,High,Female,Married,Higher,6.0,8.0,0.515284,Not trusted,4.0,9.0,0.383155
India,356000707,45.0,Rural,Low,Male,Single,Middle,8.0,10.0,0.178908,Not trusted,9.0,,0.486678
India,356000708,18.0,Rural,Medium,Female,Single,Middle,9.0,10.0,0.246000,Not trusted,3.0,10.0,0.219594
India,356000709,17.0,Urban,Medium,Female,Married,Middle,10.0,7.0,0.727815,Not trusted,10.0,6.0,0.501333
India,356000710,17.0,Rural,Medium,Female,Single,Higher,9.0,5.0,0.563420,Not trusted,7.0,4.0,0.368602
India,356000711,30.0,Rural,Medium,Female,Single,Lower,6.0,8.0,0.607706,Not trusted,10.0,8.0,0.272867
India,356000712,17.0,Rural,Low,Male,Single,Middle,6.0,4.0,0.384691,Not trusted,10.0,4.0,0.361707
India,356000713,43.0,Rural,Low,Male,Single,Middle,1.0,1.0,0.457598,Not trusted,1.0,1.0,0.096999
India,356000714,17.0,Rural,Medium,Female,Living together as married,Middle,8.0,8.0,0.361874,Not trusted,8.0,9.0,0.033583
India,356000715,56.0,Rural,Low,Female,Living together as married,Lower,5.0,9.0,0.207543,Not trusted,6.0,5.0,0.370571
India,356000716,66.0,Urban,High,Male,Widowed,Higher,10.0,7.0,0.630138,Trusted,8.0,10.0,0.246394
India,356000717,16.0,Urban,Medium,Female,Widowed,Higher,10.0,8.0,0.421624,Not trusted,9.0,8.0,0.251824
India,356000718,63.0,Rural,Medium,Female,Single,Middle,10.0,10.0,0.470531,Not trusted,8.0,7.0,0.383385
India,356000719,49.0,Urban,Low,Female,Single,Middle,10.0,8.0,0.390394,Not trusted,5.0,8.0,0.460790
India,356000720,22.0,Rural,High,Male,Married,Middle,6.0,,0.328159,Not trusted,8.0,7.0,0.254376
India,356000721,28.0,Rural,Medium,Male,Single,Middle,5.0,6.0,0.131856,Not trusted,9.0,7.0,0.261430
India,356000722,46.0,Rural,Medium,Male,Single,Lower,5.0,6.0,0.248325,Not trusted,7.0,6.0,0.305332
India,356000723,43.0,Rural,Medium,Female,Married,Middle,7.0,9.0,0.722819,Not trusted,8.0,5.0,0.300439
India,356000724,21.0,Urban,Medium,Female,Married,Middle,6.0,1.0,,Not trusted,6.0,3.0,0.378888
India,356000725,41.0,Rural,High,Male,Single,Higher,10.0,5.0,,Trusted,7.0,10.0,0.627865
India,356000726,57.0,Rural,High,Male,Married,Middle,8.0,5.0,0.254321,Not trusted,9.0,6.0,0.284513
India,356000727,52.0,Rural,Medium,Female,Married,Middle,6.0,8.0,0.462032,Not trusted,10.0,7.0,0.076795
India,356000728,17.0,Rural,Low,Male,Married,Middle,3.0,7.0,0.418189,Not trusted,3.0,7.0,0.474076
India,356000729,19.0,Urban,Low,Male,Married,Lower,10.0,8.0,0.598779,Not trusted,9.0,9.0,0.503854
India,356000730,45.0,Rural,Medium,Male,Widowed,Middle,5.0,5.0,0.367787,Trusted,7.0,8.0,0.315823
India,356000731,58.0,Rural,High,Male,Living together as married,Middle,10.0,10.0,0.509198,Trusted,10.0,10.0,0.107641
India,356000732,41.0,Urban,Low,Female,Married,Middle,3.0,8.0,0.655186,Not trusted,7.0,1.0,0.084721
India,356000733,31.0,Urban,Medium,Female,Living together as married,Higher,8.0,4.0,0.410324,Not trusted,3.0,5.0,0.548686
India,356000734,46.0,Rural,Medium,Male,Married,Lower,7.0,3.0,0.564093,Trusted,9.0,8.0,0.258636
India,356000735,16.0,Urban,Low,Male,Married,Middle,6.0,4.0,0.402988,Not trusted,10.0,1.0,0.258834
India,356000736,28.0,Urban,Medium,Male,Living together as married,Middle,8.0,5.0,0.364824,Not trusted,9.0,5.0,0.472471
India,356000737,16.0,Urban,Medium,Female,Married,Middle,7.0,10.0,0.194445,Trusted,9.0,8.0,0.071723
India,356000738,33.0,Urban,High,Female,Married,Middle,8.0,8.0,0.220947,Not trusted,10.0,10.0,0.313069
India,356000739,19.0,Rural,Medium,Male,Single,Higher,5.0,9.0,0.321161,Not trusted,8.0,3.0,0.048683
India,356000740,35.0,Rural,Medium,Male,Widowed,Higher,10.0,10.0,0.587518,Trusted,10.0,10.0,0.000000
India,356000741,24.0,Rural,,Female,Married,Middle,5.0,10.0,0.296060,Not trusted,8.0,4.0,0.059460
India,356000742,17.0,Rural,Low,Male,Married,Middle,5.0,10.0,0.211960,Not trusted,10.0,7.0,0.170942
India,356000743,27.0,Urban,High,Male,Married,Middle,9.0,8.0,0.246314,Not trusted,10.0,6.0,0.256442
India,356000744,16.0,Rural,Low,Male,Single,Middle,8.0,9.0,0.391367,Not trusted,8.0,7.0,0.272185
India,356000745,24.0,Rural,Medium,Male,Living together as married,Middle,10.0,10.0,0.218482,Not trusted,9.0,9.0,0.122348
India,356000746,58.0,Rural,High,Male,Single,Middle,8.0,10.0,0.496463,Trusted,8.0,7.0,0.130290
India,356000747,38.0,Urban,Medium,Female,Married,Higher,10.0,10.0,0.183494,Not trusted,10.0,9.0,0.082489
India,356000748,62.0,Urban,Medium,Female,Married,Lower,7.0,7.0,0.564692,Not trusted,7.0,5.0,0.273276
India,356000749,74.0,Urban,High,Female,Single,Lower,7.0,8.0,0.183507,Not trusted,10.0,5.0,0.400227
India,356000750,34.0,Rural,Medium,Female,Single,Lower,10.0,9.0,0.263020,Not trusted,10.0,5.0,0.087345
India,356000751,46.0,Urban,High,Male,Single,Middle,7.0,8.0,0.524805,Trusted,4.0,8.0,0.162109
India,356000752,52.0,Rural,Medium,Male,Married,Lower,10.0,10.0,0.350308,Not trusted,10.0,8.0,0.107702
India,356000753,58.0,Urban,Medium,Male,Married,Lower,7.0,10.0,0.487322,Not trusted,10.0,7.0,0.089792
India,356000754,24.0,Rural,High,Male,Married,Higher,10.0,8.0,0.414120,Not trusted,7.0,7.0,0.240003
India,356000755,36.0,Rural,Medium,Male,Living together as married,Middle,9.0,8.0,0.322019,Not trusted,10.0,6.0,0.211427
India,356000756,20.0,Urban,Medium,Female,Single,Higher,10.0,,0.220782,Not trusted,10.0,10.0,0.260881
India,356000757,17.0,Rural,High,Male,Single,Middle,7.0,8.0,0.431392,Not trusted,6.0,9.0,0.229101
India,356000758,58.0,Urban,Low,Female,Married,Lower,3.0,3.0,0.296940,Trusted,10.0,5.0,0.209103
India,356000759,38.0,Rural,High,Male,Single,Higher,8.0,10.0,0.494364,Not trusted,8.0,8.0,0.229713
India,356000760,44.0,Rural,High,Male,Married,Lower,2.0,2.0,0.317703,Trusted,7.0,5.0,0.449384
India,356000761,17.0,Rural,High,Male,Married,Middle,10.0,10.0,0.327270,Not trusted,10.0,10.0,0.251346
India,356000762,40.0,Rural,Medium,Male,Living together as married,Middle,8.0,8.0,0.444854,Not trusted,8.0,3.0,0.233368
India,356000763,21.0,Rural,Low,Male,Living together as married,Lower,10.0,6.0,0.266356,Not trusted,10.0,2.0,0.410209
India,356000764,66.0,Rural,High,Male,Married,Higher,6.0,8.0,0.179057,Not trusted,6.0,6.0,0.339160
India,356000765,25.0,Urban,Medium,Female,Married,Middle,10.0,10.0,0.279117,Not trusted,8.0,10.0,0.112589
India,356000766,21.0,Urban,High,Male,Married,Middle,1.0,8.0,0.310268,Not trusted,10.0,7.0,0.175780
India,356000767,21.0,Urban,Medium,Male,Married,Lower,6.0,7.0,0.392503,Not trusted,6.0,8.0,0.083544
India,356000768,28.0,Urban,Medium,Male,Married,Higher,6.0,8.0,0.448977,Not trusted,8.0,1.0,0.312336
India,356000769,20.0,Rural,High,Male,Married,Middle,6.0,10.0,0.264593,Trusted,10.0,7.0,0.077989
India,356000770,58.0,Rural,Medium,Male,Married,Lower,8.0,10.0,0.352559,Not trusted,10.0,10.0,0.172938
India,356000771,17.0,Rural,Low,Female,Single,Lower,4.0,1.0,0.658576,Not trusted,3.0,3.0,0.141036
India,356000772,57.0,Rural,Low,Male,Single,Middle,1.0,3.0,0.538878,Not trusted,6.0,3.0,0.413451
India,356000773,35.0,Rural,Medium,Male,Single,Middle,10.0,6.0,0.541823,Not trusted,10.0,10.0,0.303115
India,356000774,19.0,Rural,Medium,Female,Married,Lower,6.0,8.0,0.445610,Not trusted,2.0,5.0,0.234064
India,356000775,17.0,Rural,Low,Male,Married,Middle,10.0,6.0,0.231201,Not trusted,10.0,10.0,0.153111
India,356000776,16.0,Rural,Low,Male,Married,Middle,9.0,10.0,0.210491,Not trusted,7.0,5.0,0.079124
India,356000777,27.0,Rural,Low,Female,Single,Higher,7.0,10.0,0.316789,Trusted,10.0,8.0,0.119310
India,356000778,54.0,Rural,Medium,Male,Single,Middle,5.0,6.0,0.325675,Not trusted,8.0,1.0,0.397165
India,356000779,59.0,Urban,Low,Female,Married,Higher,10.0,7.0,0.221077,Trusted,6.0,6.0,0.068114
India,356000780,34.0,Rural,High,Female,Single,Higher,10.0,9.0,0.365056,Not trusted,9.0,8.0,0.190223
India,356000781,28.0,Urban,Medium,Male,Single,Higher,10.0,10.0,0.647631,Trusted,10.0,9.0,0.215159
India,356000782,29.0,Rural,Low,Male,Widowed,Middle,2.0,5.0,0.256931,Not trusted,8.0,2.0,0.070878
India,356000783,17.0,Urban,Medium,Female,Living together as married,Middle,9.0,8.0,0.328816,Not trusted,7.0,9.0,0.213378
India,356000784,78.0,Rural,Low,Female,Married,Lower,6.0,3.0,0.431215,Not trusted,1.0,6.0,0.288756
India,356000785,31.0,Urban,Medium,Male,Single,Middle,7.0,10.0,0.113929,Not trusted,7.0,10.0,0.120304
India,356000786,39.0,Rural,Medium,Female,Single,Middle,7.0,8.0,0.575096,Not trusted,6.0,7.0,0.695976
India,356000787,46.0,Urban,Medium,Female,Single,Lower,9.0,10.0,0.340166,Not trusted,10.0,9.0,0.251948
India,356000788,35.0,Urban,Medium,Male,Single,Middle,7.0,8.0,0.455290,Not trusted,9.0,7.0,0.394236
India,356000789,22.0,Rural,Low,Female,Married,Lower,7.0,9.0,0.256333,Not trusted,10.0,7.0,0.067556
India,356000790,21.0,Rural,Medium,Female,Single,Higher,8.0,8.0,0.227677,Not trusted,7.0,8.0,0.086732
India,356000791,27.0,Urban,Low,Male,Married,Middle,5.0,4.0,0.439853,Not trusted,10.0,7.0,0.191707
India,356000792,41.0,Rural,Low,Male,Single,Middle,8.0,7.0,0.447660,Not trusted,7.0,6.0,0.381252
India,356000793,44.0,Urban,Medium,Male,Married,Middle,10.0,10.0,0.201999,Not trusted,10.0,10.0,0.139518
India,356000794,26.0,Rural,Low,Male,Single,Lower,10.0,8.0,0.324520,Not trusted,10.0,5.0,0.317310
India,356000795,16.0,Rural,Medium,Female,Married,Higher,10.0,10.0,0.362714,Not trusted,10.0,9.0,0.152151
India,356000796,16.0,Rural,Low,Male,Widowed,Middle,2.0,6.0,0.321397,Not trusted,4.0,7.0,0.356298
India,356000797,18.0,Rural,High,Male,Single,Higher,7.0,10.0,0.534617,Trusted,7.0,5.0,0.112659
India,356000798,22.0,Urban,Medium,Female,Single,Middle,7.0,10.0,0.301077,Not trusted,3.0,10.0,0.112147
India,356000799,21.0,Rural,Medium,Male,Married,Middle,10.0,10.0,0.356503,Trusted,10.0,8.0,0.246790
India,356000800,29.0,Rural,Medium,Female,Married,Middle,7.0,6.0,,Not trusted,4.0,7.0,0.318722
India,356000801,54.0,Rural,Medium,Male,Married,Lower,8.0,9.0,0.356035,Not trusted,8.0,6.0,0.109699
India,356000802,16.0,Rural,Medium,Male,Married,Middle,9.0,7.0,0.198588,Not trusted,10.0,7.0,0.198599
India,356000803,37.0,Rural,Low,Male,Single,Higher,7.0,3.0,0.330131,Not trusted,10.0,3.0,0.648651
India,356000804,17.0,Urban,Medium,Male,Married,Lower,7.0,8.0,0.211307,Trusted,10.0,6.0,0.280196
India,356000805,22.0,Urban,High,Male,Single,Higher,10.0,10.0,0.199935,Trusted,10.0,10.0,0.331644
India,356000806,54.0,Urban,Low,Female,Married,Lower,10.0,6.0,0.187471,Not trusted,10.0,7.0,0.245701
India,356000807,52.0,Urban,Medium,Female,Married,Middle,7.0,7.0,0.144667,Not trusted,10.0,6.0,0.009693
India,356000808,23.0,Urban,High,Female,Single,Lower,10.0,8.0,0.357732,Not trusted,6.0,10.0,0.434278
India,356000809,48.0,Rural,High,Male,Married,Middle,10.0,8.0,0.532241,Trusted,10.0,8.0,0.104183
India,356000810,39.0,Rural,High,Male,Married,Lower,10.0,9.0,0.319931,Not trusted,8.0,10.0,0.423693
India,356000811,39.0,Rural,Medium,Male,Married,Lower,7.0,6.0,0.376983,Not trusted,7.0,6.0,0.331115
India,356000812,58.0,Rural,Medium,Male,Single,Middle,10.0,10.0,0.515660,Not trusted,8.0,9.0,0.191146
India,356000813,56.0,Rural,Low,Female,Single,Lower,10.0,9.0,0.362878,Not trusted,7.0,5.0,0.041625
India,356000814,38.0,Urban,High,Male,Single,Higher,10.0,10.0,0.371937,Not trusted,10.0,8.0,0.036161
India,356000815,27.0,Urban,Medium,Male,Living together as married,Middle,5.0,7.0,0.325902,Trusted,4.0,5.0,0.246581
India,356000816,39.0,Rural,High,Male,Married,Middle,8.0,10.0,0.506561,Not trusted,10.0,9.0,0.059092
India,356000817,27.0,Rural,Medium,Female,Single,Middle,7.0,8.0,0.434247,Not trusted,6.0,4.0,0.431472
India,356000818,20.0,Urban,Low,Female,Married,Lower,10.0,9.0,0.405560,Not trusted,9.0,9.0,0.080559
India,356000819,17.0,Rural,Low,Female,Single,Middle,8.0,6.0,0.344069,Not trusted,6.0,7.0,0.166948
India,356000820,56.0,Rural,Medium,Male,Married,Lower,7.0,1.0,0.467250,Trusted,1.0,3.0,0.489554
India,356000821,33.0,Rural,Medium,Male,Married,Lower,8.0,10.0,0.742834,Not trusted,4.0,7.0,0.455779
India,356000822,21.0,Rural,High,Male,Married,Higher,10.0,10.0,0.430642,Not trusted,6.0,10.0,0.191464
India,356000823,28.0,Urban,High,Male,Married,Higher,5.0,7.0,0.340347,Not trusted,1.0,3.0,0.396243
India,356000824,50.0,Rural,Medium,Male,Single,Middle,8.0,10.0,0.555151,Not trusted,,8.0,0.601397
India,356000825,20.0,Rural,Medium,Male,Living together as married,Lower,5.0,7.0,0.394048,Not trusted,9.0,5.0,0.228958
India,356000826,17.0,Urban,Low,Female,Single,Middle,8.0,9.0,0.469303,Trusted,5.0,6.0,0.157365
India,356000827,59.0,Urban,Medium,Female,Living together as married,Middle,10.0,10.0,0.393566,Not trusted,9.0,8.0,0.163156
India,356000828,68.0,Rural,Low,Male,Single,Lower,9.0,8.0,0.404314,Not trusted,10.0,9.0,0.137362
India,356000829,18.0,Rural,High,Female,Living together as married,Lower,5.0,7.0,0.609971,Not trusted,5.0,2.0,0.401204
India,356000830,39.0,Rural,Medium,Female,Living together as married,Higher,8.0,1.0,0.367133,Not trusted,9.0,6.0,0.208210
India,356000831,16.0,Rural,Medium,Female,Married,Middle,8.0,9.0,0.564447,Not trusted,3.0,6.0,0.192401
India,356000832,19.0,Rural,High,Male,Married,Higher,10.0,10.0,0.214718,Not trusted,10.0,8.0,0.184748
India,356000833,26.0,Rural,Low,Male,Single,Higher,6.0,4.0,0.402213,Not trusted,10.0,7.0,0.106426
India,356000834,24.0,Urban,Low,Female,Married,Middle,4.0,5.0,0.132656,Not trusted,10.0,3.0,0.082180
India,356000835,33.0,Urban,Medium,Female,Single,,7.0,4.0,0.411449,Not trusted,10.0,8.0,0.583147
India,356000836,22.0,Rural,Low,Female,Single,Lower,8.0,5.0,0.492199,Not trusted,10.0,2.0,0.348373
India,356000837,52.0,Urban,Medium,Female,Married,Lower,9.0,9.0,0.116572,Trusted,9.0,10.0,0.182907
India,356000838,54.0,Rural,Low,Male,Married,Middle,7.0,7.0,0.249918,Not trusted,6.0,7.0,0.098218
India,356000839,17.0,Rural,Low,Female,Married,Middle,4.0,9.0,0.486963,Not trusted,8.0,2.0,0.152796
India,356000840,49.0,Rural,High,Female,Single,Higher,7.0,,0.268241,Trusted,2.0,2.0,0.104671
India,356000841,16.0,Rural,High,Female,Married,Higher,5.0,7.0,0.630349,Not trusted,10.0,7.0,0.173926
India,356000842,17.0,Urban,Medium,Female,Married,Higher,8.0,7.0,0.607652,Not trusted,8.0,5.0,0.254120
India,356000843,44.0,Rural,Low,Female,Married,Lower,6.0,6.0,0.522197,Not trusted,8.0,4.0,0.221941
India,356000844,63.0,Rural,Medium,Male,Single,Lower,10.0,10.0,0.170981,Not trusted,10.0,8.0,0.121739
India,356000845,55.0,Rural,Medium,Female,Married,Middle,10.0,8.0,0.127605,Not trusted,10.0,9.0,0.101164
India,356000846,67.0,Urban,Low,Male,Married,Lower,6.0,10.0,0.151964,Not trusted,9.0,9.0,0.078990
India,356000847,43.0,Urban,Low,Male,Married,Middle,6.0,,0.116430,Not trusted,5.0,2.0,0.076974
India,356000848,17.0,Urban,Medium,Male,Married,Higher,10.0,6.0,0.423488,Not trusted,10.0,9.0,0.118775
India,356000849,55.0,Urban,Medium,Female,Single,Lower,3.0,2.0,0.589584,Not trusted,10.0,1.0,0.111136
India,356000850,52.0,Rural,High,Male,Widowed,Middle,10.0,7.0,0.502971,Not trusted,8.0,9.0,0.467740
India,356000851,42.0,Urban,Low,Male,Single,Middle,8.0,7.0,0.380667,Not trusted,2.0,5.0,0.216415
India,356000852,30.0,Rural,Medium,Male,Single,Middle,5.0,9.0,0.480525,Trusted,10.0,9.0,0.066647
India,356000853,41.0,Rural,Low,Male,Married,Higher,10.0,10.0,0.465545,Not trusted,7.0,7.0,0.175961
India,356000854,41.0,Rural,Medium,Male,Single,Lower,7.0,6.0,0.526989,Not trusted,8.0,7.0,0.105458
India,356000855,48.0,Rural,Medium,Male,Single,Lower,10.0,10.0,0.256146,Not trusted,10.0,8.0,0.173448
India,356000856,17.0,Urban,Low,Male,Single,Lower,6.0,6.0,0.326439,Not trusted,10.0,7.0,0.358248
India,356000857,44.0,Urban,Medium,Female,Married,Middle,8.0,10.0,0.199112,Not trusted,10.0,3.0,0.202624
India,356000858,17.0,Rural,Medium,Female,Living together as married,Middle,3.0,5.0,0.385205,Not trusted,5.0,5.0,0.321239
India,356000859,25.0,Urban,Low,Male,Married,Lower,8.0,5.0,0.334072,Not trusted,10.0,6.0,0.193720
India,356000860,33.0,Rural,Medium,Male,Married,Lower,6.0,8.0,0.371365,Not trusted,10.0,8.0,0.034229
India,356000861,64.0,Rural,Medium,Female,Single,Middle,10.0,10.0,0.175863,Trusted,,6.0,0.177582
India,356000862,25.0,Rural,Medium,Female,Single,Middle,10.0,10.0,0.244815,Not trusted,9.0,8.0,0.133061
India,356000863,17.0,Urban,Medium,Male,Married,Middle,5.0,8.0,0.506208,Not trusted,10.0,10.0,0.288559
India,356000864,24.0,Urban,Medium,Female,Married,Lower,5.0,1.0,0.294792,Not trusted,9.0,3.0,0.305337
India,356000865,49.0,Rural,High,Male,Living together as married,Middle,9.0,10.0,0.518776,Trusted,10.0,5.0,0.147581
India,356000866,55.0,Urban,Medium,Male,Married,Middle,7.0,10.0,0.144216,Trusted,10.0,6.0,0.257568
India,356000867,25.0,Rural,Medium,Female,Married,Middle,10.0,9.0,0.129742,Not trusted,7.0,8.0,0.291898
India,356000868,66.0,Urban,Low,Male,Married,,1.0,5.0,0.401227,Not trusted,7.0,3.0,0.156834
India,356000869,51.0,Rural,Medium,Male,Married,Middle,7.0,7.0,0.449933,Trusted,4.0,3.0,0.408160
India,356000870,27.0,Urban,Medium,Female,Living together as married,Middle,9.0,8.0,0.232105,Not trusted,9.0,5.0,0.196847
India,356000871,35.0,Rural,Medium,Male,Married,Middle,3.0,2.0,0.221319,Not trusted,10.0,1.0,0.147689
India,356000872,21.0,Urban,Medium,Male,Single,Middle,8.0,10.0,0.184395,Not trusted,3.0,7.0,0.236945
India,356000873,28.0,Urban,Medium,Male,Married,Middle,7.0,8.0,0.399417,Not trusted,7.0,8.0,0.549469
India,356000874,17.0,Urban,Medium,Female,Married,Middle,10.0,8.0,0.380025,Not trusted,8.0,10.0,0.344513
India,356000875,53.0,Urban,Medium,Male,Single,Middle,10.0,10.0,0.183606,Not trusted,10.0,7.0,0.202204
India,356000876,32.0,Urban,Low,Male,Single,Lower,8.0,7.0,0.379454,Not trusted,6.0,4.0,0.300526
India,356000877,43.0,Rural,High,Female,Married,Middle,10.0,9.0,0.439221,Not trusted,10.0,10.0,0.153795
India,356000878,52.0,Urban,Low,Male,Married,Middle,9.0,10.0,0.465478,Not trusted,8.0,6.0,0.084715
India,356000879,17.0,Rural,Medium,Male,Married,Middle,10.0,7.0,0.368397,Not trusted,4.0,10.0,0.419770
India,356000880,50.0,Urban,Medium,Female,Married,Lower,6.0,8.0,0.566920,Not trusted,10.0,5.0,0.457205
India,356000881,25.0,Rural,Medium,Male,Single,Middle,10.0,10.0,0.175999,Trusted,10.0,8.0,0.080928
India,356000882,58.0,Urban,Medium,Female,Married,Middle,10.0,7.0,0.253715,Not trusted,5.0,8.0,0.185006
India,356000883,53.0,Rural,High,Male,Married,Lower,6.0,5.0,0.328425,Not trusted,10.0,4.0,0.341060
India,356000884,34.0,Rural,Low,Female,Married,Higher,10.0,10.0,0.346003,Not trusted,10.0,9.0,0.073245
India,356000885,21.0,Rural,Medium,Male,Single,Lower,6.0,3.0,0.233211,Not trusted,10.0,1.0,0.289478
India,356000886,40.0,Rural,High,Female,Single,Middle,7.0,6.0,0.529629,Not trusted,7.0,9.0,0.258682
India,356000887,34.0,Rural,Medium,Female,Single,Middle,5.0,5.0,0.279130,Not trusted,9.0,2.0,0.315306
India,356000888,16.0,Rural,High,Male,Living together as married,Middle,10.0,10.0,0.424205,Not trusted,10.0,10.0,0.261458
India,356000889,32.0,Urban,Medium,Male,Single,Lower,7.0,6.0,0.255681,Not trusted,10.0,7.0,0.207789
India,356000890,42.0,Rural,,Female,Single,Middle,8.0,10.0,0.208859,Not trusted,10.0,4.0,0.397381
India,356000891,40.0,Urban,High,Male,Single,Higher,10.0,2.0,0.435028,Not trusted,5.0,4.0,0.452247
India,356000892,17.0,Urban,High,Male,Married,Higher,10.0,10.0,0.527608,Not trusted,10.0,6.0,0.325499
India,356000893,48.0,Rural,Medium,Male,Married,Lower,7.0,8.0,0.537029,Not trusted,2.0,10.0,0.475041
India,356000894,25.0,Urban,High,Male,Married,Higher,10.0,8.0,0.503980,Trusted,3.0,9.0,0.404798
India,356000895,40.0,Rural,Medium,Male,Married,Higher,7.0,8.0,0.430403,Not trusted,4.0,7.0,0.379333
India,356000896,26.0,Rural,Medium,Male,Living together as married,Lower,10.0,10.0,0.140385,Not trusted,10.0,5.0,0.152747
India,356000897,24.0,Urban,Medium,Male,Married,Middle,7.0,9.0,0.306526,Not trusted,6.0,5.0,0.078854
India,356000898,41.0,Urban,Medium,Female,Married,Middle,9.0,10.0,0.428657,Not trusted,10.0,8.0,0.536577
India,356000899,34.0,Urban,Medium,Male,Married,Middle,8.0,8.0,0.292891,Not trusted,10.0,6.0,0.352010
India,356000900,49.0,Rural,Low,Female,Married,Lower,8.0,6.0,0.204927,Trusted,6.0,2.0,0.166814
India,356000901,39.0,Rural,Medium,Female,Widowed,Higher,6.0,8.0,0.546115,Not trusted,10.0,2.0,0.521559
India,356000902,54.0,Rural,Medium,Male,Married,Middle,10.0,6.0,0.290680,Trusted,10.0,8.0,0.217157
India,356000903,52.0,Rural,Medium,Female,Living together as married,Middle,2.0,8.0,0.473665,Not trusted,3.0,6.0,0.414850
India,356000904,16.0,Urban,Low,Male,Single,Middle,9.0,6.0,0.384562,Not trusted,10.0,7.0,0.098590
India,356000905,17.0,Rural,Low,Female,Single,Higher,7.0,6.0,0.372623,Not trusted,7.0,5.0,0.224985
India,356000906,17.0,Rural,High,Male,Married,Middle,6.0,5.0,0.246916,Not trusted,10.0,5.0,0.050340
India,356000907,17.0,Rural,Medium,Male,Divorced,Lower,5.0,4.0,0.377681,Not trusted,9.0,8.0,0.473791
India,356000908,23.0,Urban,Medium,Female,Single,Higher,8.0,9.0,0.493317,Trusted,6.0,9.0,0.642884
India,356000909,52.0,Urban,High,Male,Single,Lower,10.0,10.0,0.483097,Not trusted,8.0,10.0,0.149986
India,356000910,39.0,Rural,Medium,Male,Married,Middle,9.0,5.0,0.255726,Not trusted,5.0,10.0,0.178331
India,356000911,50.0,Rural,Low,Male,Married,Middle,2.0,9.0,0.529110,Not trusted,5.0,5.0,
India,356000912,35.0,Rural,Low,Female,Single,Lower,5.0,4.0,0.629362,Not trusted,2.0,3.0,0.537186
India,356000913,53.0,Rural,Low,Female,Married,Middle,8.0,2.0,0.316103,Not trusted,8.0,2.0,0.133003
India,356000914,22.0,Urban,Medium,Female,Married,Middle,7.0,8.0,0.612041,Not trusted,10.0,,0.117091
India,356000915,50.0,Rural,Medium,Male,Married,Middle,6.0,9.0,0.350847,Not trusted,8.0,7.0,0.400210
India,356000916,26.0,Rural,Medium,Male,Single,Middle,10.0,10.0,0.621784,Not trusted,10.0,8.0,0.081138
India,356000917,22.0,Rural,Medium,Male,Married,Higher,5.0,5.0,0.329039,Not trusted,1.0,1.0,0.320101
India,356000918,39.0,Rural,Medium,Female,Single,Lower,4.0,5.0,0.353721,Not trusted,10.0,4.0,0.358578
India,356000919,19.0,Urban,Medium,Male,Married,Middle,10.0,10.0,0.276098,Not trusted,9.0,5.0,0.158921
India,356000920,30.0,Urban,Medium,Male,Single,Higher,8.0,3.0,0.229396,Not trusted,10.0,8.0,0.180926
India,356000921,76.0,Rural,High,Male,Married,Higher,10.0,10.0,0.403170,Not trusted,8.0,9.0,0.287439
India,356000922,31.0,Rural,Medium,Female,Single,Lower,8.0,8.0,0.303474,Not trusted,6.0,7.0,0.349969
India,356000923,18.0,Urban,Low,Male,Married,Lower,6.0,5.0,0.358426,Not trusted,2.0,4.0,0.274265
India,356000924,48.0,Rural,Low,Male,Single,Lower,1.0,2.0,0.385035,Not trusted,4.0,1.0,0.132764
India,356000925,41.0,Rural,Medium,Female,Married,Middle,3.0,2.0,0.379499,Not trusted,7.0,7.0,0.263740
India,356000926,59.0,Rural,Medium,Female,Married,Middle,10.0,8.0,0.294924,Not trusted,10.0,8.0,0.329391
India,356000927,38.0,Urban,High,Male,Married,Middle,10.0,8.0,0.377980,Not trusted,10.0,10.0,0.270971
India,356000928,23.0,Urban,Medium,Female,Married,Middle,10.0,9.0,0.563294,Not trusted,10.0,7.0,0.271006
India,356000929,18.0,Rural,Medium,Male,Single,Middle,10.0,10.0,0.269146,Not trusted,,7.0,0.078906
India,356000930,17.0,Urban,Low,Female,Married,Lower,9.0,9.0,0.143408,Not trusted,6.0,8.0,0.135931
India,356000931,16.0,Rural,Medium,Male,Single,Higher,5.0,6.0,0.273850,Trusted,6.0,4.0,0.302476
India,356000932,29.0,Rural,Medium,Female,Married,Higher,10.0,9.0,0.432538,Trusted,10.0,7.0,0.235677
India,356000933,43.0,Rural,High,Female,Married,Higher,6.0,6.0,0.549948,Not trusted,1.0,3.0,0.578186
India,356000934,51.0,Urban,Low,Female,Married,Middle,7.0,4.0,0.317326,Not trusted,6.0,1.0,0.255154
India,356000935,47.0,Urban,Low,Female,Single,Lower,5.0,8.0,0.084925,Not trusted,3.0,4.0,0.187307
India,356000936,26.0,Rural,Low,Male,Married,Higher,3.0,1.0,0.689172,Not trusted,1.0,3.0,0.382269
India,356000937,16.0,Urban,Low,Male,Single,Middle,10.0,8.0,0.381523,Not trusted,10.0,9.0,0.236388
India,356000938,36.0,Rural,Low,Female,Married,Middle,7.0,6.0,0.450172,Not trusted,4.0,5.0,0.075876
India,356000939,36.0,Rural,,Male,Widowed,Lower,8.0,10.0,0.465995,Not trusted,6.0,7.0,0.523236
India,356000940,16.0,Urban,Low,Male,Married,Middle,4.0,5.0,0.601203,Not trusted,6.0,4.0,0.267163
India,356000941,16.0,Rural,Low,Female,Married,Middle,8.0,9.0,0.158696,Not trusted,7.0,10.0,0.230030
India,356000942,17.0,Rural,Low,Male,Married,Middle,8.0,8.0,0.383867,Not trusted,8.0,6.0,0.044124
India,356000943,32.0,Urban,Medium,Female,Married,Lower,10.0,10.0,0.333916,Not trusted,10.0,6.0,0.094043
India,356000944,17.0,Urban,Medium,Male,Married,Middle,10.0,9.0,0.446237,Not trusted,10.0,7.0,0.338511
India,356000945,16.0,Urban,Medium,Male,Single,Middle,3.0,2.0,0.309107,Not trusted,5.0,5.0,0.208966
India,356000946,24.0,Rural,Medium,Female,Single,Middle,10.0,10.0,0.379089,Not trusted,10.0,7.0,0.309687
India,356000947,17.0,Rural,Low,Female,Single,Lower,10.0,7.0,0.396008,Not trusted,10.0,6.0,0.187162
India,356000948,47.0,Rural,Medium,Female,Married,Middle,7.0,7.0,0.271794,Not trusted,7.0,8.0,0.067502
India,356000949,52.0,Rural,,Female,Single,Middle,4.0,7.0,0.333345,Not trusted,10.0,6.0,0.205830
India,356000950,22.0,Rural,High,Male,Married,Lower,1.0,1.0,0.296373,Not trusted,5.0,2.0,0.287299
India,356000951,16.0,Rural,Medium,Female,Married,Middle,6.0,10.0,0.370694,Not trusted,10.0,3.0,0.195991
India,356000952,50.0,Rural,Medium,Male,Married,Lower,6.0,8.0,0.103662,Not trusted,10.0,7.0,0.329898
India,356000953,51.0,Urban,Medium,Female,Married,Middle,9.0,10.0,0.475917,Not trusted,9.0,9.0,0.163548
India,356000954,45.0,Urban,Low,Female,Single,Lower,4.0,5.0,0.264716,Trusted,5.0,5.0,0.177783
India,356000955,35.0,Rural,Medium,Female,Living together as married,Lower,3.0,2.0,0.183034,Not trusted,8.0,1.0,0.324195
India,356000956,25.0,Rural,Medium,Male,Living together as married,Lower,8.0,10.0,0.464540,Trusted,5.0,6.0,0.399657
India,356000957,62.0,Rural,High,Female,Married,Lower,7.0,9.0,0.304195,Not trusted,8.0,7.0,0.127847
India,356000958,54.0,Rural,Medium,Male,Single,Middle,10.0,8.0,0.476255,Not trusted,10.0,9.0,0.107403
India,356000959,30.0,Rural,Medium,Female,Living together as married,Middle,9.0,6.0,0.360874,Trusted,,8.0,0.200186
India,356000960,73.0,Rural,High,Male,Married,Middle,9.0,8.0,0.399307,Trusted,10.0,8.0,0.079559
India,356000961,39.0,Urban,High,Male,Married,Lower,8.0,10.0,0.189845,Not trusted,10.0,8.0,0.108369
India,356000962,33.0,Urban,High,Female,Married,Middle,10.0,10.0,0.404695,Not trusted,8.0,7.0,0.335560
India,356000963,31.0,Rural,Medium,Male,Living together as married,Middle,10.0,9.0,0.352452,Not trusted,9.0,8.0,0.205332
India,356000964,26.0,Rural,Medium,Male,Married,Middle,10.0,10.0,0.053977,Not trusted,10.0,9.0,0.059718
India,356000965,17.0,Rural,Medium,Male,Single,Middle,8.0,5.0,0.531167,Not trusted,9.0,7.0,0.120545
India,356000966,17.0,Rural,Medium,Male,Married,Middle,7.0,9.0,0.435414,Not trusted,8.0,5.0,0.406655
India,356000967,63.0,Rural,Low,Male,Married,Lower,10.0,9.0,0.436620,Not trusted,7.0,7.0,0.468776
India,356000968,40.0,Rural,High,Male,Living together as married,Lower,9.0,7.0,0.239593,Trusted,9.0,8.0,0.321890
India,356000969,16.0,Rural,High,Male,Married,Higher,10.0,10.0,0.380750,Not trusted,10.0,10.0,0.223575
India,356000970,40.0,Urban,Medium,Male,Single,Middle,10.0,10.0,0.277595,Trusted,10.0,10.0,0.402075
India,356000971,48.0,Urban,High,Male,Living together as married,Lower,9.0,6.0,0.282411,Not trusted,9.0,9.0,0.394670
India,356000972,51.0,Rural,Low,Male,Single,Higher,7.0,10.0,0.081110,,6.0,4.0,0.213770
India,356000973,27.0,Urban,High,Male,Living together as married,Higher,6.0,7.0,0.250832,Trusted,9.0,7.0,0.304758
India,356000974,28.0,Urban,Low,Female,Married,Middle,6.0,8.0,0.157073,Not trusted,7.0,6.0,0.364907
India,356000975,23.0,Urban,High,Female,Single,Lower,10.0,10.0,0.210361,Not trusted,6.0,10.0,0.201012
India,356000976,25.0,Rural,Low,Female,Married,Higher,5.0,6.0,0.462872,Not trusted,6.0,4.0,0.388398
India,356000977,27.0,Rural,High,Male,Single,Middle,10.0,4.0,0.273140,Not trusted,6.0,9.0,0.292730
India,356000978,16.0,Urban,High,Female,Single,Higher,8.0,10.0,0.540517,Not trusted,2.0,10.0,0.242951
India,356000979,58.0,Rural,Low,Male,Single,Lower,3.0,2.0,0.342171,Not trusted,6.0,8.0,0.444896
India,356000980,34.0,Rural,Low,Male,Single,Middle,10.0,9.0,0.247184,Not trusted,6.0,9.0,0.408886
India,356000981,21.0,Urban,Low,Male,Single,Middle,6.0,2.0,0.333150,Not trusted,10.0,7.0,0.437966
India,356000982,50.0,Urban,Medium,Male,Married,Lower,10.0,10.0,0.159643,Not trusted,7.0,4.0,0.269613
India,356000983,17.0,Urban,Low,Female,Single,Middle,7.0,4.0,0.601639,Not trusted,1.0,7.0,0.264309
India,356000984,22.0,Urban,Low,Male,Married,Middle,7.0,8.0,0.303257,Not trusted,8.0,8.0,0.488166
India,356000985,56.0,Rural,Medium,Female,Single,Higher,5.0,5.0,0.448211,Not trusted,9.0,8.0,0.433080
India,356000986,17.0,Urban,Medium,Female,Married,Lower,5.0,1.0,0.398577,Not trusted,8.0,8.0,0.382511
India,356000987,35.0,Rural,High,Male,Married,Higher,6.0,8.0,0.663812,Not trusted,3.0,9.0,0.382305
India,356000988,23.0,Rural,Low,Female,Single,Lower,1.0,9.0,0.321427,Not trusted,10.0,6.0,0.394838
India,356000989,25.0,Rural,Medium,Female,Married,Middle,10.0,8.0,,Not trusted,10.0,8.0,0.213901
India,356000990,36.0,Urban,Medium,Male,Living together as married,Lower,4.0,4.0,0.247521,Not trusted,10.0,5.0,0.102846
India,356000991,51.0,Rural,Medium,Female,Married,Middle,7.0,10.0,0.541556,Not trusted,10.0,9.0,0.179850
India,356000992,32.0,Rural,Medium,Female,Married,Lower,8.0,10.0,0.324010,Not trusted,10.0,7.0,0.210227
India,356000993,23.0,Rural,Medium,Male,Single,Middle,8.0,9.0,0.383884,Not trusted,10.0,9.0,0.198036
India,356000994,45.0,Urban,Medium,Female,Married,Middle,8.0,8.0,0.461867,Trusted,9.0,2.0,0.587510
India,356000995,22.0,Rural,Medium,Male,Married,Higher,10.0,10.0,0.288694,Trusted,10.0,10.0,0.311881
India,356000996,30.0,Rural,Low,Female,Single,Lower,8.0,10.0,0.418652,Not trusted,5.0,7.0,0.543736
India,356000997,32.0,Rural,High,Female,Married,Lower,8.0,8.0,0.538823,Not trusted,10.0,7.0,
India,356000998,17.0,Urban,Low,Female,Married,Middle,6.0,4.0,0.525527,Not trusted,5.0,1.0,0.170696
India,356000999,39.0,Rural,Medium,Male,Single,Middle,10.0,9.0,0.594772,Not trusted,6.0,10.0,0.364875
India,356001000,69.0,Rural,Medium,Female,Single,Middle,8.0,8.0,0.516710,Trusted,2.0,9.0,0.218741
India,356001001,16.0,Rural,Medium,Male,Married,Higher,10.0,9.0,0.543262,Not trusted,9.0,10.0,0.450392
India,356001002,35.0,Rural,Medium,Male,Married,Middle,4.0,8.0,0.176076,Not trusted,9.0,1.0,0.068297
India,356001003,18.0,Rural,Medium,Male,Single,Higher,7.0,9.0,0.600808,Trusted,8.0,5.0,0.355213
India,356001004,21.0,Urban,High,Female,Married,Higher,9.0,10.0,0.410659,Not trusted,10.0,9.0,0.563302
India,356001005,21.0,Urban,Medium,Male,Married,Middle,6.0,1.0,0.449415,Not trusted,10.0,6.0,0.288555
India,356001006,16.0,Rural,Medium,Male,Single,Middle,4.0,7.0,0.221873,Not trusted,10.0,4.0,0.038044
India,356001007,17.0,Urban,Low,Female,Single,Higher,2.0,1.0,0.560922,Not trusted,7.0,2.0,0.675918
India,356001008,17.0,Rural,Medium,Male,Married,Higher,7.0,5.0,0.551318,Trusted,5.0,10.0,0.383090
India,356001009,45.0,Rural,High,Female,Married,Higher,9.0,7.0,0.792219,Not trusted,9.0,9.0,0.418195
India,356001010,73.0,Urban,Medium,Female,Married,Lower,10.0,10.0,0.442520,Not trusted,10.0,10.0,0.123482
India,356001011,16.0,Urban,Low,Male,Single,Lower,6.0,1.0,0.352883,Not trusted,8.0,5.0,0.400155
India,356001012,42.0,Rural,Medium,Female,Married,Middle,5.0,7.0,0.182562,Not trusted,6.0,6.0,0.334173
India,356001013,57.0,Rural,Low,Female,Married,Lower,8.0,10.0,0.321795,Not trusted,10.0,8.0,0.248971
India,356001014,17.0,Rural,Medium,Male,Single,Lower,4.0,8.0,0.472796,Not trusted,10.0,5.0,0.182507
India,356001015,33.0,Rural,Medium,Female,Widowed,Higher,5.0,4.0,0.248493,Trusted,7.0,3.0,0.236575
India,356001016,51.0,Urban,Medium,Male,Single,Lower,,3.0,0.390704,Trusted,7.0,8.0,0.239078
India,356001017,17.0,Rural,,Male,Single,Higher,10.0,8.0,0.380346,Trusted,10.0,7.0,0.217275
India,356001018,39.0,Rural,Medium,Male,Living together as married,Higher,10.0,10.0,0.377563,Not trusted,8.0,10.0,0.194022
India,356001019,44.0,Urban,High,Male,Married,Higher,9.0,8.0,0.372245,Not trusted,10.0,4.0,0.371815
India,356001020,49.0,Rural,Medium,Female,Living together as married,Lower,7.0,2.0,0.506929,Not trusted,10.0,7.0,0.278883
India,356001021,42.0,Rural,Low,Male,Married,Lower,7.0,7.0,0.273472,Not trusted,9.0,10.0,0.199073
India,356001022,21.0,Rural,Medium,Male,Married,Higher,10.0,10.0,0.381126,Not trusted,8.0,9.0,0.112655
India,356001023,44.0,Rural,Medium,Female,Single,Middle,5.0,9.0,0.101957,Not trusted,9.0,1.0,0.244218
India,356001024,30.0,Rural,Medium,Male,Married,Higher,9.0,10.0,0.600437,Trusted,7.0,5.0,0.338728
India,356001025,25.0,Rural,High,Female,Married,Middle,8.0,5.0,0.333645,Not trusted,6.0,7.0,0.230789
India,356001026,78.0,Rural,High,Female,Single,Middle,8.0,9.0,0.303865,Trusted,10.0,7.0,0.165240
India,356001027,40.0,Rural,High,Male,Married,Higher,7.0,6.0,0.586708,Trusted,8.0,10.0,0.154583
India,356001028,19.0,Rural,Low,Male,Married,Middle,7.0,7.0,0.553677,Not trusted,8.0,2.0,0.418922
India,356001029,56.0,Rural,Medium,Male,Married,Middle,7.0,3.0,0.420534,Trusted,10.0,5.0,0.223783
India,356001030,56.0,Rural,High,Male,Married,Middle,7.0,7.0,0.225295,Trusted,10.0,7.0,0.296737
India,356001031,35.0,Rural,Medium,Male,Married,Lower,10.0,8.0,0.250310,Not trusted,10.0,6.0,0.170967
India,356001032,28.0,Rural,Medium,Male,Married,Higher,3.0,,0.550643,Not trusted,7.0,6.0,0.190842
India,356001033,55.0,Rural,High,Male,Married,Middle,9.0,10.0,0.254946,Trusted,10.0,10.0,0.107741
India,356001034,75.0,Urban,Medium,Female,Married,Higher,7.0,10.0,0.278899,Not trusted,8.0,10.0,0.168262
India,356001035,17.0,Rural,Medium,Male,Married,Higher,8.0,5.0,0.566152,Trusted,2.0,5.0,0.366927
India,356001036,23.0,Rural,Medium,Female,Single,Higher,7.0,10.0,0.190332,Not trusted,8.0,9.0,0.049888
India,356001037,17.0,Rural,Medium,Male,Widowed,Middle,7.0,10.0,0.414174,Not trusted,7.0,4.0,0.264225
India,356001038,16.0,Urban,Low,Male,Single,Middle,7.0,8.0,0.461287,Not trusted,4.0,1.0,0.239543
India,356001039,49.0,Rural,High,Female,Single,Middle,10.0,10.0,0.382127,Not trusted,3.0,10.0,0.311616
India,356001040,61.0,Rural,Low,Female,Married,Higher,7.0,6.0,0.358791,Not trusted,8.0,5.0,0.066045
India,356001041,19.0,Urban,High,Male,Married,Middle,3.0,2.0,0.371127,Not trusted,6.0,3.0,0.538540
India,356001042,44.0,Urban,High,Female,Married,Middle,8.0,10.0,0.421064,Not trusted,10.0,10.0,0.037811
India,356001043,22.0,Rural,Medium,Male,Married,Higher,10.0,7.0,0.298442,Trusted,1.0,6.0,0.582752
India,356001044,40.0,Urban,Low,Female,Married,Lower,9.0,8.0,0.324099,Not trusted,10.0,7.0,0.058661
India,356001045,17.0,Rural,Medium,Female,Married,Higher,9.0,7.0,0.498378,Not trusted,10.0,6.0,0.135384
India,356001046,30.0,Rural,High,Female,Married,Middle,8.0,7.0,0.423414,Not trusted,6.0,8.0,0.340281
India,356001047,76.0,Urban,Medium,Male,Widowed,Lower,8.0,5.0,0.183364,Not trusted,7.0,4.0,
India,356001048,28.0,Rural,Low,Female,Single,Middle,5.0,4.0,0.468555,Not trusted,5.0,4.0,0.562607
India,356001049,17.0,Urban,Medium,Female,Single,Lower,10.0,7.0,0.268669,Trusted,10.0,7.0,0.181353
India,356001050,21.0,Rural,Low,Female,Married,Middle,6.0,3.0,0.558851,Not trusted,7.0,7.0,0.232346
India,356001051,20.0,Rural,Medium,Female,Single,Middle,10.0,10.0,0.305077,Not trusted,7.0,10.0,0.242676
India,356001052,30.0,Rural,Medium,Male,Single,Middle,8.0,5.0,0.340592,Not trusted,3.0,3.0,0.221938
India,356001053,64.0,Rural,Low,Female,Single,Lower,4.0,4.0,0.172264,Not trusted,4.0,6.0,0.409354
India,356001054,32.0,Rural,High,Male,Widowed,Higher,10.0,7.0,0.652149,Trusted,10.0,8.0,0.378442
India,356001055,34.0,Rural,High,Male,Living together as married,Middle,10.0,10.0,0.454423,Trusted,10.0,10.0,0.178665
India,356001056,37.0,Urban,Medium,Male,Married,Middle,9.0,7.0,0.400372,,10.0,10.0,0.218546
India,356001057,16.0,Urban,Medium,Male,Widowed,Middle,8.0,10.0,0.479680,Not trusted,9.0,8.0,0.405694
India,356001058,32.0,Urban,Low,Female,Married,Middle,4.0,6.0,0.210812,Not trusted,7.0,2.0,0.427463
India,356001059,55.0,Urban,High,Female,Living together as married,Middle,7.0,10.0,0.387643,Not trusted,1.0,9.0,0.517850
India,356001060,33.0,Urban,High,Female,Single,Higher,7.0,7.0,0.261404,Trusted,10.0,5.0,0.320432
India,356001061,40.0,Rural,Low,Male,Married,Middle,9.0,10.0,0.693524,Not trusted,8.0,9.0,0.223810
India,356001062,23.0,Rural,Low,Female,Married,Lower,8.0,2.0,0.215253,Not trusted,7.0,10.0,0.082244
India,356001063,75.0,Rural,High,Male,Single,Higher,10.0,10.0,0.147922,Trusted,8.0,9.0,0.187562
India,356001064,18.0,Rural,High,Female,Single,Middle,9.0,8.0,0.376876,Not trusted,5.0,8.0,0.151070
India,356001065,61.0,Rural,Low,Female,Married,Higher,8.0,8.0,0.312432,Not trusted,9.0,7.0,0.336011
India,356001066,48.0,Urban,High,Female,Single,Higher,6.0,1.0,0.446588,Not trusted,10.0,6.0,0.302126
India,356001067,50.0,Rural,Medium,Female,Living together as married,Higher,6.0,5.0,0.348384,Not trusted,8.0,4.0,0.335969
India,356001068,28.0,Rural,Low,Female,Married,Higher,7.0,10.0,0.419684,Not trusted,4.0,9.0,0.435506
India,356001069,33.0,Urban,Medium,Female,Married,Higher,7.0,3.0,0.347515,Not trusted,8.0,9.0,0.186965
India,356001070,19.0,Rural,Low,Female,Married,Middle,2.0,7.0,0.261478,Not trusted,10.0,7.0,0.194360
India,356001071,17.0,Urban,High,Female,Single,Higher,9.0,10.0,0.136140,Not trusted,10.0,9.0,0.076007
India,356001072,40.0,Rural,Medium,Male,Single,Higher,10.0,9.0,0.365796,Trusted,10.0,5.0,0.501856
India,356001073,17.0,Urban,High,Female,Married,Higher,8.0,1.0,0.544209,Not trusted,8.0,10.0,0.184708
India,356001074,49.0,Rural,Low,Female,Living together as married,Middle,8.0,8.0,0.533497,Not trusted,6.0,10.0,0.129543
India,356001075,40.0,Rural,Low,Female,Married,Lower,3.0,5.0,0.386382,Not trusted,10.0,5.0,0.161265
India,356001076,55.0,Urban,Medium,Male,Living together as married,Lower,9.0,10.0,0.226736,Trusted,10.0,8.0,0.123510
India,356001077,55.0,Urban,Low,Male,Single,Lower,5.0,2.0,0.497551,Not trusted,9.0,3.0,0.435693
India,356001078,35.0,Rural,Medium,Female,Married,Lower,1.0,8.0,0.492510,Trusted,6.0,2.0,0.128257
India,356001079,53.0,Urban,High,Male,Married,Higher,6.0,10.0,0.327327,Trusted,10.0,3.0,0.184970
India,356001080,16.0,Urban,Low,Male,Married,Lower,5.0,4.0,0.389870,Not trusted,7.0,5.0,0.142488
India,356001081,35.0,Rural,High,Male,Single,Middle,10.0,10.0,0.503766,Not trusted,10.0,10.0,0.308921
India,356001082,43.0,Rural,Low,Female,Married,Lower,6.0,10.0,0.320507,Not trusted,2.0,6.0,0.325450
India,356001083,16.0,Rural,Medium,Male,Married,Lower,5.0,9.0,0.401127,Not trusted,6.0,5.0,0.310205
India,356001084,17.0,Urban,High,Male,Single,Middle,3.0,8.0,0.305167,Not trusted,10.0,4.0,0.301865
India,356001085,48.0,Urban,High,Female,Living together as married,Middle,7.0,10.0,0.374844,Not trusted,10.0,4.0,0.073469
India,356001086,16.0,Rural,High,Male,Married,Higher,5.0,6.0,0.424218,Not trusted,8.0,3.0,0.415955
India,356001087,17.0,Urban,Medium,Male,Married,Higher,10.0,10.0,0.367624,Not trusted,8.0,8.0,0.175550
India,356001088,16.0,Rural,Medium,Male,Married,Lower,10.0,10.0,0.499684,Not trusted,10.0,9.0,0.118308
India,356001089,26.0,Urban,High,Female,Married,Lower,6.0,8.0,0.346155,Trusted,4.0,7.0,0.342281
India,356001090,17.0,Urban,High,Female,Married,Middle,8.0,6.0,0.332519,Not trusted,10.0,9.0,0.492638
India,356001091,43.0,Urban,Medium,Female,Married,Lower,8.0,9.0,0.341771,Not trusted,10.0,6.0,0.350375
India,356001092,38.0,Urban,Medium,Female,Married,Lower,7.0,8.0,0.285321,Not trusted,8.0,6.0,0.095090
India,356001093,46.0,Rural,Medium,Male,Married,Higher,10.0,9.0,0.522209,Not trusted,10.0,6.0,0.233191
India,356001094,45.0,Urban,Low,Female,Married,Higher,4.0,1.0,0.057513,Not trusted,2.0,2.0,0.444452
India,356001095,38.0,Urban,Medium,Male,Married,Lower,7.0,9.0,0.435341,Trusted,7.0,3.0,0.343401
India,356001096,38.0,Rural,Medium,Male,Married,Lower,1.0,1.0,0.476841,Not trusted,9.0,3.0,0.465454
India,356001097,50.0,Rural,Medium,Male,Married,Middle,1.0,2.0,0.297784,Not trusted,3.0,5.0,0.270336
India,356001098,56.0,Rural,Low,Female,Married,Lower,5.0,5.0,,Not trusted,7.0,2.0,0.250664
India,356001099,39.0,Rural,Medium,Male,Living together as married,Middle,10.0,10.0,0.202499,Not trusted,8.0,9.0,0.185046
India,356001100,57.0,Rural,Low,Male,Widowed,Lower,4.0,6.0,0.187014,Not trusted,8.0,5.0,0.370628
India,356001101,39.0,Rural,Low,Female,Married,Lower,6.0,6.0,0.330823,Trusted,8.0,6.0,0.032788
India,356001102,49.0,Urban,High,Male,Single,Higher,8.0,10.0,0.374087,Trusted,10.0,9.0,0.042848
India,356001103,50.0,Rural,Medium,Female,Single,Middle,8.0,7.0,0.414991,Trusted,10.0,6.0,0.196259
India,356001104,38.0,Urban,Low,Female,Married,Middle,9.0,8.0,0.302541,Not trusted,10.0,4.0,0.088379
India,356001105,16.0,Rural,Medium,Male,Single,Higher,10.0,10.0,0.264152,Not trusted,9.0,10.0,0.376103
India,356001106,37.0,Rural,Medium,Male,Married,Lower,2.0,1.0,0.146738,Not trusted,2.0,1.0,0.224029
India,356001107,78.0,Rural,Medium,Female,Living together as married,Middle,8.0,3.0,0.596143,Not trusted,8.0,10.0,0.257119
India,356001108,30.0,Rural,Medium,Female,Married,Higher,10.0,10.0,0.215432,Not trusted,7.0,10.0,0.068332
India,356001109,65.0,Rural,High,Female,Single,Lower,7.0,7.0,0.415144,Trusted,10.0,6.0,0.442977
India,356001110,57.0,Rural,Medium,Male,Married,Middle,10.0,10.0,0.503696,Trusted,10.0,10.0,0.389689
India,356001111,70.0,Rural,Medium,Male,Married,Lower,5.0,8.0,0.484966,Not trusted,10.0,3.0,0.147748
India,356001112,57.0,Urban,Medium,Male,Married,Lower,9.0,8.0,0.503630,Not trusted,3.0,9.0,0.679340
India,356001113,55.0,Urban,High,Male,Married,Middle,7.0,9.0,0.475310,Trusted,8.0,6.0,0.120989
India,356001114,48.0,Rural,Medium,Female,Widowed,Lower,10.0,10.0,0.390971,Not trusted,10.0,5.0,0.079467
India,356001115,28.0,Rural,Low,Female,Single,Lower,2.0,8.0,0.313863,Not trusted,8.0,5.0,0.016495
India,356001116,44.0,Urban,Medium,Male,Single,Middle,4.0,8.0,0.548798,Not trusted,5.0,3.0,0.451411
India,356001117,46.0,Urban,Medium,Male,Married,Middle,8.0,8.0,0.298700,Not trusted,10.0,10.0,0.390533
India,356001118,40.0,Urban,Medium,Female,Single,Lower,7.0,9.0,0.165196,Not trusted,7.0,5.0,0.194948
India,356001119,33.0,Rural,Low,Female,Married,Middle,7.0,10.0,,Not trusted,7.0,4.0,0.316822
India,356001120,17.0,Rural,Medium,Male,Married,Higher,10.0,10.0,0.473506,Not trusted,9.0,8.0,0.074584
India,356001121,35.0,Urban,High,Female,Single,Lower,10.0,10.0,0.393524,Not trusted,10.0,10.0,0.158694
India,356001122,34.0,Urban,Medium,Male,Married,Higher,10.0,8.0,0.410059,Not trusted,8.0,10.0,0.177552
India,356001123,22.0,Rural,Medium,Female,Married,Lower,10.0,9.0,0.314214,Not trusted,10.0,6.0,0.064675
India,356001124,60.0,Urban,High,Female,Married,Middle,10.0,10.0,0.267660,Not trusted,10.0,6.0,0.114876
India,356001125,28.0,Rural,Medium,Male,Married,Middle,10.0,8.0,0.462673,Not trusted,10.0,7.0,0.211535
India,356001126,60.0,Urban,Medium,Male,Married,Higher,8.0,7.0,0.393636,Trusted,2.0,8.0,0.197269
India,356001127,17.0,Rural,Medium,Male,Single,Higher,9.0,5.0,0.327598,Not trusted,9.0,7.0,0.319340
India,356001128,54.0,Rural,Medium,Male,Single,Middle,7.0,10.0,0.416343,Not trusted,10.0,8.0,0.081442
India,356001129,59.0,Urban,High,Female,Married,Middle,10.0,10.0,0.451361,Trusted,10.0,10.0,0.404492
India,356001130,26.0,Rural,Low,Male,Single,Higher,8.0,7.0,0.402368,Not trusted,3.0,8.0,0.366563
India,356001131,66.0,Urban,Medium,Male,Married,Higher,8.0,9.0,0.420587,Trusted,6.0,8.0,0.337702
India,356001132,33.0,Urban,Medium,Female,Single,Higher,10.0,10.0,0.340041,Not trusted,7.0,10.0,0.216810
India,356001133,28.0,Urban,Medium,Female,Married,Higher,6.0,10.0,0.346774,Trusted,8.0,9.0,0.292104
India,356001134,17.0,Urban,Low,Female,Married,Lower,9.0,1.0,0.414506,Not trusted,1.0,4.0,0.190020
India,356001135,35.0,Rural,High,Female,Married,Higher,8.0,7.0,0.197606,Not trusted,7.0,8.0,0.270768
India,356001136,24.0,Urban,Medium,Female,Married,Lower,6.0,10.0,0.449487,Not trusted,10.0,8.0,0.423269
India,356001137,47.0,Urban,Medium,Female,Living together as married,Lower,5.0,9.0,0.351382,Not trusted,1.0,10.0,0.214288
India,356001138,21.0,Rural,High,Male,Single,Lower,9.0,10.0,0.660964,Not trusted,9.0,8.0,0.249372
India,356001139,59.0,Rural,Low,Male,Single,Middle,7.0,10.0,0.531005,Not trusted,8.0,8.0,0.408606
India,356001140,16.0,Urban,High,Male,Single,Higher,9.0,10.0,0.627271,Not trusted,10.0,9.0,0.190773
India,356001141,22.0,Rural,Medium,Female,Married,Higher,6.0,9.0,0.475674,Trusted,10.0,4.0,0.138033
India,356001142,24.0,Rural,Medium,Male,Married,Middle,8.0,5.0,0.258897,Not trusted,10.0,6.0,0.179812
India,356001143,19.0,Rural,Low,Male,Single,Higher,6.0,10.0,0.477946,Trusted,10.0,6.0,0.127979
India,356001144,17.0,Rural,High,Female,Widowed,Higher,10.0,10.0,0.414515,Not trusted,10.0,8.0,0.178008
India,356001145,49.0,Rural,Medium,Male,Married,Lower,10.0,10.0,0.100243,Not trusted,10.0,8.0,0.079110
India,356001146,25.0,Urban,Low,Female,Single,Middle,9.0,8.0,0.461654,Trusted,7.0,8.0,0.424438
India,356001147,17.0,Rural,Medium,Male,Married,Higher,7.0,,0.394239,Trusted,3.0,8.0,0.117484
India,356001148,21.0,Urban,Low,Female,Married,Middle,4.0,5.0,0.455635,Not trusted,5.0,10.0,0.407060
India,356001149,16.0,Rural,Low,Female,Married,Middle,7.0,5.0,0.739148,Trusted,6.0,7.0,0.532791
India,356001150,55.0,Rural,Medium,Male,Married,Higher,8.0,9.0,0.409289,Not trusted,10.0,4.0,0.014413
India,356001151,29.0,Rural,Low,Male,Single,Middle,8.0,8.0,0.591158,Not trusted,3.0,6.0,0.532319
India,356001152,16.0,Rural,Medium,Female,Married,Higher,10.0,10.0,0.388326,Not trusted,5.0,8.0,0.324296
India,356001153,37.0,Rural,Medium,Male,Single,Middle,8.0,8.0,0.223076,Not trusted,5.0,6.0,0.475471
India,356001154,30.0,Rural,Medium,Female,Married,Middle,7.0,5.0,0.359154,Not trusted,10.0,7.0,0.376274
India,356001155,16.0,Urban,High,Female,Married,Middle,10.0,10.0,0.138281,Not trusted,10.0,10.0,0.086980
India,356001156,38.0,Urban,Medium,Male,Living together as married,Higher,9.0,8.0,0.517679,Trusted,8.0,7.0,0.152739
India,356001157,60.0,Rural,High,Female,Single,Middle,8.0,3.0,0.346442,Not trusted,9.0,9.0,0.134702
India,356001158,39.0,Rural,High,Female,Living together as married,Middle,7.0,8.0,0.500673,Not trusted,8.0,10.0,0.388586
India,356001159,17.0,Rural,Medium,Male,Single,Higher,5.0,1.0,0.290089,Not trusted,10.0,3.0,0.357017
India,356001160,16.0,Rural,Medium,Female,Single,Middle,10.0,4.0,0.383268,Not trusted,7.0,5.0,0.635547
India,356001161,27.0,Urban,Medium,Female,Married,Middle,4.0,9.0,0.452470,Not trusted,4.0,8.0,0.527840
India,356001162,28.0,Rural,High,Male,Single,Middle,4.0,6.0,0.340343,Not trusted,10.0,1.0,0.164118
India,356001163,19.0,Rural,,Male,Single,Lower,7.0,8.0,0.420608,Not trusted,10.0,10.0,0.215418
India,356001164,55.0,Urban,High,Male,Married,Higher,10.0,8.0,0.454286,Trusted,10.0,7.0,0.390128
India,356001165,34.0,Urban,High,Female,Single,Middle,8.0,9.0,0.454780,Trusted,2.0,9.0,0.383019
India,356001166,30.0,Rural,Low,Female,Married,Middle,6.0,3.0,0.370703,Not trusted,1.0,4.0,0.441061
India,356001167,23.0,Rural,Medium,Male,Living together as married,Middle,10.0,9.0,0.485096,Not trusted,10.0,7.0,0.080088
India,356001168,31.0,Rural,Low,Male,Single,Lower,8.0,1.0,0.290098,Not trusted,8.0,1.0,0.319318
India,356001169,48.0,Rural,Low,Male,Single,Lower,8.0,10.0,0.166588,,10.0,4.0,0.037739
India,356001170,48.0,Rural,Low,Male,Single,Lower,9.0,4.0,0.312975,Not trusted,6.0,8.0,0.459513
India,356001171,40.0,Rural,Medium,Male,Married,Middle,6.0,8.0,0.215446,Not trusted,9.0,4.0,0.103675
India,356001172,21.0,Rural,High,Male,Married,Higher,8.0,10.0,0.324068,Not trusted,7.0,8.0,0.283208
India,356001173,31.0,Rural,Medium,Male,Married,Lower,8.0,4.0,0.497627,Not trusted,10.0,5.0,0.121970
India,356001174,23.0,Rural,Medium,Female,Married,Middle,7.0,10.0,0.425451,Not trusted,10.0,9.0,0.315407
India,356001175,40.0,Rural,Medium,Male,Single,Lower,10.0,10.0,0.389006,Not trusted,3.0,10.0,0.261884
India,356001176,19.0,Urban,Low,Male,Married,Middle,9.0,10.0,0.382417,Not trusted,8.0,7.0,0.225409
India,356001177,43.0,Rural,Medium,Male,Married,Middle,8.0,7.0,0.159340,Not trusted,10.0,3.0,0.297500
India,356001178,16.0,Urban,Low,Female,Widowed,Middle,10.0,9.0,0.362231,Not trusted,10.0,7.0,0.116902
India,356001179,26.0,Rural,Medium,Male,Single,Higher,6.0,5.0,0.284101,Not trusted,10.0,7.0,0.047260
India,356001180,49.0,Rural,Low,Female,Married,Lower,7.0,7.0,0.472988,Not trusted,5.0,5.0,0.471134
India,356001181,48.0,Urban,Medium,Male,Married,Higher,10.0,10.0,0.221646,Trusted,10.0,8.0,0.091499
India,356001182,30.0,Rural,Medium,Male,Single,Middle,7.0,8.0,0.457818,Not trusted,6.0,1.0,0.412649
India,356001183,35.0,Rural,Medium,Male,Married,Higher,4.0,7.0,0.275881,Not trusted,1.0,7.0,0.542427
India,356001184,17.0,Rural,Medium,Female,Married,Lower,8.0,10.0,0.219199,Not trusted,10.0,10.0,0.217388
India,356001185,46.0,Rural,Medium,Male,Married,Middle,8.0,8.0,0.571654,Not trusted,10.0,7.0,0.235843
India,356001186,58.0,Rural,Medium,Female,Married,Middle,8.0,7.0,0.177155,Trusted,,10.0,0.071672
India,356001187,62.0,Rural,High,Male,Single,Higher,10.0,10.0,0.256073,Trusted,9.0,10.0,0.250954
India,356001188,38.0,Rural,Medium,Female,Married,Lower,7.0,9.0,0.439653,Not trusted,9.0,6.0,0.346463
India,356001189,28.0,Urban,High,Male,Married,Higher,8.0,6.0,0.544840,Not trusted,10.0,8.0,0.278815
India,356001190,16.0,Urban,Medium,Female,Single,Middle,10.0,9.0,0.517364,Trusted,7.0,10.0,0.416172
India,356001191,70.0,Rural,High,Female,Single,Middle,10.0,10.0,0.541316,Not trusted,9.0,10.0,0.024435
India,356001192,32.0,Rural,Medium,Male,Married,Middle,10.0,10.0,0.291137,Not trusted,10.0,10.0,0.188142
India,356001193,30.0,Urban,Low,Male,Single,Middle,8.0,6.0,0.527841,Trusted,8.0,7.0,0.131742
India,356001194,49.0,Urban,Medium,Female,Married,Middle,6.0,10.0,0.386896,Not trusted,10.0,7.0,0.214778
India,356001195,54.0,Urban,Low,Female,Married,Lower,9.0,7.0,0.250093,Not trusted,10.0,6.0,0.350346
India,356001196,41.0,Urban,Medium,Female,Married,Middle,10.0,10.0,0.431102,Not trusted,8.0,6.0,0.113454
India,356001197,42.0,Rural,Medium,Male,Single,Higher,10.0,10.0,0.351539,Trusted,7.0,8.0,0.076323
India,356001198,34.0,Rural,High,Female,Married,Middle,10.0,10.0,0.285307,Not trusted,10.0,10.0,0.078329
India,356001199,16.0,Rural,Medium,Female,Married,Middle,7.0,2.0,0.549193,Not trusted,7.0,4.0,0.257818
India,356001200,36.0,Rural,Medium,Female,Single,Middle,10.0,4.0,0.394257,Not trusted,10.0,7.0,0.064399
India,356001201,29.0,Urban,Medium,Female,Single,Higher,2.0,2.0,0.632481,Not trusted,6.0,3.0,0.245245
India,356001202,30.0,Rural,Medium,Male,Living together as married,Higher,10.0,10.0,0.329831,Not trusted,10.0,10.0,0.189938
India,356001203,63.0,Rural,Medium,Male,Married,Middle,9.0,7.0,0.387979,Not trusted,9.0,7.0,0.075864
India,356001204,21.0,Rural,Medium,Female,Married,Middle,5.0,9.0,0.363851,Trusted,9.0,8.0,0.216311
India,356001205,22.0,Rural,Medium,Male,Widowed,Higher,8.0,9.0,0.451566,Not trusted,8.0,5.0,0.215001
India,356001206,48.0,Urban,Medium,Male,Married,Middle,10.0,10.0,0.353821,Not trusted,10.0,8.0,0.286214
India,356001207,33.0,Rural,Medium,Male,Single,Middle,8.0,5.0,0.427590,Trusted,5.0,5.0,0.753278
India,356001208,19.0,Rural,High,Female,Living together as married,Middle,8.0,8.0,0.427000,Not trusted,9.0,7.0,0.060293
India,356001209,56.0,Urban,Low,Male,Single,Higher,8.0,4.0,0.580937,,6.0,1.0,0.172398
India,356001210,20.0,Rural,High,Male,Married,Higher,5.0,8.0,0.149248,Not trusted,10.0,2.0,0.073649
India,356001211,49.0,Rural,High,Male,Single,Lower,10.0,8.0,0.580613,Not trusted,10.0,10.0,0.291958
India,356001212,49.0,Urban,High,Male,Married,Middle,6.0,7.0,0.296122,Not trusted,10.0,8.0,0.261842
India,356001213,56.0,Rural,Medium,Male,Married,Higher,2.0,3.0,0.296792,Not trusted,8.0,5.0,0.677147
India,356001214,52.0,Rural,Medium,Male,Single,Middle,2.0,6.0,0.376120,Not trusted,7.0,2.0,0.177154
India,356001215,48.0,Urban,High,Male,Single,Middle,7.0,7.0,,Not trusted,6.0,9.0,0.283919
India,356001216,50.0,Rural,Low,Female,Married,Lower,9.0,10.0,0.147807,Not trusted,10.0,5.0,0.164892
India,356001217,16.0,Urban,Low,Female,Married,Middle,7.0,7.0,0.384102,Not trusted,10.0,8.0,0.226294
India,356001218,25.0,Urban,Medium,Female,Married,Lower,6.0,5.0,0.599716,Not trusted,10.0,4.0,0.227960
India,356001219,42.0,Rural,Low,Male,Married,Lower,3.0,4.0,0.257873,Not trusted,6.0,1.0,0.230527
India,356001220,50.0,Rural,High,Male,Single,Middle,7.0,8.0,0.413010,Not trusted,8.0,8.0,0.291762
India,356001221,30.0,Rural,Low,Male,Single,Middle,7.0,7.0,0.207901,Not trusted,6.0,9.0,0.124186
India,356001222,50.0,Rural,Low,Male,Married,Lower,4.0,1.0,0.456805,Not trusted,10.0,2.0,0.283041
India,356001223,28.0,Urban,Low,Male,Married,Lower,3.0,7.0,0.321364,Not trusted,10.0,3.0,0.173599
India,356001224,32.0,Rural,High,Male,Single,Middle,8.0,10.0,0.242734,Not trusted,10.0,7.0,0.258865
India,356001225,24.0,Rural,High,Female,Single,Higher,8.0,6.0,0.367273,Not trusted,10.0,8.0,0.309610
India,356001226,41.0,Rural,High,Male,Single,Middle,8.0,9.0,0.304583,Trusted,10.0,10.0,0.135718
India,356001227,41.0,Urban,High,Male,Single,Higher,5.0,7.0,0.390202,Trusted,1.0,4.0,0.688008
India,356001228,24.0,Urban,Low,Male,Married,Higher,3.0,8.0,0.180028,Not trusted,8.0,1.0,0.221051
India,356001229,68.0,Rural,Medium,Female,Married,Higher,9.0,10.0,0.074631,Trusted,10.0,7.0,0.414748
India,356001230,24.0,Urban,Low,Female,Single,Middle,2.0,5.0,0.585894,Not trusted,6.0,2.0,0.561917
India,356001231,17.0,Urban,Medium,Female,Single,Higher,10.0,8.0,,Not trusted,7.0,9.0,0.353565
India,356001232,65.0,Rural,Low,Male,Married,Lower,10.0,8.0,0.303157,Not trusted,9.0,10.0,0.221410
India,356001233,25.0,Urban,Medium,Female,Married,Middle,5.0,10.0,0.386033,Not trusted,10.0,9.0,0.387593
India,356001234,20.0,Rural,Low,Female,Single,Higher,2.0,6.0,0.298252,Trusted,3.0,2.0,0.425449
India,356001235,50.0,Rural,High,Male,Married,Middle,10.0,10.0,0.153342,Not trusted,7.0,3.0,0.371944
India,356001236,61.0,Rural,Medium,Male,Single,Middle,8.0,9.0,0.575313,Trusted,7.0,10.0,0.536775
India,356001237,48.0,Rural,Medium,Male,Single,Middle,4.0,1.0,0.508920,Not trusted,2.0,1.0,0.358456
India,356001238,41.0,Urban,Medium,Male,Married,Higher,7.0,8.0,0.493691,Not trusted,7.0,8.0,0.081990
India,356001239,34.0,Rural,Medium,Female,Married,Higher,5.0,7.0,0.357961,Not trusted,9.0,4.0,0.549835
India,356001240,16.0,Rural,Medium,Female,Single,Middle,8.0,8.0,0.546476,Not trusted,10.0,8.0,0.092964
India,356001241,32.0,Rural,High,Male,Married,Middle,5.0,9.0,0.422507,Not trusted,8.0,6.0,0.298652
India,356001242,48.0,Urban,Medium,Male,Married,Middle,6.0,10.0,,Not trusted,5.0,8.0,0.364383
India,356001243,46.0,Urban,Medium,Male,Married,Middle,6.0,8.0,0.175946,Not trusted,5.0,4.0,0.221751
India,356001244,45.0,Rural,Medium,Male,Married,Higher,4.0,10.0,0.309865,Not trusted,10.0,5.0,0.292908
India,356001245,46.0,Urban,Low,Female,Married,Lower,7.0,10.0,0.307870,Not trusted,6.0,4.0,0.095463
India,356001246,21.0,Urban,High,Male,Living together as married,Higher,10.0,8.0,0.157490,Trusted,10.0,9.0,0.132451
India,356001247,16.0,Rural,Medium,Male,Married,Middle,1.0,1.0,0.236638,Not trusted,3.0,5.0,0.247932
India,356001248,57.0,Rural,Medium,Female,Married,Middle,9.0,10.0,0.241746,Not trusted,8.0,10.0,0.098185
India,356001249,42.0,Rural,High,Male,Single,Lower,10.0,7.0,0.708846,Not trusted,3.0,6.0,0.227932
India,356001250,45.0,Rural,High,Female,Married,Higher,10.0,10.0,0.299810,Trusted,9.0,9.0,0.159654
India,356001251,17.0,Urban,Medium,Male,Married,Middle,6.0,4.0,0.455623,Not trusted,10.0,8.0,0.100332
India,356001252,30.0,Urban,Low,Male,Living together as married,Lower,10.0,10.0,0.250583,Not trusted,10.0,4.0,0.204826
India,356001253,24.0,Rural,Medium,Male,Single,Higher,10.0,10.0,0.609233,Not trusted,10.0,10.0,0.281781
India,356001254,24.0,Rural,Medium,Male,Married,Higher,1.0,4.0,0.275017,Not trusted,10.0,2.0,0.108125
India,356001255,36.0,Rural,Low,Female,Widowed,Lower,6.0,8.0,0.400740,Not trusted,10.0,6.0,0.138812
India,356001256,28.0,Urban,Low,Female,Married,Lower,3.0,8.0,0.270461,Not trusted,7.0,4.0,0.480180
India,356001257,38.0,Urban,Low,Male,Married,Lower,9.0,9.0,0.482729,Not trusted,4.0,8.0,0.324045
India,356001258,40.0,Rural,Low,Male,Living together as married,Lower,4.0,7.0,0.400879,Not trusted,10.0,7.0,0.289658
India,356001259,48.0,Rural,Medium,Male,Married,Lower,10.0,6.0,0.430890,Trusted,10.0,7.0,0.076099
India,356001260,37.0,Urban,High,Female,Single,Middle,10.0,10.0,0.370599,Not trusted,6.0,8.0,0.222792
India,356001261,46.0,Urban,Medium,Female,Married,Higher,8.0,7.0,0.264464,Not trusted,10.0,6.0,0.104072
India,356001262,54.0,Urban,Medium,Male,Single,Middle,6.0,4.0,0.348073,Not trusted,10.0,,0.185760
India,356001263,43.0,Rural,Medium,Female,Married,Lower,10.0,5.0,0.095390,Not trusted,5.0,10.0,0.326328
India,356001264,40.0,Urban,Medium,Female,Married,Lower,6.0,4.0,0.532607,Not trusted,9.0,7.0,0.180289
India,356001265,42.0,Urban,Low,Male,Married,Lower,6.0,4.0,0.399184,Not trusted,10.0,2.0,0.070524
India,356001266,28.0,Urban,Medium,Female,Single,Middle,8.0,2.0,0.548689,Not trusted,8.0,10.0,0.504830
India,356001267,38.0,Urban,Low,Male,Single,Lower,9.0,7.0,0.302503,Not trusted,10.0,8.0,0.426252
India,356001268,25.0,Rural,Medium,Male,Married,Middle,10.0,9.0,0.261611,Trusted,10.0,8.0,0.199353
India,356001269,20.0,Rural,Medium,Male,Married,Middle,6.0,10.0,0.245115,Not trusted,10.0,5.0,0.166148
India,356001270,17.0,Rural,High,Male,Single,Higher,8.0,10.0,0.251166,Trusted,10.0,5.0,0.132940
India,356001271,43.0,Urban,Medium,Male,Married,Middle,6.0,5.0,0.330050,Trusted,6.0,5.0,0.352760
India,356001272,16.0,Urban,Medium,Male,Married,Lower,5.0,2.0,0.165633,Trusted,9.0,7.0,0.416865
India,356001273,30.0,Rural,Medium,Male,Single,Higher,10.0,7.0,0.761077,Not trusted,7.0,9.0,0.301071
India,356001274,70.0,Rural,High,Male,Single,Middle,10.0,10.0,0.259623,Trusted,10.0,8.0,0.367780
India,356001275,32.0,Rural,Low,Female,Single,Lower,8.0,10.0,0.413501,Not trusted,7.0,7.0,0.186706
India,356001276,30.0,Urban,Medium,Female,Single,Lower,9.0,6.0,0.193723,Not trusted,10.0,8.0,0.033730
India,356001277,47.0,Rural,Medium,Male,Single,Lower,7.0,3.0,0.393844,Not trusted,7.0,5.0,0.428397
India,356001278,35.0,Urban,Medium,Male,Single,Lower,7.0,9.0,0.525105,Not trusted,6.0,8.0,0.624032
India,356001279,40.0,Rural,Low,Male,Living together as married,Lower,7.0,8.0,0.312299,Not trusted,10.0,5.0,0.235755
India,356001280,16.0,Urban,High,Male,Married,Middle,10.0,10.0,0.166337,Not trusted,10.0,8.0,0.359691
India,356001281,42.0,Rural,High,Male,Single,Middle,8.0,10.0,0.494326,Not trusted,10.0,7.0,0.227991
India,356001282,57.0,Rural,Medium,Female,Married,Lower,5.0,7.0,0.252962,Not trusted,5.0,8.0,0.293540
India,356001283,35.0,Rural,Low,Female,Married,Lower,5.0,5.0,0.170645,Not trusted,8.0,5.0,0.375361
India,356001284,51.0,Urban,Medium,Female,Single,Middle,9.0,9.0,0.520787,Not trusted,10.0,10.0,0.181005
India,356001285,35.0,Rural,High,Female,Married,Middle,9.0,7.0,0.109077,Not trusted,5.0,7.0,0.421765
India,356001286,51.0,Rural,High,Male,Single,Lower,8.0,8.0,0.451108,Trusted,,8.0,0.497429
India,356001287,27.0,Urban,High,Male,Widowed,Middle,8.0,5.0,0.395230,Not trusted,7.0,10.0,0.108917
India,356001288,16.0,Rural,High,Male,Single,Higher,5.0,10.0,0.465142,Trusted,6.0,10.0,0.292929
India,356001289,28.0,Urban,Medium,Female,Married,Middle,3.0,7.0,0.335274,Not trusted,10.0,10.0,0.121752
India,356001290,38.0,Urban,Medium,Male,Married,Higher,9.0,10.0,0.560585,Not trusted,9.0,10.0,0.358622
India,356001291,19.0,Urban,Low,Male,Married,Middle,10.0,10.0,0.676403,Not trusted,9.0,7.0,0.207668
India,356001292,53.0,Rural,Medium,Female,Married,Higher,7.0,10.0,0.302117,Not trusted,6.0,7.0,0.583622
India,356001293,24.0,Rural,Medium,Female,Married,Middle,6.0,5.0,0.413986,Not trusted,1.0,4.0,0.477329
India,356001294,48.0,Rural,High,Male,Single,Higher,7.0,6.0,0.292701,Not trusted,7.0,7.0,0.181040
India,356001295,50.0,Rural,Low,Male,Single,Lower,8.0,10.0,0.292484,Not trusted,10.0,10.0,0.275445
India,356001296,66.0,Rural,Medium,Female,Single,Higher,10.0,10.0,0.273939,Not trusted,10.0,6.0,0.100849
India,356001297,58.0,Urban,High,Female,Married,Lower,4.0,10.0,0.485223,Not trusted,4.0,3.0,0.454528
India,356001298,70.0,Rural,High,Male,Married,Lower,8.0,7.0,,Not trusted,8.0,6.0,0.408953
India,356001299,24.0,Urban,Medium,Female,Single,Middle,10.0,10.0,0.429436,Not trusted,10.0,10.0,0.190294
India,356001300,16.0,Urban,High,Male,Married,Higher,6.0,5.0,0.507179,Not trusted,7.0,5.0,0.172777
India,356001301,24.0,Rural,Low,Female,Married,Middle,1.0,4.0,0.260775,Trusted,7.0,1.0,0.386694
India,356001302,17.0,Rural,High,Female,Single,Higher,10.0,10.0,0.500073,Not trusted,8.0,10.0,0.126608
India,356001303,33.0,Urban,Medium,Male,Married,Middle,5.0,5.0,0.392352,Trusted,6.0,4.0,0.133830
India,356001304,17.0,Urban,Medium,Female,Married,Middle,8.0,10.0,0.151246,Trusted,10.0,7.0,0.189002
India,356001305,21.0,Urban,Medium,Female,Living together as married,Higher,7.0,7.0,0.334030,Not trusted,7.0,4.0,0.234919
India,356001306,35.0,Rural,Medium,Male,Living together as married,Lower,6.0,7.0,0.597355,Not trusted,10.0,5.0,0.469325
India,356001307,17.0,Rural,Medium,Male,Married,Higher,10.0,10.0,,Trusted,10.0,9.0,0.424323
India,356001308,30.0,Rural,Medium,Female,Single,Middle,4.0,8.0,0.467062,Not trusted,10.0,4.0,0.073665
India,356001309,70.0,Urban,High,Male,Single,Middle,8.0,10.0,0.197136,Not trusted,8.0,8.0,0.408908
India,356001310,17.0,Rural,Medium,Male,Married,Middle,10.0,8.0,0.514058,Not trusted,3.0,5.0,0.247042
India,356001311,16.0,Rural,High,Male,Single,Higher,10.0,10.0,0.389358,Trusted,,10.0,0.060311
India,356001312,61.0,Rural,Low,Male,Married,Middle,1.0,3.0,0.586439,Not trusted,1.0,2.0,0.517066
India,356001313,38.0,Urban,Medium,Female,Living together as married,Middle,10.0,9.0,0.603316,Not trusted,8.0,10.0,0.482785
India,356001314,22.0,Rural,Low,Male,Married,Higher,7.0,7.0,0.371671,Trusted,10.0,6.0,0.534307
India,356001315,23.0,Rural,Medium,Male,Married,Middle,5.0,8.0,0.319158,Not trusted,2.0,5.0,0.405842
India,356001316,17.0,Rural,Medium,Male,Single,Middle,7.0,5.0,0.405163,Not trusted,10.0,3.0,0.247466
India,356001317,17.0,Rural,Medium,Female,Single,Lower,5.0,6.0,0.292038,Trusted,10.0,7.0,0.354955
India,356001318,37.0,Urban,High,Female,Married,Middle,10.0,9.0,0.210962,Not trusted,7.0,7.0,0.241022
India,356001319,51.0,Rural,,Female,Single,Lower,6.0,9.0,0.291738,Not trusted,4.0,5.0,0.230953
India,356001320,32.0,Rural,Medium,Male,Single,Middle,8.0,9.0,0.201000,Trusted,8.0,9.0,0.104974
India,356001321,36.0,Rural,Medium,Male,Single,Higher,7.0,,0.433451,Trusted,3.0,8.0,0.024312
India,356001322,32.0,Rural,High,Male,Living together as married,Higher,10.0,9.0,0.459724,Trusted,10.0,10.0,0.196270
India,356001323,56.0,Urban,High,Male,Single,Lower,10.0,10.0,0.423154,Not trusted,10.0,7.0,0.168828
India,356001324,36.0,Rural,High,Male,Married,Lower,8.0,7.0,0.360385,Not trusted,5.0,10.0,0.421227
India,356001325,18.0,Rural,Medium,Male,Single,Higher,9.0,5.0,0.319187,Not trusted,10.0,8.0,0.154547
India,356001326,50.0,Urban,Medium,Male,Married,Lower,10.0,10.0,0.211220,,10.0,8.0,0.167960
India,356001327,17.0,Urban,High,Female,Married,Middle,3.0,5.0,0.304796,Not trusted,7.0,8.0,0.286574
India,356001328,49.0,Urban,Medium,Female,Married,Lower,6.0,3.0,0.509966,Not trusted,7.0,1.0,0.439015
India,356001329,18.0,Rural,Medium,Male,Married,Lower,7.0,7.0,0.064234,Trusted,8.0,6.0,0.292231
India,356001330,33.0,Rural,Medium,Female,Married,Lower,7.0,2.0,0.326939,Trusted,2.0,5.0,0.098757
India,356001331,34.0,Rural,Medium,Female,Single,Middle,,1.0,0.241640,Trusted,10.0,6.0,0.257464
India,356001332,17.0,Urban,High,Male,Widowed,Middle,9.0,5.0,0.355396,Trusted,6.0,10.0,0.160873
India,356001333,18.0,Rural,Medium,Male,Single,Higher,7.0,9.0,0.583906,Not trusted,3.0,6.0,0.552123
India,356001334,19.0,Urban,High,Male,Single,Middle,10.0,10.0,0.481617,Not trusted,3.0,10.0,0.441202
India,356001335,45.0,Rural,Low,Male,Single,Lower,9.0,10.0,0.224242,Not trusted,10.0,7.0,0.061921
India,356001336,46.0,Rural,Medium,Male,Married,Higher,7.0,8.0,0.188358,Not trusted,6.0,7.0,0.095426
India,356001337,54.0,Urban,Low,Male,Single,Higher,10.0,10.0,0.166560,Not trusted,8.0,7.0,0.406970
India,356001338,30.0,Rural,Low,Female,Married,Lower,6.0,8.0,0.144446,Not trusted,10.0,1.0,0.039142
India,356001339,33.0,Urban,High,Male,Widowed,Higher,7.0,10.0,0.334932,Not trusted,10.0,10.0,0.170726
India,356001340,25.0,Rural,,Male,Single,Middle,9.0,10.0,0.185395,Not trusted,10.0,7.0,0.101495
India,356001341,34.0,Urban,Medium,Male,Married,Middle,7.0,10.0,0.211767,Trusted,7.0,8.0,0.244089
India,356001342,24.0,Rural,,Female,Married,Higher,8.0,10.0,0.513413,Not trusted,2.0,9.0,0.624426
India,356001343,47.0,Urban,,Male,Married,Middle,8.0,8.0,0.415748,Trusted,10.0,10.0,0.456191
India,356001344,48.0,Rural,Medium,Female,Living together as married,Middle,9.0,9.0,0.234385,Not trusted,10.0,7.0,0.147105
India,356001345,32.0,Urban,Low,Male,Single,Middle,6.0,4.0,0.237730,Not trusted,10.0,7.0,0.056442
India,356001346,65.0,Rural,Medium,Female,Single,Lower,7.0,2.0,0.161670,Trusted,7.0,7.0,0.276272
India,356001347,34.0,Urban,Medium,Male,Married,Lower,10.0,9.0,0.258410,Not trusted,8.0,9.0,0.201544
India,356001348,49.0,Urban,Medium,Male,Married,Lower,8.0,7.0,0.109606,Not trusted,8.0,7.0,0.113876
India,356001349,17.0,Rural,High,Female,Married,Higher,8.0,10.0,0.527297,Not trusted,5.0,9.0,0.509213
India,356001350,47.0,Urban,Medium,Female,Single,Middle,7.0,10.0,0.553266,Not trusted,10.0,10.0,0.285166
India,356001351,54.0,Urban,Medium,Female,Married,Lower,7.0,6.0,0.179552,Not trusted,10.0,2.0,0.184601
India,356001352,37.0,Urban,Medium,Female,Married,Middle,8.0,7.0,0.530020,Not trusted,10.0,7.0,0.134326
India,356001353,29.0,Rural,High,Male,Married,Middle,8.0,10.0,0.192214,Not trusted,10.0,8.0,0.104365
India,356001354,22.0,Rural,Medium,Male,Single,Middle,10.0,3.0,0.216672,Not trusted,10.0,3.0,0.309367
India,356001355,33.0,Urban,High,Male,Married,Lower,4.0,5.0,0.343159,Not trusted,7.0,9.0,0.132766
India,356001356,19.0,Rural,Medium,Female,Married,Middle,9.0,10.0,0.534726,Not trusted,3.0,4.0,0.506759
India,356001357,56.0,Urban,Medium,Female,Single,Lower,7.0,7.0,0.214137,Not trusted,10.0,5.0,0.341674
India,356001358,18.0,Urban,Low,Male,Single,Middle,6.0,10.0,0.605151,Not trusted,10.0,3.0,0.068740
India,356001359,56.0,Rural,Low,Male,Single,Lower,10.0,10.0,0.271879,Not trusted,7.0,6.0,0.207726
India,356001360,42.0,Rural,Low,Male,Single,Higher,2.0,5.0,0.442636,Not trusted,10.0,1.0,0.194872
India,356001361,40.0,Rural,Low,Female,Married,Lower,10.0,8.0,0.035020,Not trusted,10.0,7.0,0.003529
India,356001362,33.0,Rural,Low,Male,Married,Middle,8.0,9.0,0.566712,,5.0,6.0,0.435237
India,356001363,31.0,Rural,Low,Female,Single,Lower,9.0,3.0,0.380763,Not trusted,10.0,5.0,0.104783
India,356001364,25.0,Rural,Low,Male,Married,Middle,5.0,7.0,0.248124,Trusted,10.0,9.0,0.525439
India,356001365,22.0,Rural,Low,Male,Single,Higher,7.0,10.0,0.311961,Not trusted,10.0,1.0,0.274038
India,356001366,45.0,Urban,Medium,Female,Married,Middle,8.0,8.0,0.468035,Not trusted,10.0,6.0,0.118717
India,356001367,70.0,Rural,Low,Male,Married,Middle,7.0,6.0,0.231254,Not trusted,8.0,6.0,0.278803
India,356001368,40.0,Rural,Medium,Male,Single,Higher,10.0,10.0,0.314341,Not trusted,10.0,10.0,0.089447
India,356001369,17.0,Rural,High,Female,Single,Higher,5.0,9.0,0.684571,Not trusted,5.0,7.0,0.489907
India,356001370,32.0,Rural,High,Female,Married,Middle,10.0,8.0,0.214016,Not trusted,6.0,10.0,0.044300
India,356001371,25.0,Rural,Medium,Male,Single,Lower,6.0,7.0,0.571327,Not trusted,8.0,7.0,0.280981
India,356001372,24.0,Urban,Low,Female,Widowed,Higher,7.0,7.0,0.735272,Not trusted,10.0,2.0,0.116937
India,356001373,16.0,Urban,Medium,Male,Single,Middle,6.0,7.0,0.326573,Not trusted,6.0,9.0,0.157944
India,356001374,38.0,Rural,Low,Female,Married,Lower,5.0,5.0,0.383630,Not trusted,6.0,1.0,0.144095
India,356001375,57.0,Urban,Low,Male,Married,Lower,10.0,10.0,0.387338,Not trusted,10.0,8.0,0.305687
India,356001376,31.0,Urban,High,Female,Single,Middle,10.0,10.0,0.150268,Not trusted,10.0,10.0,0.047542
India,356001377,16.0,Rural,Medium,Female,Married,Higher,4.0,5.0,0.375927,Not trusted,6.0,4.0,0.364607
India,356001378,16.0,Rural,High,Female,Single,Higher,7.0,5.0,0.280562,Trusted,5.0,7.0,0.127044
India,356001379,46.0,Rural,Medium,Male,Married,Middle,8.0,10.0,0.377375,Not trusted,6.0,9.0,0.335887
India,356001380,58.0,Urban,Medium,Female,Married,Middle,6.0,10.0,0.085217,Not trusted,10.0,6.0,0.139629
India,356001381,32.0,Rural,Medium,Female,Married,Lower,8.0,9.0,0.225976,Not trusted,10.0,6.0,0.085039
India,356001382,19.0,Rural,Medium,Male,Married,Middle,10.0,8.0,0.256873,Not trusted,7.0,7.0,0.146246
India,356001383,16.0,Urban,Medium,Male,Married,Higher,10.0,10.0,0.603010,Not trusted,10.0,9.0,0.132359
India,356001384,20.0,Rural,Medium,Male,Single,Middle,10.0,10.0,0.270788,Not trusted,10.0,10.0,0.322579
India,356001385,28.0,Urban,Medium,Male,Single,Higher,5.0,7.0,0.528170,Not trusted,7.0,10.0,0.705574
India,356001386,34.0,Urban,Medium,Male,Single,Middle,7.0,10.0,0.197215,Not trusted,10.0,9.0,0.041880
India,356001387,17.0,Rural,Low,Male,Married,Lower,2.0,6.0,0.402637,Not trusted,7.0,6.0,0.146577
India,356001388,16.0,Rural,Medium,Female,Married,Middle,5.0,8.0,0.155018,Not trusted,1.0,7.0,0.657030
India,356001389,23.0,Rural,Low,Male,Widowed,Higher,9.0,10.0,0.398698,Not trusted,10.0,8.0,0.153473
India,356001390,16.0,Rural,High,Female,Single,Higher,8.0,10.0,0.239334,Not trusted,10.0,9.0,0.252355
India,356001391,39.0,Rural,Medium,Male,Married,Lower,10.0,8.0,0.342671,Not trusted,9.0,9.0,0.349169
India,356001392,52.0,Rural,Medium,Male,Single,Lower,8.0,9.0,0.354337,Not trusted,6.0,3.0,0.473023
India,356001393,31.0,Rural,Medium,Male,Married,Lower,10.0,10.0,0.326656,Not trusted,4.0,9.0,0.552590
India,356001394,40.0,Urban,Medium,Male,Married,Middle,10.0,10.0,0.275698,Not trusted,10.0,9.0,0.100593
India,356001395,57.0,Rural,Medium,Male,Married,Higher,5.0,4.0,0.697405,Trusted,5.0,8.0,0.344479
India,356001396,16.0,Urban,Low,Male,Married,Middle,10.0,10.0,0.548618,Not trusted,10.0,9.0,0.008840
India,356001397,54.0,Rural,Low,Female,Married,Lower,8.0,10.0,0.241779,Not trusted,10.0,6.0,0.174521
India,356001398,72.0,Rural,Medium,Male,Married,Lower,8.0,8.0,0.453934,Trusted,8.0,5.0,0.632883
India,356001399,36.0,Rural,Low,Male,Married,Higher,10.0,10.0,0.548118,Trusted,7.0,,0.175333
India,356001400,24.0,Rural,Medium,Male,Single,Middle,4.0,3.0,0.339461,Trusted,6.0,7.0,0.187869
India,356001401,16.0,Rural,Medium,Female,Married,Middle,5.0,2.0,0.330183,Not trusted,3.0,1.0,0.091912
India,356001402,16.0,Rural,High,Male,Single,Higher,10.0,10.0,0.371823,Trusted,10.0,8.0,0.142835
India,356001403,40.0,Rural,Low,Female,Married,Middle,10.0,2.0,0.272042,Not trusted,10.0,9.0,0.103075
India,356001404,76.0,Rural,Medium,Male,Living together as married,Lower,9.0,10.0,0.347370,Trusted,10.0,5.0,0.126098
India,356001405,62.0,Rural,High,Female,Married,Lower,3.0,6.0,0.409071,Not trusted,2.0,2.0,0.698106
India,356001406,45.0,Rural,High,Male,Married,Higher,7.0,7.0,0.377144,Trusted,10.0,10.0,0.356218
India,356001407,50.0,Rural,High,Male,Widowed,Middle,10.0,10.0,0.435735,Not trusted,7.0,10.0,0.347702
India,356001408,23.0,Rural,Medium,Female,Single,Lower,5.0,5.0,0.191747,Not trusted,10.0,8.0,0.569814
India,356001409,25.0,Urban,High,Female,Single,Higher,8.0,9.0,0.558075,Not trusted,7.0,7.0,0.204696
India,356001410,58.0,Rural,Low,Male,Married,Lower,8.0,8.0,0.279869,Trusted,8.0,6.0,0.058224
India,356001411,28.0,Rural,Low,Male,Married,Lower,1.0,1.0,0.359770,Not trusted,4.0,1.0,0.267668
India,356001412,33.0,Rural,Medium,Male,Married,Middle,7.0,6.0,0.490277,Not trusted,8.0,9.0,0.319101
India,356001413,30.0,Urban,Medium,Male,Married,Middle,5.0,,0.427655,Not trusted,3.0,7.0,0.158812
India,356001414,23.0,Urban,High,Male,Single,Higher,8.0,9.0,0.571128,Not trusted,10.0,,0.337410
India,356001415,22.0,Rural,High,Male,Single,Middle,5.0,8.0,0.578755,Trusted,8.0,9.0,0.311389
India,356001416,47.0,Rural,Medium,Male,Single,Lower,4.0,7.0,0.356303,Not trusted,8.0,8.0,0.351932
India,356001417,16.0,Urban,High,Male,Widowed,Lower,10.0,5.0,0.559461,Not trusted,9.0,5.0,0.424238
India,356001418,43.0,Rural,Medium,Male,Married,Higher,8.0,8.0,0.281491,Not trusted,10.0,6.0,0.034670
India,356001419,17.0,Urban,Medium,Female,Single,Middle,9.0,2.0,0.052649,Not trusted,10.0,3.0,0.256411
India,356001420,57.0,Rural,Medium,Male,Married,Middle,8.0,8.0,0.490716,Trusted,8.0,7.0,0.158720
India,356001421,37.0,Rural,Medium,Male,Married,Higher,10.0,10.0,0.509410,Not trusted,7.0,10.0,0.227301
India,356001422,70.0,Rural,Low,Male,Single,Lower,8.0,6.0,0.201470,Not trusted,4.0,8.0,0.700884
India,356001423,27.0,Urban,Medium,Male,Married,Lower,4.0,3.0,0.552994,Trusted,4.0,2.0,0.185987
India,356001424,44.0,Rural,Medium,Female,Living together as married,Middle,7.0,10.0,0.472813,Not trusted,10.0,7.0,0.152075
India,356001425,45.0,Rural,Medium,Female,Married,Middle,4.0,7.0,0.341429,Not trusted,10.0,6.0,0.671815
India,356001426,44.0,Urban,Medium,Male,Single,Middle,4.0,10.0,0.400437,Not trusted,5.0,7.0,0.162962
India,356001427,23.0,Urban,Medium,Female,Single,Middle,5.0,7.0,0.537085,Not trusted,10.0,7.0,0.209747
India,356001428,56.0,Urban,Low,Male,Married,Middle,9.0,8.0,,Not trusted,7.0,7.0,0.344237
India,356001429,43.0,Urban,Medium,Male,Married,Higher,10.0,7.0,0.168046,Not trusted,10.0,5.0,0.154463
India,356001430,57.0,Urban,Medium,Male,Living together as married,Higher,10.0,9.0,0.316214,Not trusted,10.0,6.0,0.062581
India,356001431,16.0,Rural,Medium,Female,Married,Higher,2.0,5.0,0.419214,Not trusted,10.0,2.0,0.046306
India,356001432,23.0,Urban,Low,Male,Single,Lower,7.0,3.0,0.350483,Not trusted,4.0,7.0,0.279610
India,356001433,35.0,Urban,Medium,Male,Widowed,Middle,8.0,6.0,0.216151,Not trusted,6.0,9.0,0.252187
India,356001434,48.0,Rural,Low,Male,Married,Lower,10.0,8.0,0.434462,Not trusted,8.0,10.0,0.068869
India,356001435,75.0,Rural,Medium,Female,Single,Lower,8.0,10.0,0.190330,Not trusted,10.0,8.0,0.179127
India,356001436,42.0,Rural,High,Female,Married,Middle,6.0,8.0,0.632371,Not trusted,10.0,6.0,0.295496
India,356001437,50.0,Rural,High,Female,Single,Higher,6.0,10.0,0.622041,Not trusted,6.0,8.0,0.431259
India,356001438,27.0,Rural,Low,Male,Married,Higher,5.0,5.0,0.401437,Not trusted,2.0,3.0,0.484884
India,356001439,38.0,Rural,Low,Male,Married,Middle,8.0,8.0,0.396057,Not trusted,10.0,8.0,0.130742
India,356001440,17.0,Rural,Medium,Female,Married,Higher,7.0,6.0,0.487779,Not trusted,10.0,6.0,0.024226
India,356001441,24.0,Rural,Medium,Male,Married,Middle,9.0,5.0,0.418334,Not trusted,7.0,5.0,0.245159
India,356001442,85.0,Rural,High,Female,Married,Lower,9.0,9.0,0.348281,Trusted,10.0,7.0,0.481526
India,356001443,17.0,Rural,Medium,Male,Single,Lower,5.0,8.0,0.302255,Not trusted,6.0,3.0,0.140536
India,356001444,46.0,Rural,Low,Female,Married,Lower,7.0,6.0,0.279064,Not trusted,4.0,3.0,0.403172
India,356001445,25.0,Rural,Medium,Female,Married,Higher,10.0,5.0,0.446443,Trusted,7.0,4.0,0.205240
India,356001446,38.0,Rural,Medium,Male,Single,Middle,2.0,1.0,0.449199,Trusted,7.0,7.0,0.223383
India,356001447,22.0,Urban,Low,Female,Married,Middle,3.0,7.0,0.317119,Trusted,10.0,1.0,0.212818
India,356001448,20.0,Urban,Medium,Male,Divorced,Lower,10.0,10.0,0.150803,Not trusted,10.0,10.0,0.164633
India,356001449,50.0,Urban,Medium,Male,Married,Middle,4.0,6.0,0.535832,Trusted,8.0,5.0,0.548085
India,356001450,31.0,Rural,High,Female,Married,Middle,8.0,5.0,0.224688,Trusted,10.0,8.0,0.171037
India,356001451,55.0,Urban,Medium,Female,Married,Lower,10.0,5.0,0.340518,Not trusted,7.0,7.0,0.422867
India,356001452,34.0,Rural,High,Female,Married,Higher,10.0,10.0,0.310824,Not trusted,10.0,10.0,0.000000
India,356001453,40.0,Rural,Low,Female,Married,Lower,5.0,2.0,0.495026,Not trusted,7.0,1.0,0.287011
India,356001454,53.0,Urban,Low,Male,Married,Middle,7.0,8.0,0.290877,Not trusted,10.0,6.0,0.219049
India,356001455,49.0,Urban,,Male,Married,Middle,10.0,10.0,0.647386,Not trusted,10.0,10.0,0.361950
India,356001456,28.0,Rural,Low,Female,Married,Higher,6.0,6.0,0.715812,Not trusted,9.0,3.0,0.126607
India,356001457,37.0,Urban,Medium,Male,Married,Higher,10.0,8.0,0.246777,Not trusted,10.0,8.0,
India,356001458,16.0,Urban,Medium,Female,Single,Higher,5.0,8.0,0.199437,Not trusted,9.0,7.0,0.101427
India,356001459,16.0,Rural,Medium,Female,Married,Lower,6.0,10.0,0.391515,Not trusted,10.0,8.0,0.241755
India,356001460,18.0,Rural,High,Female,Married,Higher,10.0,10.0,0.297776,,10.0,8.0,0.216335
India,356001461,52.0,Rural,Medium,Male,Married,Middle,10.0,8.0,0.111362,Trusted,8.0,8.0,0.076094
India,356001462,24.0,Urban,Medium,Male,Married,Middle,5.0,10.0,0.397058,Not trusted,8.0,8.0,0.047638
India,356001463,21.0,Urban,Medium,Female,Widowed,Middle,8.0,9.0,0.369784,Not trusted,10.0,8.0,0.000000
India,356001464,50.0,Rural,Medium,Male,Single,Higher,10.0,7.0,0.540934,Not trusted,10.0,10.0,0.191333
India,356001465,52.0,Urban,High,Male,Married,Middle,10.0,10.0,0.265234,Not trusted,10.0,10.0,0.199726
India,356001466,40.0,Rural,High,Male,Living together as married,Middle,6.0,9.0,0.314607,Trusted,10.0,8.0,0.206553
India,356001467,58.0,Rural,Medium,Male,Married,Middle,7.0,4.0,0.330336,Not trusted,3.0,8.0,0.304106
India,356001468,39.0,Urban,Low,Female,Single,Lower,3.0,4.0,0.172260,Not trusted,7.0,2.0,0.383449
India,356001469,16.0,Rural,Medium,Female,Single,Middle,6.0,4.0,0.570968,Trusted,1.0,4.0,0.245138
India,356001470,28.0,Urban,High,Male,Single,Higher,8.0,8.0,0.333500,,10.0,9.0,0.047836
India,356001471,34.0,Rural,Medium,Male,Single,Higher,8.0,10.0,0.300611,Trusted,10.0,3.0,0.031971
India,356001472,50.0,Rural,Medium,Female,Married,Middle,8.0,10.0,0.256039,Not trusted,10.0,6.0,0.330636
India,356001473,16.0,Urban,Medium,Female,Living together as married,Lower,5.0,8.0,0.242011,Not trusted,10.0,3.0,0.393079
India,356001474,48.0,Rural,Low,Male,Single,Middle,1.0,7.0,0.235537,Not trusted,7.0,7.0,0.190308
India,356001475,32.0,Rural,Medium,Male,Married,Lower,4.0,7.0,0.392368,Not trusted,7.0,4.0,0.441860
India,356001476,26.0,Rural,Low,Male,Single,Middle,5.0,6.0,0.305201,Not trusted,1.0,5.0,0.000000
India,356001477,59.0,Urban,High,Male,Married,Lower,10.0,10.0,0.263492,Not trusted,10.0,10.0,0.051634
India,356001478,28.0,Rural,High,Female,Single,Higher,8.0,10.0,0.406475,Not trusted,10.0,8.0,0.209671
India,356001479,20.0,Rural,High,Female,Married,Higher,10.0,10.0,,Trusted,10.0,10.0,0.103885
India,356001480,20.0,Rural,,Female,Married,Middle,6.0,10.0,0.392658,Not trusted,8.0,7.0,0.300168
India,356001481,23.0,Rural,Low,Female,Married,Middle,6.0,4.0,0.572548,Not trusted,8.0,4.0,0.597870
India,356001482,17.0,Urban,Medium,Male,Married,Middle,8.0,9.0,0.172505,Not trusted,10.0,5.0,0.129721
India,356001483,37.0,Rural,Low,Female,Married,Middle,8.0,8.0,0.568346,Not trusted,8.0,6.0,0.541874
India,356001484,22.0,Urban,Medium,Male,Married,Middle,8.0,10.0,0.363592,Not trusted,10.0,5.0,0.169077
India,356001485,66.0,Rural,High,Male,Single,Higher,10.0,8.0,0.656879,Not trusted,10.0,4.0,0.070812
India,356001486,53.0,Urban,Medium,Male,Widowed,Middle,1.0,5.0,0.220685,Not trusted,10.0,7.0,0.305451
India,356001487,16.0,Rural,Low,Male,Married,Middle,5.0,,0.617248,Not trusted,3.0,1.0,0.289669
India,356001488,35.0,Urban,Medium,Male,Married,Higher,9.0,8.0,0.360733,Not trusted,9.0,6.0,0.085718
India,356001489,37.0,Urban,Medium,Male,Single,Middle,8.0,8.0,0.529360,Not trusted,10.0,1.0,0.402284
India,356001490,38.0,Urban,Medium,Female,Living together as married,Lower,5.0,6.0,0.388671,Not trusted,8.0,6.0,0.329054
India,356001491,27.0,Urban,Medium,Male,Married,Middle,9.0,6.0,0.296129,Not trusted,5.0,7.0,0.197260
India,356001492,45.0,Urban,High,Male,Single,Middle,10.0,10.0,0.296112,Not trusted,10.0,8.0,0.364489
India,356001493,31.0,Rural,Low,Male,Single,Lower,2.0,3.0,0.321771,Trusted,10.0,3.0,0.414268
India,356001494,25.0,Urban,Low,Female,Married,Middle,8.0,4.0,0.257983,Not trusted,2.0,7.0,0.248307
India,356001495,46.0,Rural,High,Female,Widowed,Lower,5.0,10.0,0.328914,Not trusted,10.0,4.0,0.354337
India,356001496,48.0,Urban,High,Male,Single,Higher,9.0,10.0,0.374297,Trusted,7.0,8.0,0.072359
India,356001497,30.0,Rural,High,Male,Single,Higher,9.0,8.0,0.330960,Not trusted,10.0,5.0,0.066245
India,356001498,52.0,Rural,Medium,Female,Single,Middle,8.0,10.0,0.314934,Not trusted,10.0,8.0,0.336616
India,356001499,16.0,Urban,Low,Male,Married,Middle,8.0,10.0,0.291077,Not trusted,10.0,10.0,0.079468
India,356001500,51.0,Rural,Medium,Male,Married,Lower,9.0,7.0,0.370900,Not trusted,3.0,7.0,0.383749
India,356001501,17.0,Rural,Medium,Female,Married,Middle,10.0,10.0,0.588875,Not trusted,8.0,9.0,0.669147
India,356001502,54.0,Rural,Medium,Female,Living together as married,Middle,6.0,4.0,0.608274,Not trusted,3.0,5.0,0.667238
India,356001503,25.0,Rural,Low,Female,Married,Middle,9.0,7.0,0.290174,Not trusted,5.0,6.0,0.223193
India,356001504,49.0,Rural,Medium,Male,Married,Middle,10.0,8.0,0.888029,Trusted,9.0,8.0,0.199920
India,356001505,66.0,Rural,Medium,Female,Single,Lower,2.0,6.0,0.359360,Not trusted,3.0,1.0,0.244095
India,356001506,26.0,Urban,Medium,Female,Living together as married,Middle,10.0,10.0,0.427612,Trusted,6.0,8.0,0.683473
India,356001507,16.0,Rural,Medium,Female,Single,Higher,1.0,2.0,0.722975,Not trusted,3.0,4.0,0.330501
India,356001508,66.0,Urban,Low,Male,Living together as married,Lower,2.0,4.0,0.314942,Not trusted,4.0,5.0,0.369099
India,356001509,16.0,Rural,Low,Female,Married,Middle,10.0,10.0,0.369888,Not trusted,2.0,9.0,0.372759
India,356001510,20.0,Rural,Medium,Male,Married,Middle,8.0,7.0,0.493485,Trusted,5.0,4.0,0.185001
India,356001511,35.0,Rural,Medium,Male,Married,Higher,10.0,,0.405274,Trusted,10.0,10.0,0.250332
India,356001512,30.0,Urban,Medium,Female,Married,Higher,8.0,7.0,0.293222,Not trusted,7.0,7.0,0.295192
India,356001513,25.0,Rural,Low,Male,Married,Lower,4.0,2.0,0.441982,Trusted,5.0,2.0,0.248416
India,356001514,51.0,Urban,Medium,Female,Single,Middle,5.0,4.0,0.403434,Not trusted,8.0,7.0,0.151498
India,356001515,40.0,Urban,Medium,Female,Single,Lower,6.0,9.0,0.186400,Trusted,10.0,6.0,0.169302
India,356001516,50.0,Rural,Medium,Female,Married,Lower,10.0,8.0,0.336983,Not trusted,10.0,9.0,0.471615
India,356001517,17.0,Rural,Low,Male,Married,Middle,5.0,6.0,0.443113,Trusted,6.0,1.0,0.260812
India,356001518,41.0,Urban,Low,Female,Single,Middle,7.0,8.0,0.485461,Not trusted,10.0,1.0,0.074473
India,356001519,27.0,Rural,Low,Female,Married,Middle,6.0,5.0,0.519356,Not trusted,3.0,4.0,0.465518
India,356001520,38.0,Rural,High,Female,Single,Higher,8.0,10.0,0.608205,Not trusted,9.0,7.0,0.211386
India,356001521,19.0,Rural,Low,Female,Single,Higher,4.0,6.0,0.231722,Trusted,8.0,6.0,0.287597
India,356001522,28.0,Rural,Medium,Male,Single,Higher,6.0,1.0,0.330963,Not trusted,10.0,5.0,0.401350
India,356001523,34.0,Rural,Medium,Male,Married,Middle,10.0,10.0,0.529228,Trusted,9.0,9.0,0.189325
India,356001524,59.0,Rural,Low,Male,Single,Lower,6.0,3.0,0.287839,Not trusted,10.0,4.0,0.343213
India,356001525,72.0,Rural,Medium,Male,Married,Higher,10.0,9.0,0.390468,Trusted,8.0,2.0,0.136978
India,356001526,16.0,Rural,Low,Male,Single,Lower,9.0,4.0,0.476861,Not trusted,9.0,2.0,0.418261
India,356001527,43.0,Rural,High,Male,Married,Higher,10.0,7.0,0.495585,Not trusted,9.0,8.0,0.249712
India,356001528,16.0,Rural,Low,Male,Married,Lower,6.0,5.0,0.588010,Not trusted,8.0,4.0,0.097825
India,356001529,34.0,Rural,High,Male,Married,Higher,10.0,10.0,0.441858,Not trusted,8.0,10.0,0.204621
India,356001530,40.0,Rural,Low,Male,Married,Lower,8.0,5.0,0.229643,Not trusted,8.0,1.0,0.146859
India,356001531,53.0,Rural,Medium,Female,Married,Middle,3.0,5.0,0.363645,Not trusted,10.0,7.0,0.173575
India,356001532,23.0,Urban,High,Female,Married,Middle,6.0,7.0,0.591707,Not trusted,6.0,5.0,0.530103
India,356001533,40.0,Rural,High,Male,Married,Higher,5.0,5.0,0.352105,Not trusted,9.0,5.0,0.211362
India,356001534,53.0,Urban,Medium,Male,Married,Middle,1.0,9.0,0.387147,Not trusted,6.0,3.0,0.203772
India,356001535,16.0,Rural,Low,Female,Single,Lower,6.0,2.0,0.482285,Not trusted,10.0,7.0,0.092090
India,356001536,32.0,Urban,Low,Male,Single,Middle,10.0,10.0,0.273315,Not trusted,10.0,10.0,0.193200
India,356001537,48.0,Urban,Medium,Male,Single,Middle,4.0,4.0,0.255149,Not trusted,8.0,5.0,0.325075
India,356001538,48.0,Rural,Medium,Female,Single,Middle,10.0,10.0,0.266052,Trusted,10.0,9.0,0.413792
India,356001539,49.0,Rural,High,Female,Single,Middle,7.0,10.0,0.247016,Trusted,10.0,8.0,0.361855
India,356001540,48.0,Rural,Low,Female,Married,Lower,7.0,8.0,0.535943,Not trusted,4.0,4.0,0.441204
India,356001541,16.0,Rural,Low,Female,Single,Middle,9.0,7.0,0.453957,Not trusted,8.0,5.0,0.359001
India,356001542,17.0,Rural,Medium,Male,Living together as married,Higher,6.0,2.0,0.170316,Not trusted,10.0,4.0,0.093077
India,356001543,30.0,Rural,High,Female,Married,Lower,10.0,5.0,0.225936,Not trusted,10.0,10.0,0.339282
India,356001544,63.0,Rural,Medium,Male,Single,Lower,10.0,10.0,0.441147,Not trusted,10.0,9.0,0.156128
India,356001545,49.0,Urban,Medium,Female,Married,Higher,8.0,10.0,0.486324,Not trusted,7.0,10.0,0.160701
India,356001546,17.0,Rural,Medium,Female,Living together as married,Lower,10.0,9.0,0.584618,Trusted,8.0,10.0,0.103291
India,356001547,43.0,Urban,Medium,Male,Married,Middle,10.0,8.0,0.440280,Not trusted,10.0,10.0,0.201282
India,356001548,66.0,Urban,High,Female,Single,Lower,10.0,10.0,0.321396,Not trusted,10.0,10.0,0.140829
India,356001549,64.0,Rural,Low,Female,Married,Lower,8.0,10.0,0.296245,Not trusted,5.0,7.0,0.215768
India,356001550,59.0,Rural,Medium,Male,Married,Lower,8.0,10.0,0.522456,Not trusted,10.0,9.0,0.143020
India,356001551,49.0,Rural,Medium,Female,Married,Middle,7.0,8.0,0.620262,Not trusted,7.0,10.0,0.383609
India,356001552,50.0,Rural,Low,Male,Married,Middle,9.0,7.0,0.462507,Not trusted,7.0,9.0,0.435396
India,356001553,37.0,Rural,Medium,Male,Single,Higher,7.0,9.0,0.339684,Not trusted,8.0,5.0,0.308663
India,356001554,20.0,Urban,Low,Male,Single,Middle,8.0,7.0,0.497469,Not trusted,7.0,7.0,0.411059
India,356001555,26.0,Rural,Medium,Male,Married,Higher,9.0,9.0,0.557970,Trusted,10.0,6.0,0.315220
India,356001556,19.0,Rural,High,Male,Single,Middle,8.0,6.0,0.404767,Not trusted,10.0,8.0,0.280630
India,356001557,23.0,Urban,Medium,Male,Single,Lower,10.0,8.0,0.578505,Not trusted,2.0,7.0,0.360910
India,356001558,35.0,Rural,Medium,Male,Married,Middle,7.0,5.0,0.342615,Not trusted,10.0,5.0,0.413593
India,356001559,46.0,Urban,Low,Female,Single,Middle,8.0,5.0,0.183536,Not trusted,8.0,9.0,0.537735
India,356001560,44.0,Rural,High,Male,Single,Lower,4.0,6.0,0.193988,Not trusted,6.0,6.0,0.316043
India,356001561,48.0,Rural,Medium,Female,Single,Middle,4.0,7.0,0.139902,Trusted,10.0,7.0,0.126160
India,356001562,41.0,Rural,Medium,Male,Married,Middle,5.0,6.0,0.211983,Not trusted,2.0,8.0,0.377172
India,356001563,34.0,Urban,Medium,Female,Widowed,Lower,6.0,8.0,0.378409,Not trusted,10.0,7.0,0.335920
India,356001564,42.0,Rural,Medium,Female,Married,Middle,1.0,3.0,0.346936,Not trusted,8.0,1.0,0.175655
India,356001565,59.0,Rural,Medium,Male,Single,Middle,10.0,9.0,0.336532,Not trusted,8.0,8.0,0.049903
India,356001566,26.0,Urban,Medium,Male,Single,Middle,10.0,10.0,0.417562,Not trusted,9.0,10.0,0.262150
India,356001567,26.0,Rural,Low,Male,Living together as married,Middle,10.0,9.0,0.379094,,10.0,8.0,0.184254
India,356001568,24.0,Urban,High,Female,Married,Middle,10.0,10.0,0.349582,Not trusted,8.0,10.0,0.256409
India,356001569,42.0,Rural,Medium,Male,Single,Lower,1.0,3.0,0.290544,Not trusted,7.0,3.0,0.396081
India,356001570,46.0,Urban,Medium,Male,Married,Higher,9.0,9.0,0.503857,Trusted,4.0,8.0,0.104404
India,356001571,16.0,Urban,Medium,Male,Single,Middle,6.0,1.0,0.505211,Not trusted,8.0,3.0,0.186094
India,356001572,43.0,Urban,Medium,Male,Married,Middle,8.0,4.0,0.439943,Not trusted,4.0,5.0,0.461831
India,356001573,16.0,Urban,Medium,Male,Single,Higher,8.0,9.0,0.355581,Not trusted,7.0,4.0,0.252682
India,356001574,50.0,Urban,Medium,Male,Married,Higher,8.0,8.0,0.347754,Not trusted,8.0,5.0,0.028853
India,356001575,23.0,Urban,Medium,Male,Single,Higher,6.0,5.0,0.537095,Not trusted,7.0,8.0,0.199844
India,356001576,16.0,Urban,High,Male,Married,Higher,10.0,10.0,0.505910,Not trusted,8.0,10.0,0.102143
India,356001577,27.0,Rural,Medium,Female,Married,Lower,8.0,9.0,0.400290,Not trusted,6.0,8.0,0.335028
India,356001578,40.0,Urban,Medium,Male,Single,Middle,10.0,10.0,0.371968,Not trusted,10.0,6.0,0.120861
India,356001579,24.0,Urban,Low,Male,Single,Middle,6.0,6.0,0.334426,Not trusted,10.0,2.0,0.487187
India,356001580,28.0,Rural,Medium,Female,Single,Middle,8.0,10.0,0.560081,Not trusted,8.0,8.0,0.186569
India,356001581,49.0,Rural,Medium,Male,Married,Middle,10.0,10.0,0.591264,Not trusted,10.0,9.0,0.693268
India,356001582,34.0,Rural,High,Male,Living together as married,Higher,8.0,9.0,0.470751,Trusted,8.0,7.0,0.445258
India,356001583,17.0,Rural,Medium,Female,Single,Higher,9.0,7.0,0.259498,Trusted,8.0,6.0,0.425642
India,356001584,50.0,Urban,Low,Male,Married,Higher,6.0,9.0,0.690554,Trusted,9.0,2.0,0.619097
India,356001585,51.0,Rural,Low,Male,Married,Higher,7.0,7.0,0.282746,Not trusted,10.0,4.0,0.191223
India,356001586,90.0,Rural,Medium,Male,Widowed,Middle,6.0,4.0,0.556895,,10.0,6.0,0.472675
India,356001587,16.0,Rural,Medium,Male,Married,Higher,6.0,10.0,0.400209,Not trusted,7.0,10.0,0.202905
India,356001588,23.0,Rural,Low,Male,Married,Middle,7.0,9.0,0.267610,Not trusted,10.0,4.0,0.186286
India,356001589,32.0,Rural,Medium,Male,Single,Middle,7.0,8.0,0.619870,Not trusted,10.0,9.0,0.106467
India,356001590,28.0,Urban,High,Male,Single,Middle,8.0,10.0,0.536258,Not trusted,8.0,3.0,0.289969
India,356001591,26.0,Rural,Low,Male,Single,Middle,6.0,7.0,0.326020,Not trusted,8.0,8.0,0.157481
India,356001592,68.0,Rural,High,Male,Single,Higher,9.0,9.0,0.311643,Trusted,10.0,6.0,0.334223
India,356001593,19.0,Rural,Medium,Female,Single,Higher,10.0,10.0,0.362054,Not trusted,10.0,10.0,0.144675
India,356001594,16.0,Rural,Low,Male,Married,Middle,2.0,2.0,0.366420,Trusted,7.0,4.0,0.365716
India,356001595,16.0,Rural,Medium,Male,Married,Lower,10.0,3.0,0.336596,Not trusted,5.0,8.0,0.252642
India,356001596,37.0,Urban,Medium,Female,Married,Middle,9.0,10.0,0.149878,Not trusted,7.0,7.0,0.233018
India,356001597,42.0,Rural,Medium,Female,Married,Lower,10.0,9.0,0.250212,Not trusted,6.0,6.0,0.284134
India,356001598,47.0,Rural,Low,Female,Married,Lower,6.0,7.0,0.364418,Not trusted,8.0,8.0,0.092218
India,356001599,33.0,Urban,Medium,Male,Single,Lower,9.0,5.0,0.465336,Not trusted,3.0,9.0,0.205393
India,356001600,30.0,Rural,Medium,Female,Single,Lower,6.0,10.0,0.120618,Trusted,5.0,5.0,0.304821
India,356001601,47.0,Urban,Medium,Female,Living together as married,Middle,7.0,10.0,0.449328,Trusted,8.0,1.0,0.429954
India,356001602,41.0,Urban,Medium,Male,Married,Lower,7.0,6.0,0.354794,Not trusted,10.0,10.0,0.161737
India,356001603,16.0,Urban,Medium,Male,Widowed,Middle,8.0,10.0,0.507398,Not trusted,5.0,8.0,0.208724
India,356001604,62.0,Urban,Low,Female,Single,Middle,6.0,8.0,0.273290,Not trusted,10.0,6.0,0.477831
India,356001605,21.0,Rural,Medium,Female,Single,Higher,5.0,7.0,0.514821,Trusted,10.0,4.0,0.291361
India,356001606,17.0,Urban,Low,Male,Living together as married,Middle,10.0,10.0,0.371619,Not trusted,10.0,8.0,0.117451
India,356001607,17.0,Urban,Medium,Female,Married,Lower,9.0,10.0,0.421229,Not trusted,7.0,8.0,0.079493
India,356001608,34.0,Urban,Medium,Female,Single,Higher,10.0,8.0,0.359574,Not trusted,8.0,10.0,0.224002
India,356001609,47.0,Rural,High,Female,Married,Middle,7.0,5.0,0.695522,Trusted,9.0,7.0,0.623113
India,356001610,30.0,Rural,Low,Female,Single,Middle,3.0,,0.584730,Not trusted,3.0,5.0,0.240738
India,356001611,42.0,Rural,Medium,Female,Married,Higher,6.0,1.0,0.460945,Not trusted,10.0,5.0,0.234745
India,356001612,48.0,Rural,Low,Male,Married,Lower,8.0,8.0,0.276159,Not trusted,10.0,7.0,0.065317
India,356001613,60.0,Urban,High,Male,Married,Middle,10.0,6.0,0.588248,Trusted,10.0,8.0,0.285769
India,356001614,23.0,Urban,Medium,Male,Married,Middle,8.0,8.0,0.441587,Not trusted,10.0,9.0,0.063288
India,356001615,44.0,Rural,Medium,Female,Married,Middle,6.0,10.0,0.398050,Not trusted,7.0,8.0,0.263303
India,356001616,33.0,Urban,Medium,Male,Living together as married,Higher,9.0,5.0,0.246655,Not trusted,7.0,2.0,0.132436
India,356001617,28.0,Urban,Medium,Male,Single,Middle,1.0,2.0,0.515240,Not trusted,1.0,1.0,0.512880
India,356001618,28.0,Rural,Low,Female,Married,Middle,8.0,4.0,0.386898,Not trusted,10.0,8.0,0.143708
India,356001619,56.0,Rural,Low,Male,Single,Lower,6.0,7.0,0.379751,Not trusted,8.0,5.0,0.478311
India,356001620,16.0,Rural,High,Male,Married,Higher,8.0,10.0,0.484908,Not trusted,10.0,8.0,0.356747
India,356001621,17.0,Rural,Medium,Male,Single,Higher,10.0,10.0,0.409511,Not trusted,8.0,8.0,0.085452
India,356001622,67.0,Rural,High,Female,Married,Middle,10.0,10.0,0.177581,Trusted,10.0,8.0,0.014225
India,356001623,17.0,Rural,Medium,Female,Widowed,Lower,7.0,5.0,0.363796,Not trusted,8.0,7.0,0.131297
India,356001624,40.0,Urban,Low,Male,Living together as married,Middle,7.0,8.0,0.386434,Not trusted,8.0,5.0,0.402640
India,356001625,40.0,Urban,High,Male,Single,Middle,5.0,10.0,0.279013,Not trusted,10.0,4.0,0.148696
India,356001626,36.0,Rural,Medium,Male,Married,Middle,10.0,9.0,0.233344,Not trusted,8.0,8.0,0.099830
India,356001627,38.0,Urban,Medium,Male,Single,Middle,8.0,10.0,0.445962,Not trusted,7.0,9.0,0.145371
India,356001628,45.0,Urban,High,Male,Married,Lower,7.0,10.0,0.316939,Not trusted,10.0,9.0,0.105955
India,356001629,68.0,Urban,Low,Male,Married,Lower,5.0,5.0,0.272733,Not trusted,6.0,3.0,0.186283
India,356001630,48.0,Rural,Medium,Female,Single,Middle,7.0,10.0,0.284467,Not trusted,7.0,6.0,0.317689
India,356001631,52.0,Urban,High,Male,Single,Higher,7.0,8.0,,Not trusted,8.0,2.0,0.629143
India,356001632,26.0,Urban,Low,Female,Single,Lower,10.0,10.0,0.351873,Not trusted,10.0,7.0,0.154221
India,356001633,51.0,Rural,Low,Male,Single,Higher,5.0,5.0,0.409169,Not trusted,10.0,4.0,0.289951
India,356001634,56.0,Rural,Medium,Male,Married,Lower,6.0,10.0,,Not trusted,8.0,6.0,0.377402
India,356001635,16.0,Urban,Medium,Male,Widowed,Higher,6.0,7.0,0.159389,Trusted,10.0,6.0,
India,356001636,48.0,Urban,Medium,Female,Married,Lower,9.0,10.0,0.488576,,3.0,6.0,0.440590
India,356001637,17.0,Rural,Low,Female,Single,Middle,6.0,,0.366723,Not trusted,8.0,4.0,0.158482
India,356001638,17.0,Rural,Medium,Male,Married,Higher,7.0,10.0,0.464846,Not trusted,10.0,9.0,0.137584
India,356001639,46.0,Urban,High,Male,Married,Middle,8.0,7.0,0.301083,Not trusted,6.0,7.0,0.362309
India,356001640,43.0,Rural,Low,Female,Married,Lower,9.0,7.0,0.465667,Not trusted,10.0,8.0,0.000000
India,356001641,51.0,Rural,High,Male,Married,Middle,9.0,7.0,0.408108,Trusted,2.0,7.0,0.552198
India,356001642,58.0,Rural,Low,Male,Married,Lower,5.0,4.0,0.337546,Not trusted,7.0,1.0,0.229518
India,356001643,21.0,Urban,Medium,Female,Married,Lower,10.0,8.0,0.369764,Not trusted,9.0,7.0,0.345240
India,356001644,28.0,Rural,Low,Male,Living together as married,Middle,6.0,6.0,0.225799,Not trusted,6.0,8.0,0.253500
India,356001645,51.0,Rural,Low,Female,Married,Lower,1.0,10.0,0.241784,Not trusted,5.0,4.0,0.383859
India,356001646,82.0,Rural,Medium,Male,Married,Lower,8.0,6.0,0.382757,Not trusted,7.0,7.0,0.293973
India,356001647,50.0,Urban,High,Female,Living together as married,Middle,7.0,5.0,0.440880,Not trusted,9.0,10.0,0.190781
India,356001648,24.0,Rural,High,Female,Living together as married,Higher,10.0,8.0,0.198198,Not trusted,7.0,10.0,0.289867
India,356001649,22.0,Urban,Medium,Female,Married,Middle,7.0,5.0,0.680357,Not trusted,9.0,7.0,0.096411
India,356001650,21.0,Rural,High,Male,Married,Middle,4.0,7.0,0.320440,Not trusted,10.0,7.0,0.231919
India,356001651,28.0,Urban,Low,Male,Married,Middle,6.0,6.0,0.650213,Not trusted,10.0,6.0,0.179786
India,356001652,41.0,Rural,Low,Male,Single,Middle,10.0,9.0,0.580976,Not trusted,10.0,10.0,0.608526
India,356001653,30.0,Urban,Medium,Female,Single,Lower,10.0,10.0,0.246077,Trusted,9.0,7.0,0.265627
India,356001654,24.0,Urban,Medium,Male,Living together as married,Higher,6.0,9.0,0.301304,Not trusted,8.0,10.0,0.372539
India,356001655,44.0,Rural,Medium,Male,Living together as married,Lower,3.0,10.0,0.359525,Not trusted,9.0,9.0,0.293040
India,356001656,30.0,Rural,High,Female,Married,Middle,4.0,2.0,0.375328,Not trusted,10.0,4.0,0.309256
India,356001657,19.0,Rural,High,Female,Single,Higher,10.0,10.0,0.681837,Not trusted,10.0,8.0,0.308658
India,356001658,40.0,Rural,Low,Female,Married,Middle,8.0,6.0,0.427471,Not trusted,,9.0,0.101400
India,356001659,34.0,Urban,Low,Male,Single,Middle,8.0,10.0,0.427505,Not trusted,7.0,4.0,0.174841
India,356001660,17.0,Urban,,Male,Single,Middle,8.0,3.0,0.384555,Trusted,10.0,2.0,0.250044
India,356001661,20.0,Rural,Medium,Female,Married,Middle,10.0,10.0,,Not trusted,10.0,8.0,0.290108
India,356001662,25.0,Rural,High,Male,Married,Higher,8.0,10.0,0.459655,Trusted,9.0,8.0,0.267504
India,356001663,24.0,Rural,High,Male,Married,Higher,10.0,10.0,,Not trusted,10.0,7.0,0.203488
India,356001664,17.0,Rural,Medium,Female,Married,Lower,10.0,7.0,0.498636,Not trusted,2.0,7.0,0.255062
India,356001665,33.0,Rural,High,Male,Divorced,Higher,8.0,5.0,0.324119,Trusted,8.0,5.0,0.196607
India,356001666,59.0,Rural,Medium,Male,Married,Middle,7.0,7.0,0.446002,Not trusted,10.0,8.0,0.244870
India,356001667,42.0,Urban,Medium,Male,Married,Middle,10.0,9.0,0.331211,Not trusted,6.0,8.0,0.531085
India,356001668,19.0,Rural,Medium,Male,Divorced,Middle,8.0,8.0,0.464394,Not trusted,10.0,7.0,0.058520
India,356001669,42.0,Rural,Medium,Male,Married,Lower,8.0,4.0,0.255067,Not trusted,3.0,4.0,0.148755
India,356001670,35.0,Urban,Medium,Male,Married,Lower,5.0,7.0,0.364573,Not trusted,10.0,6.0,0.192449
India,356001671,25.0,Rural,High,Female,Single,Higher,3.0,4.0,0.328602,Not trusted,9.0,3.0,0.287012
India,356001672,66.0,Rural,Medium,Male,Married,Lower,4.0,5.0,0.207984,Not trusted,10.0,5.0,0.203720
India,356001673,16.0,Urban,High,Male,Married,Middle,8.0,5.0,0.322216,Not trusted,3.0,5.0,0.327048
India,356001674,40.0,Rural,Low,Female,Married,Lower,6.0,9.0,0.206842,Not trusted,7.0,8.0,0.157329
India,356001675,48.0,Urban,High,Male,Single,Higher,5.0,3.0,0.582797,Trusted,6.0,1.0,0.413391
India,356001676,16.0,Rural,Low,Female,Married,Middle,8.0,10.0,0.303007,Not trusted,10.0,8.0,0.126897
India,356001677,34.0,Urban,Medium,Male,Married,Middle,10.0,8.0,0.426620,Not trusted,6.0,9.0,0.216918
India,356001678,17.0,Urban,Medium,Male,Married,Higher,4.0,10.0,0.488592,Not trusted,8.0,9.0,0.473129
India,356001679,26.0,Urban,High,Male,Married,Middle,7.0,10.0,0.396915,Not trusted,10.0,8.0,0.102911
India,356001680,66.0,Urban,Medium,Male,Single,Middle,8.0,10.0,0.629232,Not trusted,10.0,8.0,0.026567
India,356001681,16.0,Urban,Medium,Male,Married,Higher,10.0,10.0,0.765372,Not trusted,8.0,8.0,0.570415
India,356001682,17.0,Rural,High,Female,Single,Higher,6.0,3.0,0.625667,Not trusted,7.0,4.0,0.741070
India,356001683,36.0,Rural,Low,Male,Single,Lower,10.0,6.0,0.289411,,10.0,4.0,0.195794
India,356001684,30.0,Rural,Medium,Female,Married,Higher,8.0,8.0,0.372940,Trusted,7.0,2.0,0.240658
India,356001685,42.0,Rural,Medium,Male,Living together as married,Lower,6.0,7.0,0.182190,Not trusted,1.0,7.0,0.413710
India,356001686,45.0,Rural,Low,Male,Married,Middle,5.0,10.0,0.406427,Not trusted,2.0,3.0,0.433005
India,356001687,57.0,Rural,Medium,Male,Single,Middle,7.0,8.0,0.534291,Not trusted,10.0,5.0,0.404379
India,356001688,47.0,Rural,High,Male,Married,Higher,1.0,8.0,0.487599,Trusted,8.0,6.0,0.414407
India,356001689,52.0,Rural,High,Female,Married,Middle,8.0,8.0,0.314330,Trusted,6.0,9.0,0.467842
India,356001690,23.0,Rural,Medium,Male,Widowed,Higher,7.0,10.0,0.558196,Not trusted,5.0,8.0,0.153008
India,356001691,16.0,Urban,Medium,Female,Single,Higher,7.0,8.0,0.546152,Not trusted,6.0,9.0,0.274970
India,356001692,32.0,Rural,High,Male,Married,Lower,4.0,1.0,0.461988,Not trusted,9.0,5.0,0.134556
Singapore,702000001,63.0,Urban,Medium,Female,Married,Higher,5.0,4.0,0.412507,Trusted,10.0,5.0,0.175629
Singapore,702000002,36.0,Urban,Medium,Female,Married,Higher,8.0,8.0,0.335756,Not trusted,10.0,8.0,0.312777
Singapore,702000003,61.0,Urban,Low,Male,Married,Higher,5.0,6.0,0.647992,Not trusted,5.0,3.0,0.577025
Singapore,702000004,28.0,Urban,Medium,Male,Widowed,Higher,8.0,8.0,0.641853,Trusted,7.0,7.0,0.163176
Singapore,702000005,28.0,Urban,Medium,Female,Widowed,Higher,7.0,6.0,0.313290,Trusted,6.0,7.0,0.449993
Singapore,702000006,32.0,Urban,Medium,Male,Married,Higher,7.0,5.0,0.588988,Not trusted,10.0,6.0,0.149137
Singapore,702000007,43.0,Urban,Low,Male,Single,Higher,6.0,7.0,0.503636,Not trusted,10.0,5.0,0.183278
Singapore,702000008,43.0,Urban,Medium,Female,Married,Middle,7.0,7.0,0.388769,Not trusted,8.0,6.0,0.195423
Singapore,702000009,23.0,Urban,Medium,Female,Divorced,Higher,7.0,6.0,0.247487,Not trusted,10.0,5.0,0.140125
Singapore,702000010,64.0,Urban,Low,Female,Married,Middle,6.0,5.0,0.384773,Not trusted,5.0,5.0,0.131264
Singapore,702000011,73.0,Urban,Medium,Male,Single,Lower,7.0,8.0,0.374199,Not trusted,10.0,8.0,0.206413
Singapore,702000012,33.0,Urban,Medium,Female,Single,Higher,10.0,8.0,0.297386,Not trusted,1.0,9.0,0.283818
Singapore,702000013,29.0,Urban,Low,Male,Single,Middle,4.0,6.0,0.229772,Not trusted,10.0,5.0,0.134661
Singapore,702000014,43.0,Urban,Medium,Female,Married,Lower,5.0,6.0,0.295831,Trusted,9.0,3.0,0.418477
Singapore,702000015,46.0,Urban,Medium,Female,Married,Higher,9.0,9.0,0.398502,,10.0,9.0,0.384603
Singapore,702000016,62.0,Urban,,Male,Married,Lower,8.0,8.0,0.324559,Not trusted,1.0,10.0,0.421207
Singapore,702000017,76.0,Urban,High,Female,Single,Lower,7.0,7.0,0.286304,Not trusted,10.0,9.0,0.022798
Singapore,702000018,62.0,Urban,Low,Female,Married,Middle,5.0,7.0,0.573924,Not trusted,10.0,5.0,0.320130
Singapore,702000019,57.0,Urban,Medium,Female,Married,Higher,8.0,7.0,0.446622,Not trusted,8.0,10.0,0.159956
Singapore,702000020,69.0,Urban,Medium,Female,Widowed,Lower,7.0,6.0,0.353467,Not trusted,1.0,7.0,0.390957
Singapore,702000021,28.0,Urban,Medium,Male,Single,Higher,10.0,10.0,0.652944,Not trusted,7.0,10.0,0.156000
Singapore,702000022,38.0,Urban,Medium,Female,Widowed,Middle,5.0,4.0,0.655207,Not trusted,7.0,7.0,0.752024
Singapore,702000023,46.0,Urban,Medium,Female,Married,Higher,6.0,8.0,0.466394,Trusted,5.0,7.0,0.590460
Singapore,702000024,49.0,Urban,Low,Female,Married,Higher,8.0,6.0,0.499207,Not trusted,4.0,5.0,0.164314
Singapore,702000025,62.0,Urban,Medium,Male,Single,Middle,8.0,7.0,0.354934,Not trusted,10.0,5.0,0.230969
Singapore,702000026,41.0,Urban,Medium,Male,Married,Higher,10.0,9.0,0.446320,Trusted,10.0,8.0,0.236386
Singapore,702000027,36.0,Urban,High,Male,Single,Middle,10.0,8.0,0.258094,Not trusted,9.0,7.0,0.255550
Singapore,702000028,39.0,Urban,Medium,Male,Married,Lower,1.0,1.0,0.680924,Trusted,7.0,4.0,0.488908
Singapore,702000029,81.0,Urban,Medium,Female,Married,Middle,7.0,7.0,0.500161,Not trusted,1.0,6.0,0.192186
Singapore,702000030,51.0,Urban,Medium,Female,Married,Lower,1.0,3.0,0.952849,Not trusted,1.0,1.0,0.757648
Singapore,702000031,30.0,Urban,Low,Female,Married,Higher,5.0,6.0,0.632284,Not trusted,2.0,8.0,0.370818
Singapore,702000032,36.0,Urban,Medium,Male,Married,Higher,10.0,9.0,0.498428,Not trusted,10.0,8.0,0.204276
Singapore,702000033,75.0,Urban,Medium,Male,Married,Middle,7.0,6.0,0.149665,Trusted,8.0,6.0,0.369504
Singapore,702000034,68.0,Urban,Medium,Female,Married,Lower,3.0,5.0,0.431181,Not trusted,7.0,5.0,0.195831
Singapore,702000035,43.0,Urban,Medium,Female,Single,Higher,8.0,7.0,0.355599,Not trusted,7.0,8.0,0.590753
Singapore,702000036,64.0,Urban,Medium,Female,Single,Middle,6.0,5.0,0.471178,Trusted,2.0,8.0,0.408995
Singapore,702000037,63.0,Urban,High,Female,Married,Middle,6.0,6.0,0.243183,Not trusted,10.0,7.0,0.203332
Singapore,702000038,50.0,Urban,Medium,Female,Single,Middle,7.0,8.0,0.543652,Not trusted,7.0,6.0,0.160603
Singapore,702000039,87.0,Urban,Medium,Female,Single,Middle,9.0,8.0,0.284284,Not trusted,4.0,10.0,0.173947
Singapore,702000040,29.0,Urban,Medium,Female,Single,Higher,8.0,7.0,0.304798,Trusted,9.0,7.0,0.397772
Singapore,702000041,61.0,Urban,Medium,Female,Single,Middle,8.0,10.0,0.467848,Trusted,8.0,10.0,0.163131
Singapore,702000042,35.0,Urban,Medium,Female,Married,Middle,7.0,8.0,0.654295,Not trusted,1.0,5.0,0.347616
Singapore,702000043,68.0,Urban,Medium,Female,Married,Middle,8.0,7.0,0.148236,Not trusted,10.0,7.0,0.108076
Singapore,702000044,61.0,Urban,Medium,Female,Married,Higher,5.0,4.0,0.453116,Trusted,1.0,5.0,0.700492
Singapore,702000045,47.0,Urban,Low,Male,Married,Lower,7.0,7.0,0.702374,Not trusted,1.0,8.0,0.333677
Singapore,702000046,22.0,Urban,Medium,Male,Married,Higher,8.0,7.0,0.636711,Trusted,7.0,10.0,0.365232
Singapore,702000047,75.0,Urban,Low,Male,Married,Lower,9.0,8.0,0.380167,Trusted,9.0,6.0,0.225156
Singapore,702000048,61.0,Urban,Medium,Male,Married,Middle,5.0,5.0,0.483125,Not trusted,6.0,6.0,0.300961
Singapore,702000049,66.0,Urban,Low,Male,Married,Middle,9.0,10.0,0.470285,Not trusted,10.0,10.0,0.269550
Singapore,702000050,39.0,Urban,Medium,Male,Married,Higher,7.0,5.0,0.630406,Trusted,10.0,5.0,0.213326
Singapore,702000051,63.0,Urban,Medium,Female,Married,Higher,7.0,8.0,0.625131,Trusted,5.0,6.0,0.591506
Singapore,702000052,41.0,Urban,Medium,Female,Married,Higher,6.0,8.0,0.489786,Not trusted,7.0,5.0,0.230456
Singapore,702000053,39.0,Urban,Medium,Female,Married,Higher,5.0,6.0,0.342528,Not trusted,6.0,6.0,0.372615
Singapore,702000054,26.0,Urban,Low,Female,Divorced,Middle,7.0,7.0,0.277020,Not trusted,2.0,7.0,0.484184
Singapore,702000055,78.0,Urban,Medium,Female,Single,Higher,10.0,10.0,0.324417,Trusted,10.0,10.0,0.111542
Singapore,702000056,29.0,Urban,Medium,Female,Married,Higher,6.0,4.0,0.475951,Not trusted,1.0,6.0,0.423087
Singapore,702000057,57.0,Urban,High,Female,Married,Middle,5.0,6.0,0.342872,,5.0,7.0,0.221529
Singapore,702000058,46.0,Urban,Medium,Female,Single,Higher,9.0,10.0,0.541088,Trusted,,7.0,0.464259
Singapore,702000059,21.0,Urban,Low,Female,Single,Higher,5.0,5.0,0.462032,Not trusted,4.0,3.0,0.356576
Singapore,702000060,74.0,Urban,Low,Female,Married,Middle,5.0,3.0,0.257442,Not trusted,10.0,2.0,0.144567
Singapore,702000061,69.0,Urban,Medium,Male,Married,Lower,9.0,7.0,0.194096,Not trusted,10.0,9.0,0.067976
Singapore,702000062,41.0,Urban,High,Female,Single,Higher,8.0,8.0,0.650776,Trusted,9.0,7.0,0.729419
Singapore,702000063,26.0,Urban,Medium,Male,Single,Higher,7.0,9.0,0.410480,Trusted,5.0,8.0,0.290891
Singapore,702000064,37.0,Urban,Medium,Female,Married,Lower,7.0,5.0,0.233520,Not trusted,3.0,8.0,0.207256
Singapore,702000065,65.0,Urban,Medium,Male,Married,Higher,5.0,9.0,0.513891,Trusted,5.0,6.0,0.201035
Singapore,702000066,25.0,Urban,Medium,Female,Married,Higher,7.0,7.0,0.761809,Trusted,2.0,6.0,0.537694
Singapore,702000067,63.0,Urban,Low,Male,Married,Lower,6.0,2.0,0.391820,Not trusted,10.0,2.0,0.085526
Singapore,702000068,68.0,Urban,Medium,Female,Married,Lower,8.0,10.0,0.390338,Trusted,2.0,8.0,0.281207
Singapore,702000069,53.0,Urban,Medium,Male,Single,Lower,7.0,8.0,0.342409,Trusted,7.0,9.0,0.261344
Singapore,702000070,58.0,Urban,Medium,Female,Married,Middle,7.0,5.0,0.470547,Not trusted,10.0,5.0,0.018757
Singapore,702000071,73.0,Urban,Low,Male,Single,Lower,4.0,4.0,0.376617,Not trusted,4.0,1.0,0.662710
Singapore,702000072,27.0,Urban,Low,Male,Single,Lower,4.0,7.0,0.654343,Not trusted,1.0,3.0,0.513539
Singapore,702000073,58.0,Urban,Medium,Female,Single,Higher,5.0,4.0,0.383900,Not trusted,10.0,5.0,0.205014
Singapore,702000074,70.0,Urban,Low,Female,Married,Higher,7.0,4.0,0.325186,Not trusted,5.0,5.0,0.681471
Singapore,702000075,44.0,Urban,Medium,Female,Married,Middle,10.0,10.0,0.292990,Not trusted,5.0,9.0,0.141666
Singapore,702000076,36.0,Urban,Medium,Female,Married,Middle,7.0,7.0,0.438169,Not trusted,6.0,8.0,0.502069
Singapore,702000077,23.0,Urban,Low,Female,Married,Higher,6.0,6.0,,Not trusted,5.0,5.0,0.667572
Singapore,702000078,48.0,Urban,Medium,Male,Divorced,Middle,8.0,7.0,0.216343,Not trusted,1.0,8.0,0.207619
Singapore,702000079,56.0,Urban,Medium,Male,Married,Higher,10.0,8.0,0.435598,Trusted,8.0,10.0,0.137202
Singapore,702000080,60.0,Urban,Medium,Male,Married,Higher,7.0,7.0,0.495114,Not trusted,1.0,8.0,0.651399
Singapore,702000081,43.0,Urban,Medium,Male,Married,Lower,7.0,5.0,0.434987,Not trusted,5.0,6.0,0.323389
Singapore,702000082,23.0,Urban,,Male,Single,Higher,7.0,5.0,0.599041,Trusted,1.0,7.0,0.793915
Singapore,702000083,44.0,Urban,Low,Female,Married,Lower,4.0,6.0,0.392510,Not trusted,10.0,5.0,0.138928
Singapore,702000084,41.0,Urban,Medium,Male,Married,Middle,8.0,8.0,0.289994,Not trusted,10.0,8.0,0.221890
Singapore,702000085,30.0,Urban,Medium,Male,Single,Lower,5.0,4.0,0.905145,Trusted,7.0,7.0,0.627653
Singapore,702000086,31.0,Urban,Medium,Female,Married,Higher,5.0,7.0,0.564232,Not trusted,7.0,5.0,
Singapore,702000087,71.0,Urban,Medium,Female,Married,Lower,5.0,5.0,0.501827,Not trusted,5.0,6.0,0.287313
Singapore,702000088,33.0,Urban,Low,Male,Married,Lower,8.0,7.0,0.672308,Not trusted,2.0,5.0,0.670493
Singapore,702000089,76.0,Urban,Medium,Female,Married,Middle,7.0,9.0,0.338435,Not trusted,6.0,5.0,0.241928
Singapore,702000090,58.0,Urban,Medium,Male,Single,Middle,8.0,8.0,0.337786,Not trusted,5.0,6.0,0.389601
Singapore,702000091,32.0,Urban,Medium,Male,Married,Higher,7.0,8.0,0.438450,Trusted,10.0,6.0,0.491666
Singapore,702000092,68.0,Urban,Medium,Female,Single,Lower,9.0,9.0,0.270852,Trusted,9.0,6.0,0.112863
Singapore,702000093,64.0,Urban,Medium,Female,Married,Lower,7.0,6.0,0.207209,Not trusted,10.0,5.0,0.179222
Singapore,702000094,42.0,Urban,Medium,Female,Married,Higher,7.0,10.0,0.312491,Trusted,7.0,8.0,0.210490
Singapore,702000095,41.0,Urban,Medium,Female,Married,Higher,7.0,8.0,0.363068,Not trusted,5.0,7.0,0.227028
Singapore,702000096,59.0,Urban,,Female,Married,Middle,8.0,7.0,0.663534,Not trusted,5.0,5.0,0.727123
Singapore,702000097,61.0,Urban,Medium,Male,Married,Middle,10.0,9.0,0.249593,Trusted,6.0,9.0,0.133251
Singapore,702000098,56.0,Urban,Medium,Female,Married,Lower,7.0,7.0,0.540488,Not trusted,6.0,7.0,0.148334
Singapore,702000099,84.0,Urban,Low,Female,Single,Lower,8.0,8.0,0.511945,Not trusted,9.0,7.0,0.314419
Singapore,702000100,53.0,Urban,Low,Male,Married,Lower,5.0,6.0,0.420713,Not trusted,10.0,2.0,0.142442
Singapore,702000101,39.0,Urban,Medium,Male,Single,Middle,10.0,10.0,0.469951,Trusted,7.0,7.0,0.440652
Singapore,702000102,63.0,Urban,Medium,Female,Married,Higher,7.0,4.0,0.145293,Not trusted,10.0,4.0,0.055755
Singapore,702000103,27.0,Urban,Medium,Male,Single,Higher,10.0,10.0,0.469070,Not trusted,10.0,9.0,0.202242
Singapore,702000104,42.0,Urban,Medium,Female,Single,Higher,8.0,8.0,0.531656,Not trusted,6.0,7.0,0.412744
Singapore,702000105,45.0,Urban,Medium,Female,Single,Middle,10.0,8.0,0.237224,Trusted,5.0,8.0,0.261802
Singapore,702000106,36.0,Urban,Medium,Female,Married,Middle,6.0,3.0,0.580725,Not trusted,7.0,5.0,0.285266
Singapore,702000107,55.0,Urban,Medium,Male,Married,Higher,10.0,9.0,0.381239,Trusted,7.0,10.0,0.366522
Singapore,702000108,70.0,Urban,Low,Male,Single,Middle,7.0,3.0,0.270039,Not trusted,10.0,6.0,0.097729
Singapore,702000109,33.0,Urban,Low,Male,Married,Higher,8.0,6.0,0.741818,Not trusted,6.0,5.0,0.312700
Singapore,702000110,55.0,Urban,Low,Male,Married,Lower,5.0,5.0,0.305467,Not trusted,9.0,5.0,0.474631
Singapore,702000111,55.0,Urban,Medium,Female,Married,Higher,7.0,7.0,0.352966,Trusted,8.0,7.0,0.351122
Singapore,702000112,38.0,Urban,Medium,Female,Single,Middle,7.0,7.0,0.397779,Trusted,10.0,9.0,0.070351
Singapore,702000113,33.0,Urban,Medium,Female,Single,Higher,9.0,6.0,0.664843,Not trusted,3.0,8.0,0.368341
Singapore,702000114,84.0,Urban,Medium,Female,Single,Middle,7.0,7.0,0.131628,Trusted,5.0,6.0,0.250363
Singapore,702000115,36.0,Urban,Medium,Male,Single,Middle,8.0,8.0,0.302554,Not trusted,10.0,10.0,0.251521
Singapore,702000116,22.0,Urban,Medium,Male,Married,Higher,9.0,10.0,0.852426,Trusted,7.0,,0.237710
Singapore,702000117,30.0,Urban,Medium,Female,Married,Higher,8.0,8.0,0.563983,Trusted,8.0,8.0,0.588551
Singapore,702000118,31.0,Urban,,Male,Married,Higher,8.0,8.0,0.340414,Not trusted,5.0,7.0,0.153181
Singapore,702000119,24.0,Urban,Medium,Female,Married,Higher,5.0,6.0,0.660336,Trusted,7.0,3.0,0.427914
Singapore,702000120,47.0,Urban,Medium,Female,Married,Higher,8.0,10.0,0.664589,Not trusted,2.0,6.0,0.530052
Singapore,702000121,28.0,Urban,Medium,Male,Single,Higher,9.0,8.0,0.804729,Not trusted,10.0,6.0,0.270987
Singapore,702000122,41.0,Urban,Medium,Male,Married,Higher,8.0,8.0,0.707642,Not trusted,8.0,10.0,0.411309
Singapore,702000123,70.0,Urban,,Male,Married,Lower,8.0,8.0,0.197548,Not trusted,7.0,7.0,0.176669
Singapore,702000124,48.0,Urban,Medium,Male,Divorced,Higher,7.0,10.0,0.441621,Trusted,8.0,7.0,0.243493
Singapore,702000125,23.0,Urban,Medium,Male,Married,Higher,7.0,7.0,0.795453,Not trusted,8.0,8.0,0.413639
Singapore,702000126,23.0,Urban,Medium,Female,Single,Higher,8.0,8.0,0.342750,Trusted,7.0,7.0,0.209808
Singapore,702000127,64.0,Urban,Medium,Male,Single,Higher,9.0,7.0,0.504753,Trusted,7.0,9.0,0.242571
Singapore,702000128,23.0,Urban,Medium,Female,Married,Higher,7.0,9.0,0.528926,Trusted,5.0,7.0,0.404512
Singapore,702000129,44.0,Urban,Medium,Male,Single,Middle,8.0,9.0,0.187688,Trusted,5.0,8.0,0.120847
Singapore,702000130,51.0,Urban,Low,Male,Married,Lower,8.0,8.0,0.447908,Not trusted,7.0,9.0,0.252316
Singapore,702000131,47.0,Urban,Medium,Male,Married,Higher,7.0,7.0,0.408404,Not trusted,1.0,7.0,0.474047
Singapore,702000132,63.0,Urban,Low,Female,Married,Higher,3.0,6.0,0.418446,Not trusted,2.0,4.0,0.380163
Singapore,702000133,66.0,Urban,Medium,Female,Married,Lower,8.0,7.0,0.242100,Not trusted,10.0,7.0,0.338407
Singapore,702000134,52.0,Urban,Medium,Female,Single,Higher,9.0,10.0,0.681379,Not trusted,7.0,10.0,0.220486
Singapore,702000135,47.0,Urban,Medium,Female,Married,Middle,8.0,7.0,0.352414,Not trusted,8.0,8.0,0.234767
Singapore,702000136,59.0,Urban,Medium,Female,Married,Lower,8.0,10.0,0.399612,Not trusted,8.0,7.0,0.445616
Singapore,702000137,62.0,Urban,Medium,Female,Single,Lower,10.0,9.0,0.479307,Not trusted,1.0,8.0,0.530108
Singapore,702000138,36.0,Urban,Low,Male,Married,Middle,7.0,8.0,,Trusted,10.0,5.0,0.562670
Singapore,702000139,72.0,Urban,Medium,Female,Married,Higher,10.0,10.0,0.355277,Not trusted,5.0,10.0,0.307796
Singapore,702000140,40.0,Urban,Low,Male,Married,Lower,5.0,5.0,0.581415,Not trusted,8.0,7.0,0.337977
Singapore,702000141,47.0,Urban,Medium,Male,Married,Lower,9.0,7.0,0.314749,Not trusted,10.0,7.0,0.196523
Singapore,702000142,46.0,Urban,Medium,Male,Married,Higher,5.0,7.0,0.448027,Not trusted,10.0,7.0,0.165333
Singapore,702000143,22.0,Urban,Medium,Female,Married,Higher,6.0,7.0,0.647795,Not trusted,6.0,7.0,0.668167
Singapore,702000144,33.0,Urban,Medium,Female,Married,Higher,6.0,7.0,0.351205,Not trusted,6.0,5.0,0.365552
Singapore,702000145,50.0,Urban,Medium,Female,Widowed,Lower,7.0,4.0,0.454957,Trusted,6.0,5.0,0.213956
Singapore,702000146,69.0,Urban,Medium,Female,Married,Higher,9.0,8.0,0.672497,Trusted,5.0,6.0,0.094926
Singapore,702000147,41.0,Urban,Medium,Female,Single,Higher,7.0,5.0,0.281527,Trusted,9.0,3.0,0.263766
Singapore,702000148,64.0,Urban,Medium,Male,Married,Middle,8.0,8.0,0.273335,Trusted,10.0,7.0,0.191825
Singapore,702000149,40.0,Urban,Medium,Female,Married,Higher,8.0,8.0,0.837231,Trusted,1.0,8.0,0.258945
Singapore,702000150,30.0,Urban,Medium,Female,Married,Higher,9.0,10.0,0.554764,Not trusted,10.0,7.0,0.164240
Singapore,702000151,37.0,Urban,Medium,Male,Single,Middle,6.0,7.0,0.540405,Not trusted,3.0,3.0,0.494281
Singapore,702000152,53.0,Urban,Medium,Female,Married,Lower,8.0,8.0,0.262993,Not trusted,10.0,7.0,0.092809
Singapore,702000153,58.0,Urban,Low,Female,Single,Middle,7.0,7.0,0.402435,Not trusted,5.0,8.0,0.203826
Singapore,702000154,42.0,Urban,Low,Male,Married,Higher,6.0,7.0,0.792714,Not trusted,1.0,6.0,0.537061
Singapore,702000155,76.0,Urban,Medium,Male,Single,Middle,8.0,6.0,0.155952,Trusted,6.0,8.0,0.235702
Singapore,702000156,46.0,Urban,Medium,Female,Married,Middle,8.0,7.0,0.411361,Trusted,9.0,7.0,0.231848
Singapore,702000157,35.0,Urban,Medium,Female,Married,Higher,3.0,5.0,0.829665,Trusted,1.0,7.0,0.683005
Singapore,702000158,27.0,Urban,Low,Female,Single,Middle,7.0,7.0,0.433580,Not trusted,7.0,5.0,0.321474
Singapore,702000159,62.0,Urban,Medium,Female,Married,Higher,7.0,6.0,0.699219,Trusted,7.0,7.0,0.196009
Singapore,702000160,49.0,Urban,Medium,Male,Married,Higher,8.0,8.0,0.400431,Not trusted,3.0,8.0,0.283197
Singapore,702000161,34.0,Urban,High,Female,Divorced,Higher,6.0,8.0,0.272213,Not trusted,10.0,7.0,0.181353
Singapore,702000162,53.0,Urban,Medium,Male,Married,Middle,8.0,10.0,0.515852,Not trusted,8.0,5.0,0.505840
Singapore,702000163,53.0,Urban,,Female,Married,Higher,9.0,7.0,0.300588,Trusted,8.0,10.0,0.273964
Singapore,702000164,44.0,Urban,Medium,Male,Married,Higher,8.0,6.0,0.676390,Trusted,8.0,7.0,0.456506
Singapore,702000165,25.0,Urban,Medium,Male,Widowed,Higher,7.0,5.0,0.495943,Not trusted,5.0,8.0,0.293415
Singapore,702000166,28.0,Urban,Low,Male,Single,Middle,7.0,7.0,0.832890,Not trusted,1.0,5.0,0.387004
Singapore,702000167,24.0,Urban,Medium,Female,Married,Higher,8.0,7.0,0.551495,Trusted,9.0,7.0,0.234431
Singapore,702000168,76.0,Urban,Medium,Female,Married,Lower,10.0,8.0,0.328240,Trusted,10.0,8.0,0.235205
Singapore,702000169,22.0,Urban,High,Female,Married,Higher,8.0,8.0,0.242356,Not trusted,10.0,9.0,0.343815
Singapore,702000170,40.0,Urban,Medium,Female,Married,Higher,7.0,8.0,0.473248,Trusted,3.0,8.0,0.134211
Singapore,702000171,34.0,Urban,Low,Female,Married,Higher,10.0,10.0,0.720996,Not trusted,3.0,10.0,0.311560
Singapore,702000172,30.0,Urban,Medium,Male,Married,Lower,5.0,4.0,0.565891,Not trusted,4.0,4.0,0.480485
Singapore,702000173,53.0,Urban,Medium,Female,Single,Higher,5.0,5.0,0.396443,Trusted,10.0,1.0,0.341344
Singapore,702000174,53.0,Urban,Medium,Male,Married,Middle,10.0,9.0,,Trusted,8.0,9.0,0.315055
Singapore,702000175,41.0,Urban,Medium,Male,Single,Lower,5.0,6.0,0.370028,Not trusted,5.0,5.0,0.369594
Singapore,702000176,48.0,Urban,Medium,Female,Married,Middle,6.0,5.0,0.318874,Not trusted,2.0,8.0,0.407525
Singapore,702000177,32.0,Urban,Medium,Male,Married,Higher,7.0,5.0,0.660237,Not trusted,5.0,8.0,0.784620
Singapore,702000178,49.0,Urban,Medium,Female,Single,Lower,7.0,8.0,0.194353,Not trusted,10.0,6.0,0.143188
Singapore,702000179,55.0,Urban,Medium,Female,Married,Higher,9.0,8.0,0.359393,Not trusted,5.0,8.0,0.215233
Singapore,702000180,53.0,Urban,Medium,Female,Single,Lower,5.0,6.0,0.192281,Not trusted,6.0,6.0,0.387906
Singapore,702000181,38.0,Urban,Medium,Female,Married,Middle,7.0,4.0,0.383984,Not trusted,8.0,8.0,0.170591
Singapore,702000182,49.0,Urban,Medium,Female,Divorced,Higher,9.0,8.0,0.402565,Not trusted,10.0,8.0,0.059051
Singapore,702000183,58.0,Urban,Medium,Female,Married,Middle,1.0,3.0,0.207831,Trusted,10.0,3.0,0.402860
Singapore,702000184,32.0,Urban,Medium,Male,Married,Higher,7.0,9.0,0.714985,Trusted,3.0,7.0,0.274737
Singapore,702000185,27.0,Urban,Medium,Female,Married,Higher,6.0,7.0,0.323813,Trusted,3.0,8.0,0.514122
Singapore,702000186,47.0,Urban,Medium,Male,Married,Higher,7.0,8.0,0.501191,Not trusted,10.0,6.0,0.157095
Singapore,702000187,22.0,Urban,Medium,Female,Single,Higher,8.0,9.0,0.637502,Trusted,10.0,9.0,0.185012
Singapore,702000188,48.0,Urban,Medium,Female,Single,Middle,8.0,7.0,0.427903,Trusted,7.0,8.0,0.408298
Singapore,702000189,57.0,Urban,Medium,Male,Married,Higher,9.0,6.0,0.298780,Not trusted,5.0,8.0,0.312190
Singapore,702000190,43.0,Urban,Medium,Female,Single,Higher,8.0,7.0,0.372548,Not trusted,10.0,5.0,0.222855
Singapore,702000191,22.0,Urban,Medium,Male,Married,Middle,5.0,7.0,0.437218,Not trusted,9.0,6.0,0.305851
Singapore,702000192,22.0,Urban,Medium,Male,Married,Higher,6.0,4.0,0.575893,Trusted,8.0,5.0,0.421799
Singapore,702000193,66.0,Urban,Medium,Male,Married,Middle,7.0,8.0,0.386829,Not trusted,1.0,6.0,0.459792
Singapore,702000194,61.0,Urban,Low,Female,Married,Lower,4.0,1.0,0.524710,Not trusted,10.0,1.0,0.363181
Singapore,702000195,25.0,Urban,Medium,Male,Married,Higher,7.0,7.0,0.592842,Trusted,8.0,7.0,0.407542
Singapore,702000196,43.0,Urban,Medium,Male,Married,Higher,7.0,7.0,0.327804,Trusted,10.0,7.0,0.111349
Singapore,702000197,66.0,Urban,Medium,Female,Married,Middle,8.0,10.0,0.403653,Not trusted,10.0,7.0,0.334855
Singapore,702000198,58.0,Urban,,Female,Single,Lower,6.0,5.0,0.244172,Trusted,8.0,4.0,0.073202
Singapore,702000199,46.0,Urban,Medium,Female,Married,Lower,6.0,10.0,0.478869,Not trusted,8.0,6.0,0.201057
Singapore,702000200,34.0,Urban,Medium,Female,Married,Higher,7.0,6.0,0.596165,Not trusted,2.0,5.0,0.501599
Singapore,702000201,59.0,Urban,Low,Female,Married,Lower,5.0,7.0,0.320122,Not trusted,10.0,3.0,0.172786
Singapore,702000202,24.0,Urban,Medium,Female,Single,Higher,8.0,6.0,0.814722,Not trusted,8.0,6.0,0.314185
Singapore,702000203,51.0,Urban,High,Male,Single,Higher,7.0,8.0,0.184062,Trusted,10.0,6.0,0.113258
Singapore,702000204,52.0,Urban,,Male,Single,Higher,8.0,8.0,0.383498,Trusted,5.0,7.0,0.134891
Singapore,702000205,49.0,Urban,Medium,Female,Single,Middle,10.0,10.0,0.374273,Not trusted,6.0,10.0,0.142931
Singapore,702000206,74.0,Urban,Medium,Female,Married,Lower,7.0,3.0,0.284677,Not trusted,1.0,8.0,0.661134
Singapore,702000207,43.0,Urban,,Female,Married,Middle,7.0,6.0,0.687771,Not trusted,5.0,7.0,0.432734
Singapore,702000208,50.0,Urban,Medium,Male,Married,Middle,8.0,7.0,0.577621,Not trusted,10.0,7.0,0.187525
Singapore,702000209,55.0,Urban,Medium,Male,Single,Higher,5.0,7.0,0.549380,Trusted,3.0,7.0,0.230014
Singapore,702000210,25.0,Urban,Medium,Female,Single,Higher,9.0,8.0,0.657003,Not trusted,5.0,9.0,0.591677
Singapore,702000211,68.0,Urban,Medium,Female,Widowed,Higher,5.0,5.0,0.562137,Not trusted,10.0,5.0,0.378050
Singapore,702000212,28.0,Urban,Medium,Male,Married,Middle,4.0,3.0,0.470913,,6.0,5.0,0.355037
Singapore,702000213,24.0,Urban,Medium,Male,Married,Higher,7.0,5.0,0.392902,Not trusted,10.0,6.0,0.342697
Singapore,702000214,64.0,Urban,Medium,Female,Married,Higher,4.0,3.0,0.424772,Not trusted,6.0,7.0,0.186958
Singapore,702000215,53.0,Urban,Medium,Male,Married,Lower,6.0,5.0,0.437250,Not trusted,8.0,4.0,0.225113
Singapore,702000216,37.0,Urban,Medium,Male,Single,Higher,6.0,6.0,0.500082,Not trusted,7.0,6.0,0.713453
Singapore,702000217,52.0,Urban,Medium,Female,Married,Higher,6.0,5.0,0.409572,Trusted,10.0,6.0,0.161583
Singapore,702000218,37.0,Urban,Low,Male,Married,Lower,6.0,5.0,0.430819,Not trusted,2.0,2.0,0.314355
Singapore,702000219,79.0,Urban,Medium,Female,Married,Lower,,8.0,0.375739,Not trusted,7.0,6.0,0.072701
Singapore,702000220,35.0,Urban,High,Female,Married,Higher,6.0,5.0,0.824301,Not trusted,1.0,5.0,0.537926
Singapore,702000221,57.0,Urban,Low,Female,Single,Higher,6.0,5.0,0.660978,Trusted,8.0,6.0,0.135307
Singapore,702000222,73.0,Urban,Medium,Male,Married,Middle,7.0,7.0,0.128056,Not trusted,9.0,6.0,0.143115
Singapore,702000223,27.0,Urban,Medium,Female,Married,Higher,7.0,10.0,0.605073,Not trusted,10.0,6.0,0.356666
Singapore,702000224,63.0,Urban,Low,Female,Married,Lower,6.0,7.0,0.358724,Not trusted,1.0,7.0,0.290560
Singapore,702000225,27.0,Urban,Medium,Female,Married,Higher,6.0,4.0,0.507761,Not trusted,3.0,4.0,0.692562
Singapore,702000226,53.0,Urban,Medium,Female,Single,Higher,8.0,5.0,,Not trusted,5.0,6.0,0.077112
Singapore,702000227,36.0,Urban,Medium,Male,Married,Higher,6.0,7.0,0.530235,Not trusted,6.0,6.0,0.277725
Singapore,702000228,54.0,Urban,Low,Male,Single,Lower,6.0,7.0,0.363012,,1.0,7.0,0.504841
Singapore,702000229,24.0,Urban,Medium,Male,Single,Higher,7.0,10.0,0.322377,Not trusted,5.0,5.0,0.238917
Singapore,702000230,25.0,Urban,Medium,Female,Married,Higher,7.0,5.0,0.370953,Trusted,10.0,7.0,0.039720
Singapore,702000231,27.0,Urban,Medium,Male,Widowed,Higher,2.0,6.0,0.447459,Not trusted,6.0,5.0,0.439921
Singapore,702000232,37.0,Urban,Medium,Female,Living together as married,Higher,7.0,5.0,0.606490,Trusted,8.0,6.0,0.527413
Singapore,702000233,54.0,Urban,Medium,Female,Single,Higher,7.0,7.0,0.596929,Trusted,4.0,7.0,0.419429
Singapore,702000234,59.0,Urban,Medium,Male,Single,Middle,8.0,7.0,0.376245,Not trusted,5.0,10.0,0.198445
Singapore,702000235,22.0,Urban,Medium,Male,Widowed,Higher,9.0,8.0,0.549952,Trusted,7.0,8.0,0.465324
Singapore,702000236,50.0,Urban,Medium,Female,Married,Middle,5.0,5.0,0.552857,Trusted,4.0,7.0,0.492367
Singapore,702000237,40.0,Urban,Medium,Male,Single,Higher,8.0,8.0,0.343449,Not trusted,8.0,6.0,0.142703
Singapore,702000238,61.0,Urban,Medium,Female,Married,Lower,6.0,5.0,0.379369,Not trusted,8.0,5.0,0.246924
Singapore,702000239,26.0,Urban,Medium,Female,Married,Middle,8.0,10.0,0.590085,Trusted,8.0,5.0,0.293626
Singapore,702000240,27.0,Urban,Low,Female,Married,Higher,9.0,2.0,0.415098,Not trusted,6.0,7.0,0.321581
Singapore,702000241,55.0,Urban,Medium,Female,Married,Higher,7.0,8.0,0.218654,Trusted,9.0,6.0,0.105331
Singapore,702000242,67.0,Urban,Medium,Female,Single,Lower,5.0,5.0,0.511303,Not trusted,7.0,5.0,0.128516
Singapore,702000243,85.0,Urban,Medium,Female,Single,Lower,7.0,9.0,0.264202,Not trusted,1.0,7.0,0.294601
Singapore,702000244,32.0,Urban,Medium,Female,Single,Middle,6.0,6.0,0.371818,Not trusted,8.0,5.0,0.372911
Singapore,702000245,28.0,Urban,Medium,Male,Married,Middle,7.0,6.0,0.369468,Not trusted,6.0,8.0,0.434594
Singapore,702000246,26.0,Urban,Medium,Male,Married,Middle,8.0,8.0,0.408650,Trusted,8.0,8.0,0.167236
Singapore,702000247,48.0,Urban,Low,Female,Married,Lower,7.0,7.0,0.343703,Not trusted,6.0,7.0,0.376801
Singapore,702000248,22.0,Urban,Low,Male,Married,Middle,6.0,6.0,0.439345,Not trusted,5.0,4.0,0.504339
Singapore,702000249,51.0,Urban,Medium,Male,Divorced,Higher,8.0,8.0,0.287000,Trusted,10.0,7.0,0.197757
Singapore,702000250,26.0,Urban,Low,Female,Married,Higher,5.0,4.0,0.573800,Not trusted,5.0,1.0,0.418492
Singapore,702000251,64.0,Urban,Medium,Female,Married,Middle,8.0,8.0,0.473975,Not trusted,8.0,7.0,0.187266
Singapore,702000252,39.0,Urban,Medium,Female,Married,Higher,4.0,7.0,0.706724,Trusted,6.0,6.0,0.689173
Singapore,702000253,27.0,Urban,Medium,Female,Married,Higher,9.0,9.0,0.388201,Trusted,7.0,9.0,0.065507
Singapore,702000254,51.0,Urban,Medium,Male,Married,Higher,3.0,5.0,,Not trusted,5.0,4.0,0.185867
Singapore,702000255,43.0,Urban,Medium,Male,Married,Higher,7.0,7.0,0.278606,Not trusted,8.0,7.0,0.174096
Singapore,702000256,23.0,Urban,Medium,Female,Divorced,Higher,2.0,4.0,0.776264,Not trusted,5.0,2.0,0.511966
Singapore,702000257,27.0,Urban,Medium,Female,Married,Middle,8.0,5.0,0.495654,Not trusted,2.0,7.0,0.264298
Singapore,702000258,47.0,Urban,Medium,Female,Single,Middle,8.0,8.0,0.424028,Not trusted,3.0,7.0,0.144696
Singapore,702000259,37.0,Urban,Low,Male,Married,Middle,5.0,5.0,0.475084,Not trusted,8.0,3.0,0.155778
Singapore,702000260,37.0,Urban,,Female,Divorced,Higher,10.0,7.0,0.223617,Trusted,10.0,10.0,0.131594
Singapore,702000261,40.0,Urban,Medium,Male,Married,Higher,8.0,8.0,0.575654,Not trusted,9.0,5.0,0.577561
Singapore,702000262,39.0,Urban,Low,Female,Married,Higher,7.0,5.0,0.417291,Not trusted,3.0,6.0,0.156030
Singapore,702000263,53.0,Urban,Medium,Male,Married,Lower,4.0,5.0,0.388286,Not trusted,2.0,2.0,0.479843
Singapore,702000264,60.0,Urban,High,Female,Single,Higher,10.0,8.0,0.430509,Trusted,10.0,8.0,0.421768
Singapore,702000265,43.0,Urban,Medium,Female,Living together as married,,8.0,5.0,0.425352,Not trusted,10.0,9.0,0.138896
Singapore,702000266,42.0,Urban,Medium,Male,Married,Middle,4.0,1.0,0.560579,Not trusted,3.0,2.0,0.327393
Singapore,702000267,29.0,Urban,Medium,Female,Separated,Middle,8.0,8.0,0.296628,Trusted,8.0,8.0,0.173956
Singapore,702000268,81.0,Urban,Medium,Male,Married,Lower,7.0,8.0,0.340087,Not trusted,1.0,6.0,0.229815
Singapore,702000269,66.0,Urban,Low,Female,Married,Higher,7.0,7.0,0.428190,Not trusted,1.0,6.0,0.410104
Singapore,702000270,69.0,Urban,Medium,Female,Married,Middle,8.0,8.0,0.368537,Trusted,8.0,8.0,0.271239
Singapore,702000271,57.0,Urban,Medium,Female,Single,Middle,6.0,7.0,0.322522,Not trusted,3.0,5.0,0.175383
Singapore,702000272,43.0,Urban,Medium,Male,Single,Higher,6.0,2.0,0.182287,Not trusted,10.0,2.0,0.191559
Singapore,702000273,26.0,Urban,Medium,Female,Married,Higher,4.0,4.0,0.446470,Trusted,8.0,5.0,0.399259
Singapore,702000274,56.0,Urban,Low,Male,Single,Lower,3.0,2.0,0.410003,Not trusted,1.0,3.0,0.150439
Singapore,702000275,54.0,Urban,Medium,Female,Single,Higher,5.0,3.0,0.645544,Not trusted,5.0,5.0,0.546465
Singapore,702000276,32.0,Urban,Medium,Female,Single,Higher,4.0,6.0,0.638098,Not trusted,6.0,3.0,0.299231
Singapore,702000277,48.0,Urban,Medium,Male,Single,Middle,8.0,8.0,0.567336,Trusted,10.0,7.0,0.184578
Singapore,702000278,31.0,Urban,Medium,Male,Single,Higher,7.0,7.0,0.473143,Not trusted,10.0,9.0,0.150175
Singapore,702000279,71.0,Urban,Medium,Female,Married,Higher,9.0,7.0,0.411426,Trusted,10.0,10.0,0.295300
Singapore,702000280,47.0,Urban,Medium,Male,Single,Higher,5.0,7.0,0.381641,Not trusted,3.0,5.0,0.235560
Singapore,702000281,74.0,Urban,Medium,Female,Married,Middle,5.0,5.0,0.155919,Trusted,9.0,6.0,0.142700
Singapore,702000282,57.0,Urban,High,Male,Single,Higher,7.0,7.0,0.222055,Trusted,10.0,8.0,0.274703
Singapore,702000283,40.0,Urban,Medium,Male,Married,Higher,10.0,8.0,0.479346,Trusted,5.0,9.0,0.272754
Singapore,702000284,61.0,Urban,Medium,Male,Married,Middle,6.0,1.0,0.298373,Trusted,,5.0,0.397439
Singapore,702000285,34.0,Urban,Medium,Male,Married,Higher,7.0,9.0,0.203300,Not trusted,10.0,8.0,0.253067
Singapore,702000286,87.0,Urban,Medium,Female,Single,Middle,5.0,6.0,0.214901,Not trusted,1.0,4.0,0.340419
Singapore,702000287,53.0,Urban,Medium,Male,Single,Middle,5.0,4.0,0.523262,Not trusted,1.0,8.0,0.483839
Singapore,702000288,52.0,Urban,Medium,Female,Married,Higher,7.0,5.0,0.711045,Not trusted,8.0,3.0,0.424704
Singapore,702000289,73.0,Urban,Low,Male,Single,Middle,6.0,6.0,0.133737,Not trusted,6.0,5.0,0.354825
Singapore,702000290,38.0,Urban,Low,Female,Single,Higher,6.0,6.0,0.613335,Not trusted,10.0,5.0,0.126520
Singapore,702000291,54.0,Urban,Medium,Male,Married,Higher,8.0,8.0,0.384629,Not trusted,5.0,6.0,0.395663
Singapore,702000292,24.0,Urban,Medium,Female,Married,Higher,8.0,6.0,0.387299,Not trusted,3.0,7.0,0.654205
Singapore,702000293,66.0,Urban,Medium,Male,Single,Lower,10.0,10.0,0.198103,Not trusted,10.0,10.0,0.194409
Singapore,702000294,41.0,Urban,Medium,Male,Married,Higher,6.0,7.0,0.706092,Not trusted,7.0,7.0,0.168596
Singapore,702000295,43.0,Urban,,Male,Divorced,Lower,9.0,10.0,0.628154,Not trusted,7.0,8.0,0.477472
Singapore,702000296,45.0,Urban,Medium,Female,Married,Higher,9.0,8.0,0.423750,Not trusted,3.0,4.0,0.236299
Singapore,702000297,39.0,Urban,Medium,Male,Married,Higher,7.0,7.0,0.713661,,10.0,5.0,0.189991
Singapore,702000298,37.0,Urban,Medium,Female,Married,Lower,5.0,8.0,0.706751,Not trusted,3.0,8.0,0.193805
Singapore,702000299,39.0,Urban,Low,Male,Married,Higher,8.0,8.0,0.407286,Trusted,9.0,7.0,0.559813
Singapore,702000300,67.0,Urban,Low,Male,Divorced,Middle,5.0,7.0,0.678608,Not trusted,5.0,4.0,0.230762
Singapore,702000301,73.0,Urban,Low,Male,Married,Lower,6.0,3.0,0.398551,Not trusted,7.0,4.0,0.472887
Singapore,702000302,63.0,Urban,Medium,Male,Married,Middle,5.0,4.0,0.271336,Not trusted,6.0,6.0,0.242889
Singapore,702000303,23.0,Urban,Medium,Male,Single,Higher,8.0,5.0,0.684428,Trusted,5.0,8.0,0.232981
Singapore,702000304,21.0,Urban,Medium,Female,Single,Higher,7.0,1.0,0.615403,Not trusted,10.0,5.0,0.352834
Singapore,702000305,57.0,Urban,Medium,Female,Married,Higher,10.0,7.0,0.647362,Not trusted,5.0,9.0,0.304500
Singapore,702000306,42.0,Urban,Medium,Female,Single,Middle,8.0,5.0,0.507148,Trusted,5.0,5.0,0.221427
Singapore,702000307,34.0,Urban,Medium,Female,Single,Middle,7.0,7.0,0.401031,Not trusted,1.0,3.0,0.541362
Singapore,702000308,24.0,Urban,Low,Male,Married,Lower,7.0,7.0,0.574839,Not trusted,2.0,5.0,0.191990
Singapore,702000309,61.0,Urban,Medium,Female,Single,Lower,10.0,6.0,0.394907,Not trusted,3.0,6.0,0.443834
Singapore,702000310,82.0,Urban,Low,Male,Single,Lower,10.0,8.0,0.430748,Not trusted,10.0,10.0,0.252157
Singapore,702000311,23.0,Urban,Medium,Male,Single,Middle,5.0,7.0,0.413586,Not trusted,4.0,6.0,0.220092
Singapore,702000312,73.0,Urban,Medium,Female,Married,Middle,7.0,6.0,0.421476,Trusted,5.0,6.0,0.506605
Singapore,702000313,59.0,Urban,Medium,Male,Widowed,Higher,7.0,9.0,0.438554,Not trusted,8.0,7.0,0.166215
Singapore,702000314,27.0,Urban,Low,Male,Single,Middle,7.0,4.0,0.300814,Not trusted,10.0,4.0,0.350462
Singapore,702000315,76.0,Urban,Low,Female,Married,Higher,10.0,8.0,0.612713,Not trusted,2.0,7.0,0.193169
Singapore,702000316,65.0,Urban,Medium,Male,Married,Higher,7.0,9.0,0.396564,Trusted,10.0,6.0,0.368988
Singapore,702000317,49.0,Urban,Low,Female,Single,Lower,3.0,5.0,0.548711,Not trusted,4.0,3.0,0.325736
Singapore,702000318,47.0,Urban,Low,Female,Married,Lower,7.0,7.0,0.344381,Not trusted,2.0,5.0,0.357971
Singapore,702000319,39.0,Urban,Medium,Female,Married,Higher,8.0,5.0,0.306814,Trusted,10.0,7.0,0.322587
Singapore,702000320,75.0,Urban,Medium,Male,Single,Higher,10.0,9.0,0.272688,Trusted,10.0,9.0,0.051034
Singapore,702000321,52.0,Urban,Medium,Female,Married,Higher,10.0,7.0,0.339960,Trusted,10.0,9.0,0.051332
Singapore,702000322,58.0,Urban,Medium,Male,Married,Higher,10.0,8.0,0.673834,Trusted,6.0,9.0,0.485288
Singapore,702000323,75.0,Urban,,Female,Single,Higher,9.0,8.0,0.344544,Trusted,10.0,10.0,0.076070
Singapore,702000324,32.0,Urban,Medium,Female,Single,Higher,6.0,6.0,0.533948,Trusted,8.0,6.0,0.070942
Singapore,702000325,66.0,Urban,Medium,Female,Widowed,Lower,8.0,7.0,0.406161,Trusted,8.0,5.0,0.290264
Singapore,702000326,35.0,Urban,Medium,Female,Single,Higher,7.0,7.0,0.351854,Not trusted,10.0,9.0,0.083716
Singapore,702000327,68.0,Urban,Medium,Male,Single,Higher,10.0,8.0,0.373026,Trusted,8.0,8.0,0.125101
Singapore,702000328,32.0,Urban,Medium,Female,Married,Higher,6.0,5.0,0.271513,Not trusted,2.0,8.0,0.193997
Singapore,702000329,41.0,Urban,Medium,Female,Married,Higher,7.0,7.0,0.704524,Trusted,8.0,6.0,0.589726
Singapore,702000330,48.0,Urban,Medium,Male,Married,Lower,7.0,10.0,0.477762,Not trusted,6.0,7.0,0.333024
Singapore,702000331,65.0,Urban,Low,Male,Married,Higher,7.0,8.0,0.527621,Trusted,7.0,5.0,0.026612
Singapore,702000332,44.0,Urban,Medium,Female,Married,Higher,5.0,7.0,0.787034,Not trusted,9.0,7.0,0.603009
Singapore,702000333,69.0,Urban,Medium,Male,Divorced,Higher,10.0,8.0,0.474479,Trusted,3.0,7.0,0.266242
Singapore,702000334,60.0,Urban,Medium,Female,Married,Middle,7.0,7.0,0.238879,Trusted,10.0,8.0,0.281111
Singapore,702000335,65.0,Urban,Medium,Female,Single,Higher,7.0,9.0,0.332310,Not trusted,10.0,6.0,0.123633
Singapore,702000336,35.0,Urban,Medium,Male,Single,Higher,8.0,7.0,0.418705,Trusted,5.0,8.0,0.374413
Singapore,702000337,67.0,Urban,Medium,Male,Married,Higher,8.0,5.0,0.448823,Not trusted,10.0,6.0,0.361082
Singapore,702000338,26.0,Urban,Medium,Female,Separated,Middle,7.0,9.0,0.378998,Not trusted,9.0,6.0,0.185983
Singapore,702000339,41.0,Urban,Medium,Male,Widowed,Higher,6.0,8.0,0.424400,Not trusted,6.0,5.0,0.584948
Singapore,702000340,23.0,Urban,Medium,Female,Married,Higher,4.0,6.0,0.633841,Trusted,1.0,8.0,0.536959
Singapore,702000341,71.0,Urban,Medium,Female,Married,Lower,7.0,8.0,0.298373,Trusted,7.0,7.0,0.127843
Singapore,702000342,44.0,Urban,Low,Female,Single,Middle,7.0,10.0,0.450578,Not trusted,8.0,5.0,0.199501
Singapore,702000343,52.0,Urban,Low,Female,Married,Lower,5.0,3.0,0.677721,Not trusted,1.0,7.0,0.754323
Singapore,702000344,46.0,Urban,Low,Male,Married,Higher,6.0,5.0,0.380147,Not trusted,5.0,5.0,0.165658
Singapore,702000345,25.0,Urban,Medium,Female,Married,Higher,5.0,5.0,0.459609,Not trusted,5.0,5.0,0.142221
Singapore,702000346,43.0,Urban,Medium,Male,Married,Middle,8.0,8.0,0.300810,Not trusted,6.0,9.0,0.372373
Singapore,702000347,47.0,Urban,Medium,Male,Single,Middle,6.0,3.0,0.421541,Not trusted,7.0,4.0,0.383290
Singapore,702000348,58.0,Urban,Medium,Male,Married,Higher,3.0,5.0,0.315446,Not trusted,5.0,2.0,0.253938
Singapore,702000349,54.0,Urban,Medium,Male,Married,Higher,10.0,8.0,0.598858,Not trusted,7.0,8.0,0.241728
Singapore,702000350,61.0,Urban,Medium,Male,Single,Middle,9.0,7.0,0.234438,Not trusted,8.0,8.0,0.032664
Singapore,702000351,26.0,Urban,Medium,Male,Married,Higher,10.0,10.0,0.965606,Not trusted,7.0,10.0,0.244293
Singapore,702000352,55.0,Urban,Medium,Male,Single,Lower,5.0,5.0,0.491416,Not trusted,4.0,4.0,0.413550
Singapore,702000353,37.0,Urban,,Male,Married,Middle,6.0,6.0,0.584439,Not trusted,2.0,5.0,0.330426
Singapore,702000354,56.0,Urban,Medium,Male,Single,Middle,6.0,5.0,0.420272,Trusted,10.0,4.0,0.113552
Singapore,702000355,38.0,Urban,Medium,Male,Widowed,Middle,8.0,5.0,0.621107,Not trusted,10.0,7.0,0.251138
Singapore,702000356,55.0,Urban,Medium,Female,Married,Middle,9.0,9.0,0.353327,Not trusted,5.0,6.0,0.201815
Singapore,702000357,48.0,Urban,Medium,Male,Single,Middle,3.0,6.0,0.468028,Not trusted,7.0,5.0,0.329580
Singapore,702000358,50.0,Urban,Medium,Female,Single,Higher,7.0,5.0,0.322860,Not trusted,7.0,4.0,0.345325
Singapore,702000359,70.0,Urban,Medium,Female,Single,Higher,7.0,6.0,0.233309,Trusted,6.0,8.0,0.189950
Singapore,702000360,56.0,Urban,High,Male,Single,Higher,7.0,10.0,0.419911,Trusted,9.0,8.0,0.097693
Singapore,702000361,40.0,Urban,Medium,Male,Married,Middle,5.0,5.0,0.449250,Not trusted,8.0,6.0,0.126373
Singapore,702000362,36.0,Urban,Medium,Female,Single,Higher,6.0,5.0,0.301473,Trusted,9.0,5.0,0.493531
Singapore,702000363,64.0,Urban,Medium,Male,Married,Lower,8.0,6.0,0.354568,Not trusted,8.0,7.0,0.327715
Singapore,702000364,38.0,Urban,Medium,Female,Married,Middle,7.0,7.0,0.630987,Not trusted,10.0,5.0,0.530724
Singapore,702000365,68.0,Urban,Medium,Female,Married,Middle,8.0,9.0,0.264047,Not trusted,10.0,7.0,0.105679
Singapore,702000366,29.0,Urban,High,Female,Married,Higher,9.0,10.0,0.620854,Trusted,7.0,8.0,0.441177
Singapore,702000367,33.0,Urban,Medium,Male,Married,Higher,7.0,8.0,0.719661,Not trusted,8.0,7.0,0.339611
Singapore,702000368,55.0,Urban,High,Female,Single,Higher,9.0,8.0,0.383423,,10.0,8.0,0.178392
Singapore,702000369,52.0,Urban,Medium,Male,Single,Middle,9.0,8.0,0.225360,Not trusted,7.0,8.0,0.396871
Singapore,702000370,61.0,Urban,Medium,Male,Married,Middle,7.0,10.0,0.682419,Not trusted,7.0,3.0,0.254679
Singapore,702000371,62.0,Urban,Medium,Female,Single,Middle,7.0,8.0,0.209499,Not trusted,10.0,6.0,0.336661
Singapore,702000372,43.0,Urban,Low,Male,Single,Lower,8.0,5.0,0.470835,Not trusted,6.0,6.0,0.302446
Singapore,702000373,44.0,Urban,Medium,Male,Single,Higher,10.0,9.0,0.450729,Trusted,3.0,8.0,0.288787
Singapore,702000374,32.0,Urban,Medium,Male,Married,Higher,5.0,5.0,0.936647,Trusted,10.0,7.0,0.356900
Singapore,702000375,65.0,Urban,Medium,Female,Married,Higher,7.0,6.0,0.419084,Trusted,5.0,8.0,0.393292
Singapore,702000376,41.0,Urban,Medium,Female,Married,Higher,7.0,8.0,0.422289,Trusted,10.0,6.0,0.348203
Singapore,702000377,47.0,Urban,Medium,Female,Married,Higher,8.0,6.0,0.534589,Trusted,9.0,7.0,0.232723
Singapore,702000378,42.0,Urban,Low,Female,Single,Middle,5.0,5.0,0.464562,Trusted,1.0,3.0,0.546616
Singapore,702000379,21.0,Urban,Medium,Female,Married,Higher,6.0,6.0,0.719250,Not trusted,7.0,5.0,0.657688
Singapore,702000380,64.0,Urban,Medium,Male,Single,,5.0,4.0,0.586820,Not trusted,10.0,4.0,0.406419
Singapore,702000381,38.0,Urban,Low,Male,Married,Higher,9.0,,0.476976,Not trusted,10.0,8.0,0.269370
Singapore,702000382,25.0,Urban,Medium,Female,Married,Higher,6.0,7.0,0.497648,Trusted,6.0,7.0,0.503633
Singapore,702000383,56.0,Urban,Low,Male,Separated,Lower,4.0,2.0,0.137212,Not trusted,8.0,4.0,0.268734
Singapore,702000384,59.0,Urban,Medium,Female,Married,Middle,7.0,5.0,0.347561,Trusted,3.0,6.0,0.302571
Singapore,702000385,63.0,Urban,Medium,Female,Single,Higher,8.0,8.0,0.363022,Not trusted,10.0,6.0,0.428072
Singapore,702000386,64.0,Urban,Low,Male,Single,Middle,6.0,8.0,0.878949,Not trusted,1.0,7.0,0.626338
Singapore,702000387,29.0,Urban,Medium,Female,Separated,Higher,6.0,6.0,0.316572,Trusted,10.0,8.0,0.182854
Singapore,702000388,42.0,Urban,Medium,Female,Married,Middle,9.0,7.0,0.472880,Not trusted,8.0,9.0,0.098867
Singapore,702000389,25.0,Urban,Medium,Female,Married,Higher,6.0,6.0,0.174742,Trusted,10.0,6.0,0.101902
Singapore,702000390,50.0,Urban,Medium,Female,Married,Middle,9.0,10.0,0.488247,Not trusted,7.0,9.0,0.588399
Singapore,702000391,51.0,Urban,Low,Female,Single,Lower,6.0,7.0,0.415743,Not trusted,1.0,5.0,0.379993
Singapore,702000392,43.0,Urban,Medium,Female,Married,Higher,6.0,8.0,0.287613,Not trusted,6.0,7.0,0.418034
Singapore,702000393,56.0,Urban,Medium,Female,Widowed,Higher,9.0,8.0,0.311887,Trusted,10.0,9.0,0.260538
Singapore,702000394,55.0,Urban,Medium,Female,Single,Middle,9.0,8.0,0.235408,Not trusted,10.0,10.0,0.163007
Singapore,702000395,39.0,Urban,Medium,Male,Single,Lower,7.0,4.0,0.241697,Not trusted,10.0,6.0,0.134959
Singapore,702000396,62.0,Urban,Low,Male,Single,Middle,7.0,6.0,0.346546,Not trusted,2.0,9.0,0.328520
Singapore,702000397,55.0,Urban,Low,Male,Single,Higher,5.0,5.0,0.648339,Trusted,9.0,4.0,0.666466
Singapore,702000398,36.0,Urban,Medium,Male,Married,Higher,6.0,8.0,0.666359,Not trusted,9.0,5.0,0.234905
Singapore,702000399,21.0,Urban,Low,Female,Married,Higher,6.0,7.0,0.695311,Not trusted,8.0,1.0,0.577827
Singapore,702000400,59.0,Urban,Low,Male,Married,Middle,3.0,6.0,0.548815,Not trusted,6.0,1.0,0.484852
Singapore,702000401,42.0,Urban,Medium,Male,Married,Middle,4.0,8.0,0.583388,Not trusted,1.0,1.0,0.450210
Singapore,702000402,43.0,Urban,Medium,Female,Married,Higher,6.0,4.0,0.331817,Trusted,10.0,7.0,0.068102
Singapore,702000403,74.0,Urban,Medium,Male,Single,Lower,7.0,6.0,0.559895,Not trusted,10.0,5.0,0.135056
Singapore,702000404,35.0,Urban,Medium,Male,Married,Middle,6.0,7.0,0.487995,Trusted,5.0,8.0,0.084752
Singapore,702000405,54.0,Urban,Medium,Male,Married,Middle,8.0,7.0,0.368133,Not trusted,9.0,8.0,0.158859
Singapore,702000406,47.0,Urban,Medium,Female,Married,Middle,8.0,10.0,0.675792,Not trusted,7.0,7.0,0.218378
Singapore,702000407,70.0,Urban,Medium,Female,Married,Middle,10.0,10.0,0.279279,Not trusted,10.0,10.0,0.041565
Singapore,702000408,36.0,Urban,Medium,Male,Married,Higher,8.0,8.0,0.520805,Not trusted,1.0,9.0,0.699125
Singapore,702000409,82.0,Urban,Medium,Male,Divorced,Lower,6.0,5.0,0.221583,Trusted,7.0,4.0,0.091680
Singapore,702000410,58.0,Urban,Medium,Male,Divorced,Higher,6.0,7.0,0.811446,Not trusted,5.0,5.0,0.367189
Singapore,702000411,64.0,Urban,Low,Male,Married,Lower,9.0,8.0,0.272435,Trusted,7.0,5.0,0.235644
Singapore,702000412,56.0,Urban,Medium,Female,Divorced,Middle,5.0,5.0,0.663550,Not trusted,4.0,4.0,0.380417
Singapore,702000413,61.0,Urban,,Female,Divorced,Middle,9.0,8.0,0.365753,Not trusted,10.0,10.0,0.162534
Singapore,702000414,33.0,Urban,Medium,Male,Married,Higher,8.0,7.0,0.629539,Not trusted,8.0,8.0,0.423393
Singapore,702000415,67.0,Urban,Medium,Male,Married,Lower,9.0,8.0,0.416682,Trusted,10.0,8.0,0.085977
Singapore,702000416,26.0,Urban,Medium,Male,Married,Higher,5.0,7.0,0.449676,Trusted,10.0,6.0,0.219646
Singapore,702000417,52.0,Urban,High,Female,Married,Middle,9.0,9.0,0.379184,Not trusted,10.0,10.0,0.251006
Singapore,702000418,51.0,Urban,Low,Female,Single,,5.0,7.0,0.579683,Not trusted,10.0,1.0,0.068851
Singapore,702000419,64.0,Urban,Low,Female,Single,Lower,6.0,6.0,0.358071,Not trusted,1.0,7.0,0.404015
Singapore,702000420,50.0,Urban,Low,Female,Single,Middle,8.0,7.0,0.417173,Not trusted,1.0,7.0,0.276319
Singapore,702000421,42.0,Urban,High,Female,Single,Higher,6.0,5.0,0.603806,Not trusted,1.0,7.0,0.901795
Singapore,702000422,48.0,Urban,Medium,Female,Married,Lower,4.0,5.0,0.629942,Not trusted,5.0,5.0,0.642629
Singapore,702000423,79.0,Urban,Medium,Male,Married,Higher,6.0,6.0,0.261688,Trusted,10.0,6.0,0.132227
Singapore,702000424,52.0,Urban,Medium,Female,Divorced,Higher,8.0,7.0,0.281802,Not trusted,10.0,10.0,0.177975
Singapore,702000425,26.0,Urban,Medium,Female,Widowed,Higher,7.0,7.0,0.362884,Trusted,8.0,5.0,0.301161
Singapore,702000426,38.0,Urban,Low,Female,Divorced,Higher,7.0,6.0,0.279446,Not trusted,8.0,2.0,0.590014
Singapore,702000427,69.0,Urban,Medium,Male,Married,Higher,7.0,6.0,0.452552,Not trusted,8.0,5.0,0.135198
Singapore,702000428,47.0,Urban,Low,Male,Single,Middle,8.0,4.0,0.374179,Not trusted,5.0,7.0,0.227394
Singapore,702000429,29.0,Urban,Medium,Female,Married,Middle,7.0,7.0,0.325389,Not trusted,10.0,3.0,0.415543
Singapore,702000430,23.0,Urban,Medium,Female,Married,Higher,7.0,7.0,0.423661,Not trusted,8.0,5.0,0.284274
Singapore,702000431,27.0,Urban,Medium,Female,Single,Middle,8.0,7.0,0.301979,Not trusted,7.0,7.0,0.166127
Singapore,702000432,53.0,Urban,Medium,Male,Married,Higher,10.0,8.0,0.397439,Not trusted,5.0,10.0,0.109447
Singapore,702000433,76.0,Urban,Low,Female,Married,Lower,7.0,6.0,0.431123,Not trusted,9.0,7.0,0.127102
Singapore,702000434,75.0,Urban,Medium,Female,Married,Middle,8.0,6.0,0.324554,Trusted,8.0,8.0,0.406991
Singapore,702000435,41.0,Urban,Medium,Male,Single,Higher,8.0,9.0,0.512968,Not trusted,5.0,8.0,0.432742
Singapore,702000436,66.0,Urban,Medium,Male,Married,Middle,10.0,10.0,0.448906,Trusted,5.0,10.0,0.192840
Singapore,702000437,26.0,Urban,,Female,Married,Higher,8.0,10.0,0.694507,Not trusted,5.0,7.0,0.472436
Singapore,702000438,41.0,Urban,Medium,Female,Widowed,Higher,8.0,5.0,0.426761,Trusted,1.0,7.0,0.438459
Singapore,702000439,45.0,Urban,Medium,Female,Married,Higher,7.0,4.0,0.312678,Trusted,8.0,2.0,0.304328
Singapore,702000440,27.0,Urban,Medium,Male,Single,Middle,5.0,7.0,0.358880,Trusted,5.0,5.0,0.403241
Singapore,702000441,62.0,Urban,Medium,Male,Married,Middle,7.0,7.0,0.413616,Not trusted,5.0,5.0,0.268721
Singapore,702000442,52.0,Urban,Medium,Female,Married,Higher,8.0,6.0,0.433872,Trusted,4.0,7.0,0.446326
Singapore,702000443,29.0,Urban,Medium,Female,Widowed,Higher,7.0,5.0,0.492254,Not trusted,4.0,6.0,0.422925
Singapore,702000444,61.0,Urban,Medium,Female,Single,Higher,8.0,10.0,0.244102,Not trusted,,8.0,0.346836
Singapore,702000445,35.0,Urban,Low,Female,Widowed,Middle,1.0,5.0,0.214489,Not trusted,8.0,5.0,0.369628
Singapore,702000446,84.0,Urban,Low,Female,Single,Lower,10.0,7.0,0.421189,Not trusted,10.0,10.0,0.069295
Singapore,702000447,57.0,Urban,Low,Male,Married,Middle,8.0,10.0,0.359168,Not trusted,2.0,9.0,0.348972
Singapore,702000448,66.0,Urban,Medium,Female,Married,Higher,7.0,7.0,0.559757,Trusted,8.0,10.0,0.428377
Singapore,702000449,39.0,Urban,Medium,Female,Married,Middle,8.0,6.0,0.431176,Trusted,4.0,9.0,0.128483
Singapore,702000450,59.0,Urban,Medium,Male,Married,Middle,8.0,7.0,0.434820,Not trusted,7.0,7.0,0.077040
Singapore,702000451,43.0,Urban,Medium,Female,Married,Higher,8.0,10.0,0.739104,Not trusted,10.0,3.0,0.271414
Singapore,702000452,50.0,Urban,Medium,Male,Single,Middle,8.0,7.0,0.648263,Not trusted,10.0,6.0,0.446134
Singapore,702000453,30.0,Urban,Medium,Male,Married,Higher,8.0,10.0,0.440068,Trusted,9.0,10.0,0.537534
Singapore,702000454,71.0,Urban,Medium,Male,Married,Lower,7.0,4.0,0.205283,Not trusted,10.0,5.0,0.060468
Singapore,702000455,21.0,Urban,High,Male,Married,Higher,9.0,10.0,0.514245,Trusted,,7.0,0.349175
Singapore,702000456,42.0,Urban,Medium,Female,Married,Higher,10.0,10.0,0.625472,Trusted,10.0,8.0,0.147415
Singapore,702000457,81.0,Urban,Low,Male,Single,Lower,3.0,4.0,0.482466,Not trusted,6.0,1.0,0.504935
Singapore,702000458,67.0,Urban,Medium,Male,Living together as married,Middle,7.0,7.0,0.223111,Trusted,10.0,7.0,0.140088
Singapore,702000459,71.0,Urban,Medium,Male,Married,Higher,9.0,9.0,0.320695,Not trusted,5.0,6.0,0.309112
Singapore,702000460,65.0,Urban,Medium,Male,Married,Lower,7.0,7.0,0.250635,Not trusted,9.0,7.0,0.116340
Singapore,702000461,71.0,Urban,Medium,Male,Married,Middle,7.0,10.0,0.280902,Not trusted,8.0,5.0,0.469451
Singapore,702000462,27.0,Urban,Medium,Male,Married,Higher,7.0,8.0,0.399818,Trusted,5.0,6.0,0.219131
Singapore,702000463,41.0,Urban,Medium,Male,Single,Higher,7.0,7.0,0.438216,Trusted,5.0,7.0,0.285251
Singapore,702000464,56.0,Urban,Medium,Female,Married,Higher,8.0,9.0,0.480199,Not trusted,10.0,5.0,0.205942
Singapore,702000465,46.0,Urban,Medium,Female,Single,Middle,8.0,10.0,0.422072,Not trusted,9.0,7.0,0.175791
Singapore,702000466,39.0,Urban,Medium,Male,Single,Middle,8.0,7.0,0.458996,Not trusted,10.0,6.0,0.317002
Singapore,702000467,54.0,Urban,Low,Female,Married,Lower,7.0,6.0,0.393326,Not trusted,3.0,9.0,0.443517
Singapore,702000468,65.0,Urban,Low,Male,Married,Lower,7.0,5.0,0.356533,Not trusted,8.0,7.0,0.403063
Singapore,702000469,40.0,Urban,Medium,Male,Married,Higher,5.0,7.0,0.626633,Not trusted,1.0,4.0,0.294127
Singapore,702000470,57.0,Urban,Medium,Female,Married,Middle,5.0,5.0,0.506158,Trusted,1.0,3.0,0.669509
Singapore,702000471,74.0,Urban,Medium,Male,Married,Lower,6.0,6.0,0.276778,Not trusted,8.0,7.0,0.157695
Singapore,702000472,54.0,Urban,Low,Male,Married,Middle,7.0,6.0,0.249505,Not trusted,6.0,7.0,0.193374
Singapore,702000473,21.0,Urban,,Male,Single,Higher,6.0,7.0,0.837766,Not trusted,3.0,5.0,0.480037
Singapore,702000474,32.0,Urban,Medium,Female,Single,Higher,7.0,5.0,0.317900,Not trusted,5.0,5.0,0.359024
Singapore,702000475,75.0,Urban,Medium,Male,Living together as married,Higher,10.0,7.0,0.474183,Trusted,5.0,10.0,0.116377
Singapore,702000476,33.0,Urban,High,Male,Married,Higher,7.0,5.0,0.470485,Not trusted,4.0,8.0,0.243902
Singapore,702000477,21.0,Urban,Medium,Male,Divorced,Higher,5.0,5.0,0.954274,Trusted,1.0,5.0,0.659830
Singapore,702000478,24.0,Urban,Medium,Female,Married,Higher,5.0,5.0,0.278734,Trusted,10.0,5.0,0.123086
Singapore,702000479,21.0,Urban,Medium,Female,Widowed,Higher,8.0,9.0,0.711094,Not trusted,1.0,8.0,0.338567
Singapore,702000480,57.0,Urban,Medium,Female,Married,Higher,5.0,8.0,0.511423,Trusted,6.0,3.0,0.339165
Singapore,702000481,61.0,Urban,Medium,Female,Married,Middle,8.0,10.0,0.525087,Not trusted,5.0,8.0,0.177694
Singapore,702000482,63.0,Urban,Medium,Female,Single,Middle,9.0,9.0,0.464715,Trusted,1.0,10.0,0.140412
Singapore,702000483,30.0,Urban,Medium,Male,Married,Higher,7.0,6.0,0.682219,Trusted,5.0,3.0,0.310395
Singapore,702000484,46.0,Urban,High,Female,Married,Higher,7.0,8.0,0.555787,Trusted,10.0,6.0,0.285650
Singapore,702000485,33.0,Urban,Low,Male,Divorced,Lower,7.0,7.0,0.604427,Not trusted,5.0,7.0,0.426297
Singapore,702000486,33.0,Urban,Medium,Female,Married,Higher,8.0,8.0,0.693718,Not trusted,10.0,5.0,0.191692
Singapore,702000487,36.0,Urban,Medium,Female,Single,Middle,4.0,5.0,0.589280,Not trusted,9.0,3.0,0.245076
Singapore,702000488,42.0,Urban,Medium,Male,Single,Higher,8.0,10.0,0.397670,Not trusted,5.0,8.0,0.196712
Singapore,702000489,79.0,Urban,Medium,Female,Married,Lower,7.0,7.0,0.223861,Trusted,9.0,8.0,0.176501
Singapore,702000490,29.0,Urban,Medium,Female,Married,Higher,5.0,5.0,0.873493,Trusted,7.0,3.0,0.554698
Singapore,702000491,70.0,Urban,Medium,Male,Single,Lower,8.0,,0.635338,Not trusted,5.0,9.0,0.395636
Singapore,702000492,71.0,Urban,,Male,Single,Middle,8.0,8.0,0.575711,Not trusted,5.0,7.0,0.489477
Singapore,702000493,65.0,Urban,Medium,Male,Married,Middle,8.0,8.0,0.440793,Not trusted,10.0,6.0,0.118085
Singapore,702000494,27.0,Urban,Medium,Male,Married,Higher,6.0,6.0,0.275610,Not trusted,10.0,6.0,0.423953
Singapore,702000495,49.0,Urban,Medium,Male,Single,Higher,6.0,8.0,0.739743,Not trusted,8.0,7.0,0.335879
Singapore,702000496,59.0,Urban,Medium,Female,Married,Higher,7.0,6.0,0.230009,Trusted,5.0,6.0,0.292973
Singapore,702000497,69.0,Urban,Medium,Female,Single,Lower,6.0,7.0,0.509365,Not trusted,5.0,3.0,0.179682
Singapore,702000498,52.0,Urban,Medium,Male,Married,Middle,7.0,5.0,0.597922,Not trusted,9.0,7.0,0.208332
Singapore,702000499,63.0,Urban,Medium,Male,Single,Middle,7.0,10.0,0.653305,Not trusted,1.0,8.0,0.363096
Singapore,702000500,63.0,Urban,Medium,Female,Married,Middle,9.0,6.0,0.332011,Not trusted,9.0,8.0,0.323955
Singapore,702000501,35.0,Urban,Medium,Female,Married,Higher,7.0,5.0,0.277681,Trusted,6.0,7.0,0.387561
Singapore,702000502,21.0,Urban,Medium,Female,Single,Higher,7.0,6.0,0.367064,Not trusted,1.0,6.0,0.371196
Singapore,702000503,73.0,Urban,Medium,Female,Married,Lower,8.0,10.0,0.718110,Not trusted,8.0,6.0,0.434059
Singapore,702000504,28.0,Urban,Medium,Male,Married,Higher,6.0,7.0,0.822510,Not trusted,5.0,6.0,0.589137
Singapore,702000505,31.0,Urban,,Male,Married,Higher,10.0,9.0,0.436848,Not trusted,8.0,8.0,0.230203
Singapore,702000506,27.0,Urban,Medium,Female,Single,Higher,8.0,8.0,0.500597,Not trusted,7.0,8.0,0.248405
Singapore,702000507,40.0,Urban,Medium,Female,Single,Lower,8.0,5.0,0.571219,Not trusted,10.0,7.0,0.121874
Singapore,702000508,31.0,Urban,Medium,Female,Married,Higher,9.0,9.0,0.472031,Trusted,10.0,8.0,0.152843
Singapore,702000509,65.0,Urban,Medium,Female,Married,Higher,7.0,5.0,0.389530,Trusted,8.0,7.0,0.346992
Singapore,702000510,32.0,Urban,Medium,Female,Single,Higher,7.0,7.0,0.491388,Not trusted,1.0,7.0,0.484478
Singapore,702000511,52.0,Urban,Medium,Male,Single,Higher,5.0,8.0,0.734934,Trusted,1.0,7.0,0.707762
Singapore,702000512,30.0,Urban,Medium,Female,Married,Middle,7.0,9.0,0.191355,Not trusted,7.0,7.0,0.248716
Singapore,702000513,50.0,Urban,Low,Female,Married,Lower,7.0,8.0,0.281329,Not trusted,5.0,4.0,0.252603
Singapore,702000514,53.0,Urban,Medium,Female,Married,Middle,5.0,8.0,0.412215,Not trusted,6.0,6.0,0.391184
Singapore,702000515,56.0,Urban,Medium,Male,Married,Middle,7.0,6.0,0.466329,Not trusted,9.0,4.0,0.362409
Singapore,702000516,55.0,Urban,Medium,Female,Married,Higher,8.0,7.0,0.369853,Not trusted,6.0,8.0,0.112414
Singapore,702000517,55.0,Urban,Medium,Male,Married,Lower,7.0,6.0,0.469625,Not trusted,4.0,5.0,0.406732
Singapore,702000518,71.0,Urban,Medium,Male,Single,Middle,5.0,5.0,0.247531,Trusted,3.0,3.0,0.450389
Singapore,702000519,52.0,Urban,Medium,Female,Married,Higher,8.0,8.0,0.469975,Trusted,5.0,6.0,0.396414
Singapore,702000520,42.0,Urban,Medium,Male,Single,Higher,10.0,5.0,0.197076,Trusted,1.0,10.0,0.529347
Singapore,702000521,47.0,Urban,Medium,Male,Married,Middle,6.0,5.0,0.549660,Not trusted,8.0,8.0,0.293296
Singapore,702000522,60.0,Urban,Medium,Female,Married,Middle,7.0,7.0,0.294608,Not trusted,8.0,5.0,0.282804
Singapore,702000523,52.0,Urban,Medium,Male,Single,Higher,8.0,6.0,0.308581,Not trusted,10.0,5.0,0.352243
Singapore,702000524,54.0,Urban,Low,Female,Married,Higher,7.0,8.0,0.522066,Trusted,5.0,7.0,0.561562
Singapore,702000525,34.0,Urban,Medium,Female,Married,Middle,8.0,8.0,0.484166,Trusted,7.0,8.0,0.468563
Singapore,702000526,41.0,Urban,Medium,Male,Single,Lower,7.0,8.0,0.364685,Not trusted,5.0,4.0,0.286613
Singapore,702000527,42.0,Urban,High,Male,Married,Higher,8.0,8.0,0.567320,Not trusted,8.0,8.0,0.356370
Singapore,702000528,61.0,Urban,Medium,Male,Widowed,Middle,8.0,8.0,0.531369,Not trusted,5.0,10.0,0.178747
Singapore,702000529,66.0,Urban,Medium,Female,Married,Higher,8.0,8.0,0.274850,Not trusted,7.0,7.0,0.142705
Singapore,702000530,29.0,Urban,Medium,Male,Married,Higher,8.0,8.0,0.915775,Not trusted,5.0,8.0,0.370169
Singapore,702000531,43.0,Urban,Medium,Female,Single,Higher,8.0,7.0,0.526065,Not trusted,9.0,8.0,0.467212
Singapore,702000532,38.0,Urban,Low,Male,Married,Higher,5.0,5.0,0.576207,Not trusted,7.0,6.0,0.435352
Singapore,702000533,42.0,Urban,Medium,Female,Married,Middle,7.0,7.0,0.198430,Not trusted,10.0,5.0,0.134614
Singapore,702000534,49.0,Urban,Low,Female,Married,Lower,8.0,7.0,0.250901,Not trusted,5.0,8.0,0.407304
Singapore,702000535,24.0,Urban,High,Female,Single,Higher,7.0,7.0,0.663601,Trusted,5.0,7.0,0.651085
Singapore,702000536,34.0,Urban,Medium,Male,Single,Higher,8.0,7.0,0.429233,Trusted,1.0,7.0,0.431974
Singapore,702000537,53.0,Urban,Medium,Male,Widowed,Middle,8.0,6.0,0.464813,Not trusted,10.0,7.0,0.123032
Singapore,702000538,35.0,Urban,Medium,Female,Married,Middle,3.0,6.0,0.629066,Not trusted,10.0,4.0,0.156545
Singapore,702000539,42.0,Urban,Medium,Male,Living together as married,Lower,8.0,10.0,0.394036,Not trusted,10.0,8.0,0.174580
Singapore,702000540,62.0,Urban,Medium,Male,Married,Lower,9.0,6.0,0.344433,Not trusted,5.0,10.0,0.367063
Singapore,702000541,70.0,Urban,Low,Female,Married,Middle,9.0,8.0,0.279657,Not trusted,5.0,8.0,0.212859
Singapore,702000542,23.0,Urban,Medium,Female,Married,Higher,8.0,9.0,0.307203,Trusted,10.0,9.0,0.261021
Singapore,702000543,21.0,Urban,Low,Female,Married,Higher,5.0,4.0,0.549580,Not trusted,10.0,6.0,
Singapore,702000544,58.0,Urban,Medium,Female,Married,Middle,6.0,4.0,0.339536,Not trusted,10.0,7.0,0.119353
Singapore,702000545,45.0,Urban,Medium,Female,Widowed,Middle,1.0,1.0,0.406233,Not trusted,8.0,1.0,0.589820
Singapore,702000546,50.0,Urban,Medium,Male,Single,Higher,9.0,7.0,0.329656,Not trusted,5.0,7.0,0.234426
Singapore,702000547,79.0,Urban,Medium,Male,Married,Higher,7.0,7.0,0.518177,Not trusted,2.0,10.0,0.385521
Singapore,702000548,81.0,Urban,Medium,Female,Married,Middle,9.0,8.0,0.311151,Trusted,10.0,10.0,0.087703
Singapore,702000549,41.0,Urban,Medium,Female,Living together as married,Higher,7.0,7.0,0.652121,Not trusted,8.0,5.0,0.283009
Singapore,702000550,66.0,Urban,Medium,Female,Widowed,Lower,10.0,10.0,0.133455,Not trusted,10.0,10.0,0.123199
Singapore,702000551,21.0,Urban,Medium,Female,Married,Higher,7.0,6.0,0.301990,Not trusted,10.0,5.0,0.208715
Singapore,702000552,56.0,Urban,Medium,Male,Married,Middle,10.0,10.0,0.685979,Not trusted,10.0,7.0,0.316200
Singapore,702000553,32.0,Urban,Medium,Male,Single,Higher,7.0,8.0,0.548491,Not trusted,5.0,6.0,0.352086
Singapore,702000554,51.0,Urban,Medium,Female,Married,Lower,8.0,8.0,0.311407,Not trusted,7.0,10.0,0.449696
Singapore,702000555,32.0,Urban,Medium,Male,Married,Higher,5.0,5.0,0.638990,Not trusted,5.0,6.0,0.690415
Singapore,702000556,66.0,Urban,Low,Male,Single,Middle,10.0,7.0,0.276804,Not trusted,10.0,10.0,0.118698
Singapore,702000557,69.0,Urban,Medium,Male,Divorced,Lower,8.0,7.0,0.315603,Not trusted,7.0,8.0,0.539044
Singapore,702000558,60.0,Urban,Medium,Female,Married,Lower,8.0,8.0,0.287289,Not trusted,10.0,7.0,0.092134
Singapore,702000559,74.0,Urban,Medium,Male,Married,Lower,7.0,7.0,0.418263,Not trusted,10.0,3.0,0.328027
Singapore,702000560,68.0,Urban,Medium,Male,Married,Middle,4.0,7.0,0.245433,Trusted,5.0,5.0,0.201660
Singapore,702000561,62.0,Urban,Medium,Female,Married,Lower,7.0,7.0,0.228609,Not trusted,10.0,4.0,0.096336
Singapore,702000562,52.0,Urban,Medium,Male,Married,Middle,9.0,7.0,0.478326,Not trusted,10.0,8.0,0.041542
Singapore,702000563,77.0,Urban,Low,Female,Single,Middle,5.0,7.0,0.284322,Not trusted,9.0,2.0,0.124025
Singapore,702000564,28.0,Urban,Medium,Male,Married,Middle,7.0,5.0,0.273097,Not trusted,10.0,6.0,0.247246
Singapore,702000565,64.0,Urban,Medium,Female,Married,Higher,8.0,9.0,0.474351,Not trusted,3.0,6.0,0.433744
Singapore,702000566,69.0,Urban,Medium,Male,Married,Higher,1.0,5.0,0.265112,Trusted,10.0,3.0,0.174603
Singapore,702000567,54.0,Urban,Medium,Female,Single,Higher,7.0,6.0,0.437090,Not trusted,8.0,7.0,0.456451
Singapore,702000568,36.0,Urban,Medium,Male,Divorced,Higher,4.0,1.0,0.499367,Not trusted,2.0,4.0,0.287665
Singapore,702000569,23.0,Urban,Low,Male,Married,Middle,5.0,6.0,0.580481,Not trusted,6.0,4.0,0.649011
Singapore,702000570,46.0,Urban,Medium,Female,Married,Higher,6.0,7.0,0.777112,Trusted,10.0,9.0,0.197452
Singapore,702000571,22.0,Urban,Medium,Male,Married,Middle,6.0,7.0,0.671603,Not trusted,10.0,7.0,0.379282
Singapore,702000572,24.0,Urban,Medium,Male,Married,Higher,8.0,9.0,0.446723,Not trusted,3.0,8.0,0.681783
Singapore,702000573,28.0,Urban,Medium,Male,Married,Middle,4.0,7.0,0.405405,Trusted,1.0,7.0,0.604326
Singapore,702000574,36.0,Urban,Medium,Female,Single,Higher,10.0,8.0,0.357504,Not trusted,8.0,7.0,0.102992
Singapore,702000575,49.0,Urban,Low,Female,Married,Middle,7.0,5.0,0.608455,Not trusted,8.0,4.0,0.334124
Singapore,702000576,48.0,Urban,Medium,Female,Single,Higher,8.0,8.0,0.664381,Not trusted,7.0,7.0,0.470571
Singapore,702000577,52.0,Urban,Medium,Female,Single,Higher,6.0,5.0,0.502100,Not trusted,10.0,7.0,0.105177
Singapore,702000578,56.0,Urban,Medium,Male,Single,Lower,8.0,7.0,0.523835,Not trusted,4.0,8.0,0.250142
Singapore,702000579,33.0,Urban,Medium,Male,Widowed,Lower,8.0,8.0,0.424298,Trusted,9.0,6.0,0.429218
Singapore,702000580,51.0,Urban,Low,Male,Married,Middle,7.0,5.0,0.474027,Not trusted,1.0,6.0,0.697524
Singapore,702000581,38.0,Urban,Medium,Male,Married,Higher,2.0,3.0,0.632975,Trusted,9.0,3.0,0.565620
Singapore,702000582,67.0,Urban,High,Male,Single,Higher,8.0,5.0,0.299093,Trusted,8.0,7.0,0.454935
Singapore,702000583,48.0,Urban,Medium,Female,Married,Middle,6.0,7.0,0.438720,Trusted,10.0,6.0,0.255525
Singapore,702000584,39.0,Urban,Medium,Male,Married,Higher,8.0,8.0,0.538984,Trusted,5.0,8.0,0.233934
Singapore,702000585,40.0,Urban,Medium,Male,Single,Higher,7.0,5.0,0.457635,Trusted,5.0,6.0,0.385796
Singapore,702000586,64.0,Urban,Low,Female,Married,Lower,9.0,7.0,0.436552,Not trusted,10.0,8.0,0.227793
Singapore,702000587,64.0,Urban,Medium,Female,Married,Higher,9.0,8.0,0.265970,Trusted,10.0,10.0,0.033562
Singapore,702000588,74.0,Urban,Medium,Female,Married,Middle,7.0,4.0,0.351146,Trusted,6.0,5.0,0.505411
Singapore,702000589,52.0,Urban,Medium,Female,Married,Middle,6.0,7.0,0.223258,Not trusted,8.0,7.0,0.284538
Singapore,702000590,41.0,Urban,Low,Female,Married,Higher,8.0,7.0,0.349429,Not trusted,10.0,7.0,0.396027
Singapore,702000591,56.0,Urban,Medium,Male,Married,Lower,9.0,4.0,0.163364,Not trusted,10.0,7.0,0.126810
Singapore,702000592,47.0,Urban,Medium,Male,Widowed,Lower,7.0,6.0,0.297649,Trusted,5.0,6.0,0.353920
Singapore,702000593,33.0,Urban,Medium,Male,Married,Higher,7.0,9.0,0.632290,Trusted,3.0,8.0,0.232497
Singapore,702000594,59.0,Urban,Low,Female,Married,Lower,7.0,6.0,0.379257,Not trusted,7.0,7.0,0.254884
Singapore,702000595,43.0,Urban,Low,Female,Married,Middle,4.0,4.0,0.332900,Not trusted,10.0,2.0,0.540357
Singapore,702000596,57.0,Urban,Low,Male,Married,Higher,7.0,6.0,0.321078,Not trusted,5.0,5.0,0.120685
Singapore,702000597,65.0,Urban,Medium,Female,Married,Higher,8.0,9.0,0.550434,Not trusted,9.0,9.0,0.315312
Singapore,702000598,33.0,Urban,Medium,Female,Married,Higher,5.0,5.0,0.415823,Not trusted,7.0,6.0,0.406753
Singapore,702000599,22.0,Urban,Medium,Female,Married,Higher,8.0,8.0,0.493260,Not trusted,10.0,5.0,0.214136
Singapore,702000600,52.0,Urban,Medium,Male,Married,Middle,10.0,10.0,0.472057,Trusted,5.0,9.0,0.125455
Singapore,702000601,37.0,Urban,Medium,Male,Married,Higher,7.0,7.0,0.547239,Not trusted,4.0,8.0,0.616465
Singapore,702000602,70.0,Urban,Medium,Male,Single,Higher,10.0,10.0,0.317685,Trusted,10.0,10.0,0.203193
Singapore,702000603,49.0,Urban,Medium,Male,Widowed,Higher,10.0,10.0,0.699430,Trusted,9.0,8.0,0.126737
Singapore,702000604,75.0,Urban,Medium,Female,Married,Higher,5.0,5.0,0.508528,Trusted,8.0,5.0,0.344984
Singapore,702000605,41.0,Urban,Medium,Female,Married,Middle,1.0,1.0,0.575048,Not trusted,9.0,1.0,0.625883
Singapore,702000606,58.0,Urban,Low,Male,Widowed,Middle,8.0,7.0,0.685654,Not trusted,1.0,7.0,0.397593
Singapore,702000607,49.0,Urban,Medium,Female,Married,Higher,5.0,7.0,0.517679,Trusted,1.0,8.0,0.345441
Singapore,702000608,66.0,Urban,Low,Male,Married,Lower,7.0,6.0,0.335579,Not trusted,10.0,6.0,0.427616
Singapore,702000609,71.0,Urban,Low,Female,Single,Middle,8.0,7.0,0.296837,Not trusted,5.0,8.0,0.341254
Singapore,702000610,25.0,Urban,High,Female,Single,Higher,7.0,6.0,0.774782,Not trusted,7.0,9.0,0.163666
Singapore,702000611,32.0,Urban,Medium,Male,Widowed,Higher,8.0,7.0,0.473593,Trusted,10.0,5.0,0.184971
Singapore,702000612,21.0,Urban,Medium,Female,Widowed,Higher,4.0,3.0,0.899478,Trusted,1.0,3.0,0.708322
Singapore,702000613,37.0,Urban,Medium,Female,Married,Higher,8.0,8.0,0.403207,Trusted,5.0,7.0,0.347199
Singapore,702000614,42.0,Urban,Medium,Female,Single,Higher,5.0,7.0,0.580323,Trusted,10.0,6.0,0.202482
Singapore,702000615,47.0,Urban,Medium,Female,Widowed,Higher,5.0,7.0,0.460854,Trusted,4.0,4.0,0.698424
Singapore,702000616,21.0,Urban,High,Male,Married,Higher,10.0,8.0,0.515007,Trusted,10.0,10.0,0.782973
Singapore,702000617,29.0,Urban,Medium,Female,Married,Higher,7.0,6.0,0.218744,Not trusted,10.0,6.0,0.421515
Singapore,702000618,69.0,Urban,Medium,Male,Married,Lower,10.0,9.0,0.228586,Not trusted,10.0,10.0,0.142738
Singapore,702000619,48.0,Urban,Medium,Female,Married,Middle,10.0,,0.389031,Not trusted,10.0,10.0,0.326206
Singapore,702000620,39.0,Urban,Medium,Female,Married,Higher,7.0,6.0,0.720459,Trusted,10.0,9.0,0.658202
Singapore,702000621,59.0,Urban,Medium,Male,Married,Higher,7.0,10.0,,Trusted,5.0,5.0,0.126307
Singapore,702000622,67.0,Urban,Low,Female,Single,Lower,5.0,2.0,0.206063,Not trusted,8.0,5.0,0.441284
Singapore,702000623,24.0,Urban,High,Female,Married,Higher,8.0,7.0,0.463926,Not trusted,6.0,8.0,0.325588
Singapore,702000624,36.0,Urban,Medium,Male,Married,Higher,9.0,9.0,0.553458,Trusted,8.0,8.0,0.360997
Singapore,702000625,52.0,Urban,Low,Male,Single,Middle,5.0,7.0,0.277565,Not trusted,1.0,5.0,0.614842
Singapore,702000626,40.0,Urban,Medium,Male,Single,Higher,10.0,10.0,0.792218,Not trusted,6.0,8.0,0.520583
Singapore,702000627,71.0,Urban,Medium,Female,Married,Middle,5.0,2.0,0.591708,Not trusted,10.0,4.0,0.246779
Singapore,702000628,57.0,Urban,Medium,Female,Married,Higher,5.0,6.0,0.429345,Not trusted,5.0,7.0,0.384382
Singapore,702000629,36.0,Urban,Medium,Female,Married,Lower,6.0,6.0,0.226332,Not trusted,5.0,4.0,0.214931
Singapore,702000630,39.0,Urban,Low,Male,Married,Middle,8.0,8.0,0.338896,Not trusted,5.0,9.0,0.220469
Singapore,702000631,83.0,Urban,Low,Female,Single,Lower,7.0,7.0,0.415289,Not trusted,10.0,6.0,0.087146
Singapore,702000632,29.0,Urban,Medium,Female,Married,Higher,7.0,8.0,0.307564,Trusted,10.0,6.0,0.070949
Singapore,702000633,35.0,Urban,Low,Female,Married,Middle,9.0,10.0,0.444072,Not trusted,6.0,6.0,0.221330
Singapore,702000634,45.0,Urban,Low,Male,Married,Lower,7.0,8.0,0.465036,Not trusted,3.0,5.0,0.341372
Singapore,702000635,26.0,Urban,Medium,Male,Married,Higher,9.0,10.0,0.201173,Trusted,10.0,7.0,0.072011
Singapore,702000636,39.0,Urban,Low,Female,Single,Middle,6.0,3.0,0.511409,Trusted,5.0,5.0,0.297622
Singapore,702000637,58.0,Urban,Medium,Female,Married,Middle,7.0,8.0,0.368392,Not trusted,7.0,7.0,0.208666
Singapore,702000638,46.0,Urban,Medium,Female,Single,Middle,7.0,7.0,0.432153,Not trusted,4.0,6.0,0.748600
Singapore,702000639,26.0,Urban,Medium,Female,Single,Higher,10.0,10.0,0.547272,Not trusted,4.0,10.0,0.398208
Singapore,702000640,35.0,Urban,Medium,Female,Widowed,Lower,8.0,8.0,0.622958,Not trusted,8.0,7.0,0.217998
Singapore,702000641,39.0,Urban,Medium,Male,Married,Higher,4.0,5.0,0.238068,Trusted,10.0,2.0,0.308613
Singapore,702000642,55.0,Urban,Low,Male,Married,Middle,8.0,8.0,0.521121,Not trusted,9.0,8.0,0.238197
Singapore,702000643,43.0,Urban,Medium,Female,Married,Middle,8.0,7.0,0.483788,Trusted,7.0,8.0,0.150306
Singapore,702000644,43.0,Urban,Medium,Female,Single,Middle,10.0,10.0,0.339739,Not trusted,8.0,8.0,0.067390
Singapore,702000645,35.0,Urban,Medium,Male,Single,Higher,9.0,7.0,0.602127,Trusted,5.0,8.0,0.271613
Singapore,702000646,58.0,Urban,Medium,Female,Single,Higher,7.0,6.0,0.802572,Not trusted,3.0,7.0,0.699926
Singapore,702000647,25.0,Urban,Medium,Female,Married,Lower,6.0,4.0,0.668651,Not trusted,10.0,7.0,0.300304
Singapore,702000648,21.0,Urban,Medium,Male,Divorced,Higher,5.0,5.0,0.685047,Not trusted,10.0,5.0,0.398210
Singapore,702000649,64.0,Urban,Low,Female,Single,Middle,5.0,5.0,0.326045,Not trusted,5.0,5.0,0.171389
Singapore,702000650,66.0,Urban,Medium,Male,Married,Higher,10.0,10.0,0.385109,Not trusted,10.0,8.0,0.184630
Singapore,702000651,56.0,Urban,Medium,Female,Single,Higher,7.0,8.0,0.617316,Trusted,10.0,6.0,0.696996
Singapore,702000652,32.0,Urban,Medium,Female,Married,Higher,8.0,10.0,0.472558,Not trusted,9.0,7.0,0.483739
Singapore,702000653,34.0,Urban,Medium,Female,Single,Higher,8.0,10.0,0.402953,Trusted,7.0,10.0,0.327101
Singapore,702000654,78.0,Urban,Medium,Male,Single,Lower,8.0,8.0,0.259567,Not trusted,8.0,8.0,0.337617
Singapore,702000655,29.0,Urban,Low,Female,Married,Lower,6.0,7.0,0.508572,Not trusted,5.0,3.0,0.330929
Singapore,702000656,61.0,Urban,Medium,Male,Single,Lower,10.0,7.0,0.382996,Not trusted,10.0,8.0,0.187108
Singapore,702000657,38.0,Urban,Medium,Male,Married,Middle,8.0,10.0,0.373433,Not trusted,8.0,8.0,0.103943
Singapore,702000658,53.0,Urban,Medium,Male,Single,Middle,7.0,10.0,0.375996,Trusted,7.0,7.0,0.244422
Singapore,702000659,47.0,Urban,Low,Male,Married,Higher,6.0,4.0,0.626099,Trusted,6.0,6.0,0.543601
Singapore,702000660,31.0,Urban,Medium,Female,Married,Higher,7.0,7.0,0.537926,Not trusted,10.0,8.0,0.309596
Singapore,702000661,51.0,Urban,Medium,Male,Married,Middle,5.0,8.0,0.554104,Not trusted,5.0,5.0,0.468779
Singapore,702000662,66.0,Urban,Low,Male,Married,Lower,6.0,5.0,0.162111,Not trusted,8.0,6.0,0.195401
Singapore,702000663,68.0,Urban,Low,Female,Married,Higher,7.0,7.0,0.444089,Not trusted,5.0,8.0,0.384863
Singapore,702000664,45.0,Urban,Low,Male,Widowed,Lower,5.0,6.0,0.557285,Not trusted,10.0,5.0,0.168937
Singapore,702000665,34.0,Urban,Medium,Male,Married,Higher,5.0,5.0,0.356187,Trusted,10.0,5.0,0.221995
Singapore,702000666,74.0,Urban,Low,Female,Married,Lower,5.0,5.0,0.388846,Not trusted,10.0,6.0,0.165419
Singapore,702000667,28.0,Urban,Low,Female,Married,Middle,5.0,5.0,0.518953,Not trusted,8.0,5.0,0.585061
Singapore,702000668,44.0,Urban,Medium,Male,Married,Higher,10.0,10.0,0.435029,Trusted,9.0,8.0,0.198362
Singapore,702000669,66.0,Urban,Medium,Male,Married,Middle,6.0,5.0,0.451281,Trusted,1.0,6.0,0.599204
Singapore,702000670,22.0,Urban,Medium,Female,Single,Higher,9.0,10.0,0.543432,Not trusted,8.0,8.0,0.203771
Singapore,702000671,51.0,Urban,Medium,Male,Married,Higher,7.0,5.0,0.459063,Trusted,10.0,5.0,0.320233
Singapore,702000672,26.0,Urban,High,Male,Single,Higher,3.0,7.0,0.687287,Trusted,10.0,6.0,0.235206
Singapore,702000673,61.0,Urban,Low,Female,Married,Lower,9.0,8.0,0.351575,Not trusted,10.0,10.0,0.157347
Singapore,702000674,26.0,Urban,Medium,Male,Married,Middle,7.0,5.0,0.490806,Not trusted,5.0,5.0,0.069423
Singapore,702000675,35.0,Urban,High,Female,Single,Higher,9.0,7.0,0.390316,Trusted,10.0,5.0,0.173570
Singapore,702000676,23.0,Urban,Medium,Female,Married,Higher,7.0,10.0,0.250689,Not trusted,7.0,6.0,0.115998
Singapore,702000677,23.0,Urban,Medium,Female,Married,Higher,3.0,7.0,0.580013,Not trusted,7.0,3.0,0.553052
Singapore,702000678,54.0,Urban,Medium,Female,Single,Middle,9.0,10.0,0.309250,Not trusted,1.0,6.0,0.433192
Singapore,702000679,32.0,Urban,Medium,Female,Single,Higher,7.0,8.0,0.565019,Trusted,1.0,7.0,0.693985
Singapore,702000680,25.0,Urban,Medium,Female,Married,Higher,9.0,8.0,0.569384,Not trusted,10.0,8.0,0.168154
Singapore,702000681,31.0,Urban,,Male,Single,Middle,7.0,6.0,0.608109,Not trusted,5.0,6.0,0.450625
Singapore,702000682,70.0,Urban,Medium,Female,Married,Middle,6.0,7.0,0.581631,Not trusted,5.0,6.0,0.380729
Singapore,702000683,31.0,Urban,High,Female,Single,Higher,5.0,4.0,0.437685,Trusted,3.0,8.0,0.346119
Singapore,702000684,21.0,Urban,Medium,Male,Married,Higher,3.0,6.0,0.583460,Trusted,10.0,6.0,0.144756
Singapore,702000685,72.0,Urban,Medium,Female,Married,Lower,4.0,4.0,0.655805,Not trusted,2.0,5.0,0.704043
Singapore,702000686,47.0,Urban,Medium,Female,Single,Middle,5.0,4.0,0.354480,Not trusted,5.0,2.0,0.424168
Singapore,702000687,48.0,Urban,Low,Female,Married,Lower,7.0,8.0,0.272892,Not trusted,7.0,8.0,0.147014
Singapore,702000688,44.0,Urban,Medium,Male,Married,Higher,4.0,5.0,0.551698,Not trusted,9.0,8.0,0.360349
Singapore,702000689,50.0,Urban,Low,Male,Married,Lower,8.0,9.0,0.379944,Not trusted,7.0,8.0,0.151155
Singapore,702000690,24.0,Urban,Medium,Male,Married,Higher,8.0,8.0,0.716949,Trusted,2.0,7.0,0.418244
Singapore,702000691,44.0,Urban,High,Female,Married,Higher,7.0,7.0,0.287901,Not trusted,5.0,7.0,0.281259
Singapore,702000692,21.0,Urban,Medium,Female,Married,Higher,6.0,7.0,0.620468,Trusted,10.0,10.0,0.253441
Singapore,702000693,34.0,Urban,Medium,Male,Married,Middle,8.0,10.0,0.653152,Not trusted,5.0,8.0,0.482847
Singapore,702000694,34.0,Urban,Medium,Female,Divorced,Middle,8.0,7.0,0.431558,Not trusted,10.0,5.0,0.190457
Singapore,702000695,78.0,Urban,Medium,Male,Divorced,Lower,6.0,5.0,0.178967,Not trusted,3.0,6.0,0.337019
Singapore,702000696,22.0,Urban,Low,Male,Married,Higher,7.0,8.0,0.531652,Not trusted,10.0,5.0,0.178181
Singapore,702000697,44.0,Urban,Medium,Male,Single,Lower,10.0,10.0,0.453872,Not trusted,2.0,10.0,0.200893
Singapore,702000698,55.0,Urban,Low,Female,Married,Middle,8.0,7.0,0.413516,Trusted,8.0,7.0,0.236078
Singapore,702000699,26.0,Urban,Medium,Female,Married,Higher,7.0,7.0,0.538571,Not trusted,9.0,9.0,0.398427
Singapore,702000700,25.0,Urban,Low,Female,Married,Middle,8.0,9.0,0.302147,Not trusted,5.0,7.0,0.093208
Singapore,702000701,47.0,Urban,Low,Female,Widowed,Middle,7.0,8.0,0.198572,Not trusted,9.0,6.0,0.117300
Singapore,702000702,39.0,Urban,Medium,Male,Married,Higher,5.0,5.0,0.423249,Trusted,3.0,5.0,0.370024
Singapore,702000703,43.0,Urban,Low,Male,Single,Higher,7.0,10.0,0.548823,Not trusted,2.0,7.0,0.533729
Singapore,702000704,51.0,Urban,Medium,Male,Widowed,Higher,9.0,7.0,0.464950,Not trusted,7.0,5.0,0.589414
Singapore,702000705,23.0,Urban,Medium,Male,Divorced,Higher,8.0,7.0,0.411244,Trusted,5.0,6.0,0.231369
Singapore,702000706,65.0,Urban,Medium,Male,Married,Higher,9.0,9.0,0.374935,Trusted,6.0,9.0,0.130904
Singapore,702000707,58.0,Urban,Medium,Female,Single,Middle,10.0,8.0,0.466890,Trusted,10.0,10.0,0.076991
Singapore,702000708,40.0,Urban,Low,Female,Single,Middle,8.0,8.0,0.304087,Trusted,8.0,7.0,0.210131
Singapore,702000709,68.0,Urban,Medium,Female,Single,Middle,8.0,10.0,0.223418,Not trusted,7.0,8.0,0.187944
Singapore,702000710,45.0,Urban,Medium,Male,Single,Higher,8.0,8.0,0.521652,Not trusted,10.0,7.0,0.208689
Singapore,702000711,37.0,Urban,Medium,Male,Married,Higher,9.0,7.0,0.780697,Not trusted,5.0,9.0,0.504661
Singapore,702000712,46.0,Urban,Medium,Male,Single,Middle,7.0,7.0,0.262544,Not trusted,10.0,6.0,0.146984
Singapore,702000713,59.0,Urban,Medium,Male,Married,Higher,5.0,6.0,0.555853,Not trusted,10.0,7.0,0.322652
Singapore,702000714,22.0,Urban,Medium,Male,Married,Higher,6.0,6.0,0.451398,Trusted,8.0,5.0,0.459396
Singapore,702000715,49.0,Urban,Medium,Female,Single,Lower,10.0,10.0,0.295437,Not trusted,6.0,9.0,0.230565
Singapore,702000716,60.0,Urban,Medium,Female,Single,Middle,5.0,5.0,0.662496,Trusted,4.0,4.0,0.500538
Singapore,702000717,21.0,Urban,High,Female,Married,Higher,5.0,5.0,0.817080,Trusted,5.0,6.0,0.360728
Singapore,702000718,72.0,Urban,Low,Female,Divorced,Lower,6.0,8.0,0.332056,Not trusted,3.0,4.0,0.095788
Singapore,702000719,45.0,Urban,Medium,Male,Married,Higher,7.0,5.0,0.564190,Trusted,6.0,6.0,0.136144
Singapore,702000720,42.0,Urban,Medium,Male,Married,Higher,7.0,7.0,0.565499,Not trusted,5.0,8.0,0.636008
Singapore,702000721,42.0,Urban,Medium,Male,Single,Higher,6.0,7.0,0.297977,Not trusted,7.0,7.0,0.363576
Singapore,702000722,46.0,Urban,Medium,Female,Married,Middle,7.0,8.0,0.313384,Trusted,10.0,5.0,0.100015
Singapore,702000723,45.0,Urban,Low,Male,Married,Lower,7.0,8.0,0.505475,Not trusted,1.0,5.0,0.415880
Singapore,702000724,57.0,Urban,Medium,Female,Single,Higher,9.0,8.0,0.352255,Not trusted,5.0,10.0,0.331225
Singapore,702000725,33.0,Urban,Low,Male,Married,Higher,8.0,8.0,0.645811,Not trusted,8.0,7.0,0.361249
Singapore,702000726,35.0,Urban,Medium,Female,Married,Lower,6.0,6.0,0.319699,Not trusted,7.0,7.0,0.379644
Singapore,702000727,29.0,Urban,Medium,Male,Married,Higher,6.0,9.0,0.581482,Not trusted,10.0,8.0,0.512245
Singapore,702000728,27.0,Urban,Medium,Male,Single,Middle,8.0,7.0,0.266770,Not trusted,5.0,8.0,0.296860
Singapore,702000729,55.0,Urban,Medium,Female,Married,Middle,7.0,8.0,0.416372,Not trusted,6.0,6.0,0.372629
Singapore,702000730,55.0,Urban,Medium,Female,Married,Higher,4.0,7.0,0.403458,Trusted,7.0,5.0,0.341915
Singapore,702000731,22.0,Urban,Medium,Female,Married,Higher,7.0,7.0,0.485781,Not trusted,6.0,8.0,0.280260
Singapore,702000732,78.0,Urban,Medium,Male,Single,Higher,8.0,8.0,0.340808,Trusted,10.0,7.0,0.055498
Singapore,702000733,44.0,Urban,Medium,Female,Married,Higher,7.0,7.0,0.305236,Trusted,10.0,6.0,0.156680
Singapore,702000734,62.0,Urban,Medium,Female,Married,Middle,9.0,7.0,0.476377,Trusted,1.0,7.0,0.678505
Singapore,702000735,49.0,Urban,Medium,Female,Married,Higher,5.0,7.0,0.314772,Trusted,1.0,6.0,0.466293
Singapore,702000736,55.0,Urban,Medium,Female,Single,Higher,10.0,7.0,0.738982,Not trusted,10.0,10.0,0.225108
Singapore,702000737,66.0,Urban,Medium,Female,Married,Higher,7.0,7.0,0.276548,Not trusted,5.0,8.0,0.274367
Singapore,702000738,30.0,Urban,Medium,Male,Single,Middle,6.0,5.0,0.369794,Trusted,10.0,7.0,0.113730
Singapore,702000739,38.0,Urban,Medium,Female,Single,Higher,7.0,7.0,0.591575,Trusted,8.0,6.0,0.319601
Singapore,702000740,38.0,Urban,Medium,Male,Single,Higher,10.0,9.0,0.316566,Trusted,10.0,8.0,0.072335
Singapore,702000741,80.0,Urban,Low,Female,Single,Lower,8.0,8.0,0.607990,Not trusted,10.0,8.0,0.314164
Singapore,702000742,60.0,Urban,Medium,Female,Divorced,Higher,7.0,8.0,0.198734,Trusted,10.0,5.0,0.193020
Singapore,702000743,22.0,Urban,Medium,Female,Single,Higher,6.0,7.0,0.675325,Not trusted,5.0,7.0,0.630246
Singapore,702000744,24.0,Urban,High,Female,Widowed,Higher,9.0,9.0,0.556407,Trusted,5.0,8.0,0.284669
Singapore,702000745,22.0,Urban,Medium,Male,Single,Higher,10.0,10.0,0.544458,Trusted,4.0,10.0,0.299914
Singapore,702000746,71.0,Urban,Medium,Female,Single,Higher,8.0,7.0,0.438583,Trusted,10.0,8.0,0.107131
Singapore,702000747,61.0,Urban,Low,Female,Married,Middle,7.0,8.0,0.414621,Not trusted,6.0,7.0,0.427540
Singapore,702000748,74.0,Urban,Medium,Female,Single,Middle,7.0,8.0,0.237065,Not trusted,10.0,6.0,0.144633
Singapore,702000749,53.0,Urban,Medium,Male,Divorced,Higher,7.0,6.0,0.233668,Trusted,8.0,9.0,0.151602
Singapore,702000750,50.0,Urban,,Female,Single,Lower,7.0,5.0,0.410401,Not trusted,3.0,6.0,0.450948
Singapore,702000751,71.0,Urban,Low,Female,Single,Middle,5.0,7.0,0.412225,Not trusted,5.0,7.0,0.179000
Singapore,702000752,50.0,Urban,Medium,Female,Married,Higher,6.0,6.0,0.337340,Trusted,10.0,6.0,0.180791
Singapore,702000753,64.0,Urban,Medium,Female,Single,Lower,6.0,5.0,0.286163,Not trusted,5.0,7.0,0.316275
Singapore,702000754,42.0,Urban,Medium,Female,Married,Middle,7.0,6.0,0.384690,Not trusted,5.0,5.0,0.344381
Singapore,702000755,46.0,Urban,Medium,Male,Widowed,Higher,3.0,3.0,0.446248,Trusted,5.0,3.0,0.403335
Singapore,702000756,69.0,Urban,,Male,Married,Middle,8.0,7.0,0.250039,Not trusted,9.0,5.0,0.190705
Singapore,702000757,58.0,Urban,Medium,Female,Single,Higher,5.0,4.0,0.462999,Not trusted,5.0,5.0,0.526289
Singapore,702000758,42.0,Urban,Medium,Male,Married,Lower,8.0,5.0,0.268423,Not trusted,2.0,8.0,0.514744
Singapore,702000759,35.0,Urban,Medium,Male,Married,Lower,5.0,7.0,0.590551,Not trusted,3.0,5.0,0.129874
Singapore,702000760,38.0,Urban,Medium,Female,Married,Higher,9.0,10.0,0.736487,Trusted,5.0,8.0,0.375138
Singapore,702000761,26.0,Urban,Medium,Female,Single,Higher,8.0,10.0,0.672175,Not trusted,1.0,9.0,0.599580
Singapore,702000762,60.0,Urban,Medium,Female,Married,Lower,5.0,7.0,0.487801,Not trusted,8.0,4.0,0.329328
Singapore,702000763,30.0,Urban,Medium,Female,Living together as married,Higher,5.0,6.0,0.761771,Trusted,8.0,3.0,0.449373
Singapore,702000764,42.0,Urban,Medium,Male,Single,Middle,5.0,6.0,0.591997,Not trusted,2.0,4.0,0.799250
Singapore,702000765,29.0,Urban,Medium,Male,Single,Middle,7.0,5.0,0.428616,Trusted,5.0,7.0,0.193696
Singapore,702000766,58.0,Urban,Low,Female,Married,Lower,7.0,8.0,0.353605,Not trusted,3.0,7.0,0.535186
Singapore,702000767,26.0,Urban,Medium,Male,Single,Higher,10.0,10.0,0.405963,Not trusted,9.0,7.0,0.127796
Singapore,702000768,25.0,Urban,Medium,Male,Married,Higher,3.0,2.0,0.500058,Trusted,8.0,4.0,0.540848
Singapore,702000769,68.0,Urban,Medium,Male,Married,Higher,9.0,5.0,0.448582,Trusted,10.0,8.0,0.414922
Singapore,702000770,36.0,Urban,Medium,Female,Single,Middle,8.0,9.0,0.355506,Trusted,10.0,7.0,0.145274
Singapore,702000771,67.0,Urban,Medium,Female,Married,Lower,7.0,4.0,0.260058,Trusted,10.0,6.0,
Singapore,702000772,62.0,Urban,Medium,Male,Single,Middle,7.0,8.0,0.325497,Not trusted,1.0,8.0,0.370029
Singapore,702000773,71.0,Urban,Medium,Female,Single,Middle,8.0,6.0,0.294225,Not trusted,7.0,7.0,0.447062
Singapore,702000774,28.0,Urban,Medium,Male,Single,Higher,6.0,8.0,0.676640,Not trusted,5.0,5.0,0.297797
Singapore,702000775,58.0,Urban,Medium,Male,Divorced,Higher,10.0,10.0,0.296863,Trusted,6.0,10.0,0.267592
Singapore,702000776,68.0,Urban,Medium,Male,Single,Middle,8.0,7.0,0.149128,Not trusted,8.0,9.0,0.183257
Singapore,702000777,71.0,Urban,Medium,Male,Single,Higher,7.0,7.0,0.254695,Trusted,5.0,7.0,0.264232
Singapore,702000778,81.0,Urban,Medium,Male,Divorced,Middle,7.0,5.0,0.427315,Not trusted,6.0,7.0,0.272790
Singapore,702000779,35.0,Urban,Medium,Female,Married,Higher,6.0,5.0,0.716414,Not trusted,3.0,4.0,0.691570
Singapore,702000780,35.0,Urban,Medium,Male,Married,Higher,7.0,6.0,0.403891,Trusted,10.0,7.0,0.105276
Singapore,702000781,70.0,Urban,High,Female,Married,Middle,5.0,6.0,0.324013,Trusted,8.0,5.0,0.170455
Singapore,702000782,47.0,Urban,,Female,Married,Middle,8.0,7.0,0.318067,Trusted,10.0,8.0,0.110310
Singapore,702000783,35.0,Urban,Low,Male,Married,Higher,6.0,6.0,0.605388,Not trusted,8.0,7.0,0.178890
Singapore,702000784,59.0,Urban,Medium,Female,Married,Higher,8.0,7.0,0.511505,Not trusted,10.0,9.0,0.134707
Singapore,702000785,33.0,Urban,Medium,Male,Single,Higher,8.0,7.0,0.411681,Trusted,10.0,5.0,0.216095
Singapore,702000786,35.0,Urban,Medium,Female,Married,Higher,8.0,8.0,0.469038,Not trusted,5.0,7.0,0.177574
Singapore,702000787,45.0,Urban,Medium,Female,Widowed,Higher,8.0,5.0,0.454111,Trusted,6.0,5.0,
Singapore,702000788,54.0,Urban,Medium,Female,Married,Middle,8.0,8.0,0.420244,Trusted,9.0,8.0,0.091040
Singapore,702000789,52.0,Urban,Low,Female,Married,Lower,4.0,5.0,0.445722,Trusted,3.0,3.0,0.483495
Singapore,702000790,25.0,Urban,Medium,Female,Married,Higher,7.0,8.0,0.419973,Not trusted,7.0,6.0,0.435691
Singapore,702000791,33.0,Urban,Medium,Female,Married,Higher,7.0,5.0,0.363770,Not trusted,5.0,5.0,0.228043
Singapore,702000792,23.0,Urban,Medium,Male,Married,Higher,5.0,7.0,0.348805,Not trusted,1.0,7.0,0.411032
Singapore,702000793,71.0,Urban,,Female,Divorced,Higher,5.0,5.0,0.360753,Not trusted,8.0,5.0,0.452864
Singapore,702000794,38.0,Urban,Medium,Male,Single,Higher,7.0,6.0,0.615277,Not trusted,10.0,5.0,0.270742
Singapore,702000795,29.0,Urban,Medium,Female,Married,Middle,7.0,6.0,0.377708,Not trusted,7.0,6.0,0.410904
Singapore,702000796,28.0,Urban,Medium,Female,Single,Higher,10.0,9.0,0.586214,Not trusted,8.0,7.0,0.143256
Singapore,702000797,43.0,Urban,Medium,Female,Widowed,Higher,10.0,8.0,0.346205,Not trusted,7.0,8.0,0.416958
Singapore,702000798,74.0,Urban,Medium,Female,Single,Middle,7.0,7.0,0.472636,Not trusted,5.0,7.0,0.174567
Singapore,702000799,49.0,Urban,Low,Female,Married,Middle,7.0,7.0,0.439988,Not trusted,5.0,6.0,0.242541
Singapore,702000800,48.0,Urban,Medium,Male,Single,Middle,8.0,8.0,0.542253,Not trusted,10.0,6.0,0.248288
Singapore,702000801,29.0,Urban,Medium,Female,Married,Higher,7.0,7.0,0.486568,Not trusted,10.0,5.0,0.167795
Singapore,702000802,58.0,Urban,Medium,Male,Married,Lower,2.0,2.0,0.402840,Not trusted,5.0,1.0,0.465207
Singapore,702000803,36.0,Urban,,Female,Single,Higher,8.0,8.0,0.438108,Trusted,7.0,9.0,0.162691
Singapore,702000804,71.0,Urban,Low,Female,Single,Middle,7.0,7.0,0.389703,,5.0,8.0,0.420597
Singapore,702000805,41.0,Urban,Medium,Female,Divorced,Higher,8.0,8.0,0.315277,Trusted,10.0,8.0,0.226253
Singapore,702000806,60.0,Urban,Low,Female,Married,Middle,8.0,8.0,0.399382,Not trusted,5.0,8.0,0.446561
Singapore,702000807,47.0,Urban,Medium,Female,Widowed,Middle,8.0,7.0,0.855934,Not trusted,8.0,7.0,0.205021
Singapore,702000808,52.0,Urban,Medium,Male,Single,Middle,6.0,6.0,0.435099,Not trusted,10.0,7.0,0.197611
Singapore,702000809,24.0,Urban,Medium,Male,Single,Higher,10.0,9.0,0.503760,Not trusted,6.0,8.0,0.184066
Singapore,702000810,24.0,Urban,Medium,Male,Married,Higher,6.0,7.0,0.637364,Not trusted,1.0,8.0,0.550890
Singapore,702000811,38.0,Urban,Medium,Female,Married,Middle,6.0,7.0,0.138207,Not trusted,5.0,6.0,0.081675
Singapore,702000812,23.0,Urban,Medium,Male,Married,Higher,10.0,10.0,0.567706,Trusted,8.0,10.0,0.277736
Singapore,702000813,80.0,Urban,Low,Female,Married,Lower,5.0,6.0,0.381771,Not trusted,9.0,6.0,0.345665
Singapore,702000814,45.0,Urban,Medium,Female,Married,Higher,7.0,6.0,0.661140,Not trusted,10.0,5.0,0.387999
Singapore,702000815,33.0,Urban,Medium,Male,Single,Higher,8.0,,0.454462,Trusted,10.0,7.0,0.602858
Singapore,702000816,60.0,Urban,Medium,Female,Married,Middle,7.0,8.0,0.527506,Not trusted,,7.0,0.187119
Singapore,702000817,60.0,Urban,Low,Female,Single,Middle,8.0,7.0,0.352434,Not trusted,10.0,6.0,0.230018
Singapore,702000818,38.0,Urban,Medium,Female,Married,Middle,7.0,5.0,0.272769,Not trusted,8.0,6.0,0.165315
Singapore,702000819,41.0,Urban,Medium,Male,Single,Higher,9.0,8.0,0.470331,Trusted,7.0,7.0,0.321624
Singapore,702000820,49.0,Urban,Low,Female,Married,Higher,9.0,9.0,0.730763,Trusted,8.0,5.0,0.234108
Singapore,702000821,67.0,Urban,Medium,Male,Married,Higher,5.0,7.0,0.402231,Trusted,10.0,8.0,0.323899
Singapore,702000822,57.0,Urban,Low,Female,Married,Higher,7.0,6.0,0.287768,Not trusted,10.0,10.0,0.129246
Singapore,702000823,30.0,Urban,Medium,Male,Married,Higher,9.0,10.0,0.358943,Trusted,1.0,10.0,0.322970
Singapore,702000824,32.0,Urban,Medium,Female,Single,Higher,6.0,5.0,0.468220,Not trusted,10.0,8.0,0.344341
Singapore,702000825,50.0,Urban,Low,Female,Married,Lower,4.0,1.0,0.507448,Not trusted,8.0,4.0,0.321844
Singapore,702000826,29.0,Urban,,Male,Single,Lower,5.0,9.0,0.469169,Trusted,2.0,7.0,0.348542
Singapore,702000827,48.0,Urban,Low,Male,Married,Higher,7.0,8.0,0.497467,Trusted,8.0,7.0,0.345806
Singapore,702000828,84.0,Urban,Medium,Male,Married,Lower,7.0,6.0,0.443372,Not trusted,5.0,6.0,0.347962
Singapore,702000829,26.0,Urban,Low,Female,Married,Middle,5.0,9.0,0.735253,Not trusted,1.0,5.0,0.758401
Singapore,702000830,38.0,Urban,Low,Male,Single,Higher,10.0,7.0,0.506055,Not trusted,10.0,10.0,0.322701
Singapore,702000831,38.0,Urban,Medium,Female,Single,Higher,8.0,8.0,0.580699,Not trusted,5.0,10.0,0.348596
Singapore,702000832,52.0,Urban,Medium,Male,Married,Higher,8.0,7.0,0.407251,Trusted,8.0,8.0,0.178313
Singapore,702000833,31.0,Urban,Medium,Male,Married,Higher,9.0,8.0,0.468039,Not trusted,1.0,7.0,0.602845
Singapore,702000834,59.0,Urban,Medium,Female,Single,Middle,6.0,7.0,0.505628,Not trusted,5.0,7.0,0.219669
Singapore,702000835,62.0,Urban,Medium,Female,Married,Higher,8.0,5.0,0.325331,Trusted,10.0,7.0,0.128778
Singapore,702000836,68.0,Urban,Medium,Female,Married,Higher,3.0,6.0,0.260196,Trusted,7.0,4.0,0.368060
Singapore,702000837,43.0,Urban,Low,Female,Married,Middle,7.0,7.0,0.390980,Not trusted,10.0,5.0,0.429012
Singapore,702000838,66.0,Urban,Medium,Female,Married,Middle,8.0,7.0,0.374357,Not trusted,7.0,8.0,0.195218
Singapore,702000839,37.0,Urban,Medium,Male,Married,Higher,3.0,7.0,0.654529,Not trusted,,2.0,0.297717
Singapore,702000840,49.0,Urban,Low,Female,Single,Higher,5.0,8.0,0.216355,Not trusted,10.0,4.0,0.146370
Singapore,702000841,30.0,Urban,Medium,Female,Married,Higher,5.0,8.0,0.529609,Trusted,3.0,5.0,0.167019
Singapore,702000842,21.0,Urban,High,Female,Married,Higher,7.0,5.0,0.797901,Not trusted,6.0,7.0,0.600361
Singapore,702000843,71.0,Urban,Medium,Male,Single,Middle,7.0,8.0,0.256560,Not trusted,7.0,8.0,0.158004
Singapore,702000844,39.0,Urban,Medium,Male,Married,Higher,6.0,7.0,0.951772,Not trusted,1.0,6.0,0.712678
Singapore,702000845,41.0,Urban,Medium,Female,Married,Middle,8.0,8.0,0.513516,Trusted,7.0,8.0,0.425537
Singapore,702000846,59.0,Urban,Medium,Female,Single,Middle,4.0,5.0,0.387547,Not trusted,3.0,6.0,0.617173
Singapore,702000847,61.0,Urban,Medium,Female,Married,Middle,10.0,10.0,0.354751,Not trusted,8.0,10.0,0.296320
Singapore,702000848,44.0,Urban,Low,Female,Single,Lower,8.0,6.0,0.325491,Not trusted,8.0,5.0,0.377152
Singapore,702000849,30.0,Urban,Medium,Female,Single,Higher,7.0,8.0,0.303628,Trusted,8.0,8.0,0.120612
Singapore,702000850,27.0,Urban,Medium,Female,Married,Middle,7.0,6.0,0.431256,Not trusted,2.0,5.0,0.461880
Singapore,702000851,24.0,Urban,Medium,Female,Married,Higher,8.0,7.0,0.642555,Not trusted,7.0,8.0,0.411127
Singapore,702000852,46.0,Urban,Medium,Male,Married,Lower,9.0,7.0,0.517099,Not trusted,1.0,7.0,0.485631
Singapore,702000853,28.0,Urban,Medium,Male,Married,Higher,7.0,8.0,0.458070,Not trusted,3.0,7.0,0.331595
Singapore,702000854,66.0,Urban,Low,Female,Married,Middle,6.0,5.0,0.282369,Not trusted,5.0,7.0,0.759766
Singapore,702000855,54.0,Urban,Medium,Female,Divorced,Middle,5.0,7.0,0.398885,Not trusted,10.0,8.0,0.277488
Singapore,702000856,27.0,Urban,Medium,Female,Single,Middle,10.0,7.0,0.388780,Not trusted,7.0,6.0,0.378244
Singapore,702000857,75.0,Urban,Low,Female,Single,Lower,9.0,9.0,0.205678,Trusted,6.0,8.0,0.097975
Singapore,702000858,63.0,Urban,Low,Female,Married,Lower,5.0,2.0,0.237999,Not trusted,3.0,1.0,0.369736
Singapore,702000859,81.0,Urban,Medium,Male,Married,Higher,8.0,8.0,0.298932,Not trusted,5.0,8.0,0.162867
Singapore,702000860,35.0,Urban,Low,Male,Married,Middle,4.0,5.0,0.522300,Not trusted,1.0,4.0,0.755252
Singapore,702000861,63.0,Urban,Medium,Female,Married,Middle,8.0,5.0,0.230272,Trusted,5.0,7.0,0.278445
Singapore,702000862,23.0,Urban,Medium,Female,Married,Higher,10.0,10.0,0.636075,Trusted,,10.0,0.614572
Singapore,702000863,61.0,Urban,,Female,Married,Higher,3.0,1.0,0.280224,Trusted,10.0,3.0,0.316981
Singapore,702000864,58.0,Urban,High,Female,Divorced,Higher,6.0,7.0,0.446124,Trusted,8.0,9.0,0.296766
Singapore,702000865,40.0,Urban,Medium,Female,Married,Lower,5.0,8.0,0.422242,Not trusted,9.0,5.0,0.465546
Singapore,702000866,58.0,Urban,Low,Male,Married,Higher,7.0,7.0,0.445372,Not trusted,2.0,6.0,0.311547
Singapore,702000867,23.0,Urban,Medium,Male,Single,Higher,10.0,8.0,0.478831,Not trusted,5.0,10.0,0.632030
Singapore,702000868,32.0,Urban,Medium,Female,Married,Higher,8.0,8.0,0.675974,Trusted,8.0,5.0,0.419250
Singapore,702000869,75.0,Urban,Medium,Female,Married,Lower,9.0,10.0,0.254014,Not trusted,10.0,7.0,0.213089
Singapore,702000870,42.0,Urban,Medium,Female,Married,Higher,8.0,8.0,0.496776,Not trusted,5.0,9.0,0.263127
Singapore,702000871,31.0,Urban,Low,Female,Single,Higher,6.0,7.0,0.645783,Not trusted,2.0,5.0,0.226957
Singapore,702000872,73.0,Urban,Medium,Male,Married,Lower,9.0,5.0,0.473467,Not trusted,10.0,7.0,0.060495
Singapore,702000873,28.0,Urban,Medium,Male,Married,Higher,7.0,7.0,0.260914,Not trusted,3.0,8.0,0.154223
Singapore,702000874,74.0,Urban,Medium,Female,Married,Lower,9.0,9.0,0.426576,Not trusted,8.0,9.0,0.173986
Singapore,702000875,75.0,Urban,Low,Female,Married,Lower,9.0,5.0,0.245071,Not trusted,7.0,7.0,0.119104
Singapore,702000876,47.0,Urban,Low,Female,Single,Middle,7.0,8.0,0.414865,Not trusted,2.0,7.0,0.134511
Singapore,702000877,70.0,Urban,Medium,Male,Married,Lower,6.0,7.0,0.456736,Not trusted,2.0,8.0,0.369644
Singapore,702000878,70.0,Urban,Medium,Female,Married,Middle,7.0,8.0,0.541918,Not trusted,10.0,7.0,0.271584
Singapore,702000879,69.0,Urban,Medium,Female,Married,Higher,8.0,8.0,0.589151,Not trusted,10.0,9.0,0.298214
Singapore,702000880,21.0,Urban,Medium,Male,Married,Higher,6.0,5.0,0.613947,Trusted,1.0,6.0,0.505645
Singapore,702000881,65.0,Urban,Medium,Female,Widowed,Higher,7.0,7.0,0.261046,Not trusted,10.0,5.0,0.056932
Singapore,702000882,42.0,Urban,Medium,Male,Married,Middle,7.0,5.0,0.627713,Trusted,1.0,7.0,0.134624
Singapore,702000883,68.0,Urban,Medium,Female,Widowed,Middle,5.0,6.0,0.207858,Trusted,10.0,6.0,0.149034
Singapore,702000884,63.0,Urban,Low,Male,Married,Lower,3.0,5.0,0.265144,Not trusted,5.0,5.0,0.385901
Singapore,702000885,36.0,Urban,Medium,Male,Married,Middle,10.0,10.0,0.453204,Not trusted,10.0,7.0,0.165126
Singapore,702000886,38.0,Urban,High,Female,Divorced,Higher,6.0,5.0,0.494786,Trusted,7.0,6.0,0.385772
Singapore,702000887,69.0,Urban,Medium,Female,Married,Middle,6.0,8.0,0.447942,Trusted,10.0,7.0,0.254772
Singapore,702000888,32.0,Urban,Medium,Male,Divorced,Higher,4.0,8.0,0.367617,Not trusted,7.0,5.0,0.338317
Singapore,702000889,39.0,Urban,Medium,Male,Single,Higher,6.0,5.0,0.212867,Not trusted,10.0,6.0,0.178534
Singapore,702000890,71.0,Urban,Medium,Female,Married,Middle,7.0,5.0,0.243612,Not trusted,10.0,7.0,0.049961
Singapore,702000891,56.0,Urban,Medium,Female,Single,Higher,7.0,7.0,0.646331,Not trusted,1.0,6.0,0.664503
Singapore,702000892,50.0,Urban,,Female,Married,Higher,7.0,7.0,0.301923,Not trusted,5.0,8.0,0.137743
Singapore,702000893,54.0,Urban,Low,Female,Married,Lower,7.0,5.0,0.322377,Not trusted,10.0,5.0,0.291284
Singapore,702000894,33.0,Urban,Low,Male,Married,Middle,8.0,7.0,0.432051,Not trusted,9.0,7.0,0.161196
Singapore,702000895,33.0,Urban,Medium,Male,Widowed,Middle,7.0,8.0,0.486262,Not trusted,1.0,4.0,0.505939
Singapore,702000896,48.0,Urban,Low,Male,Single,Higher,4.0,4.0,0.385076,Trusted,8.0,5.0,0.210865
Singapore,702000897,33.0,Urban,Low,Male,Married,Higher,5.0,4.0,0.438892,Trusted,8.0,4.0,0.238979
Singapore,702000898,63.0,Urban,Medium,Female,Married,Middle,7.0,5.0,0.271155,Not trusted,5.0,6.0,0.217515
Singapore,702000899,38.0,Urban,Medium,Female,Married,Higher,8.0,8.0,0.954403,Not trusted,,7.0,0.263672
Singapore,702000900,69.0,Urban,Medium,Male,Married,Higher,8.0,8.0,0.430487,Trusted,8.0,6.0,0.539031
Singapore,702000901,74.0,Urban,Medium,Female,Married,Lower,7.0,7.0,0.428221,Not trusted,8.0,4.0,0.144771
Singapore,702000902,57.0,Urban,Medium,Male,Married,Higher,5.0,2.0,0.450420,Not trusted,1.0,5.0,0.251008
Singapore,702000903,37.0,Urban,Medium,Female,Widowed,Higher,7.0,10.0,0.339003,Not trusted,1.0,8.0,0.515803
Singapore,702000904,57.0,Urban,Medium,Female,Married,Middle,7.0,5.0,0.131618,Trusted,10.0,5.0,0.105181
Singapore,702000905,43.0,Urban,Medium,Female,Married,Higher,6.0,8.0,0.445831,Trusted,10.0,5.0,0.525045
Singapore,702000906,36.0,Urban,Medium,Female,Married,Higher,6.0,6.0,0.675954,Trusted,3.0,4.0,0.405650
Singapore,702000907,56.0,Urban,Medium,Female,Married,Higher,8.0,5.0,0.301809,Not trusted,10.0,9.0,0.125272
Singapore,702000908,70.0,Urban,Medium,Male,Married,Middle,7.0,10.0,0.432027,Not trusted,10.0,7.0,0.152747
Singapore,702000909,39.0,Urban,Medium,Male,Married,Middle,7.0,7.0,0.123339,Not trusted,9.0,7.0,0.267024
Singapore,702000910,21.0,Urban,Medium,Female,Married,Higher,10.0,9.0,0.819629,Not trusted,6.0,9.0,0.253539
Singapore,702000911,63.0,Urban,Low,Female,Single,Lower,7.0,9.0,0.461102,Not trusted,5.0,6.0,0.339083
Singapore,702000912,24.0,Urban,Medium,Female,Single,Higher,8.0,8.0,0.658702,Not trusted,10.0,5.0,0.179518
Singapore,702000913,52.0,Urban,Medium,Female,Living together as married,Higher,10.0,8.0,0.300264,Trusted,10.0,9.0,0.131486
Singapore,702000914,57.0,Urban,Medium,Male,Divorced,Middle,7.0,7.0,0.323449,Not trusted,7.0,5.0,0.162242
Singapore,702000915,24.0,Urban,Medium,Male,Single,Higher,8.0,8.0,1.000000,Not trusted,5.0,8.0,0.457037
Singapore,702000916,22.0,Urban,Medium,Female,Single,Higher,6.0,7.0,0.517186,Not trusted,3.0,5.0,0.564273
Singapore,702000917,54.0,Urban,Medium,Female,Married,Middle,7.0,7.0,0.318531,Trusted,8.0,8.0,0.131338
Singapore,702000918,40.0,Urban,Low,Female,Divorced,Lower,4.0,6.0,0.388697,Not trusted,1.0,5.0,0.498599
Singapore,702000919,50.0,Urban,Medium,Male,Married,Higher,5.0,7.0,0.587918,Not trusted,6.0,3.0,0.548415
Singapore,702000920,51.0,Urban,Medium,Male,Married,Middle,6.0,5.0,0.366899,Not trusted,7.0,5.0,0.049460
Singapore,702000921,71.0,Urban,Medium,Male,Single,Middle,7.0,7.0,0.475967,Trusted,7.0,5.0,0.376159
Singapore,702000922,75.0,Urban,Low,Female,Married,Lower,7.0,6.0,0.157450,Not trusted,10.0,7.0,0.154260
Singapore,702000923,28.0,Urban,Medium,Male,Married,Higher,6.0,7.0,0.481857,Not trusted,10.0,5.0,0.598816
Singapore,702000924,89.0,Urban,Medium,Female,Single,Middle,7.0,7.0,0.284565,Trusted,9.0,9.0,0.362804
Singapore,702000925,47.0,Urban,,Female,Married,Higher,8.0,7.0,0.347414,Not trusted,8.0,5.0,0.359515
Singapore,702000926,61.0,Urban,Medium,Female,Married,Middle,10.0,9.0,0.426565,Not trusted,10.0,10.0,0.309688
Singapore,702000927,59.0,Urban,Medium,Male,Married,Middle,7.0,8.0,0.589922,Trusted,5.0,7.0,0.279907
Singapore,702000928,25.0,Urban,Medium,Male,Separated,Higher,7.0,8.0,0.478261,Not trusted,10.0,8.0,0.237737
Singapore,702000929,41.0,Urban,Medium,Male,Divorced,Higher,7.0,7.0,0.380073,Trusted,7.0,7.0,0.338995
Singapore,702000930,63.0,Urban,Low,Female,Married,Middle,8.0,6.0,0.373441,Not trusted,5.0,5.0,0.315034
Singapore,702000931,54.0,Urban,Medium,Male,Single,Higher,8.0,9.0,0.419246,Trusted,5.0,7.0,0.237773
Singapore,702000932,51.0,Urban,High,Male,Single,Higher,7.0,10.0,0.309435,Trusted,10.0,8.0,0.162604
Singapore,702000933,63.0,Urban,Medium,Male,Married,Higher,8.0,9.0,0.267495,Not trusted,10.0,9.0,0.038919
Singapore,702000934,59.0,Urban,Medium,Female,Married,Higher,8.0,5.0,0.418372,Trusted,10.0,6.0,0.345784
Singapore,702000935,68.0,Urban,Medium,Female,Married,Lower,4.0,4.0,0.312922,Not trusted,10.0,5.0,0.206837
Singapore,702000936,53.0,Urban,High,Female,Widowed,Higher,10.0,10.0,0.719363,Trusted,10.0,10.0,0.134410
Singapore,702000937,71.0,Urban,Low,Male,Single,Middle,10.0,9.0,0.200783,Not trusted,10.0,7.0,0.236276
Singapore,702000938,42.0,Urban,Medium,Male,Married,Higher,7.0,10.0,0.429840,Trusted,10.0,10.0,0.278785
Singapore,702000939,44.0,Urban,Medium,Female,Married,Higher,7.0,8.0,0.407312,Trusted,10.0,8.0,0.302459
Singapore,702000940,34.0,Urban,Medium,Male,Married,Middle,4.0,5.0,0.294098,Not trusted,10.0,6.0,0.346114
Singapore,702000941,59.0,Urban,Medium,Male,Married,Higher,8.0,6.0,0.328870,Trusted,10.0,7.0,0.082532
Singapore,702000942,23.0,Urban,Medium,Female,Married,Higher,5.0,7.0,0.667978,Not trusted,9.0,5.0,0.158157
Singapore,702000943,79.0,Urban,Low,Male,Single,Lower,9.0,8.0,0.199845,Not trusted,8.0,7.0,0.063080
Singapore,702000944,76.0,Urban,High,Female,Married,Middle,7.0,5.0,0.452029,Trusted,2.0,5.0,0.394998
Singapore,702000945,74.0,Urban,Medium,Male,Married,Lower,5.0,5.0,0.282237,Not trusted,7.0,6.0,0.275109
Singapore,702000946,22.0,Urban,Medium,Female,Married,Higher,8.0,8.0,0.438176,Not trusted,10.0,7.0,0.275373
Singapore,702000947,55.0,Urban,Medium,Male,Married,Higher,7.0,6.0,0.221921,Trusted,10.0,5.0,0.064319
Singapore,702000948,55.0,Urban,Medium,Male,Married,Lower,6.0,6.0,0.468160,Trusted,10.0,4.0,0.163355
Singapore,702000949,60.0,Urban,Medium,Female,Married,Higher,5.0,6.0,0.470995,Trusted,6.0,7.0,0.285202
Singapore,702000950,51.0,Urban,Medium,Male,Married,Middle,6.0,6.0,0.313574,Not trusted,2.0,7.0,0.686407
Singapore,702000951,69.0,Urban,,Female,Married,Lower,6.0,8.0,0.267198,Not trusted,3.0,7.0,0.704462
Singapore,702000952,69.0,Urban,Medium,Female,Single,Lower,5.0,6.0,0.269648,Not trusted,2.0,5.0,0.299780
Singapore,702000953,41.0,Urban,High,Female,Married,Higher,7.0,7.0,0.443547,Trusted,8.0,8.0,0.139401
Singapore,702000954,50.0,Urban,Medium,Female,Married,Higher,8.0,6.0,0.568097,Not trusted,10.0,6.0,0.125715
Singapore,702000955,67.0,Urban,Medium,Male,Single,Higher,8.0,5.0,0.369167,Trusted,10.0,7.0,0.039902
Singapore,702000956,30.0,Urban,Medium,Male,Married,Higher,10.0,8.0,0.364124,,10.0,10.0,0.355820
Singapore,702000957,40.0,Urban,Low,Female,Married,Middle,9.0,5.0,0.610481,Not trusted,1.0,7.0,0.420641
Singapore,702000958,28.0,Urban,Medium,Female,Married,Lower,7.0,5.0,0.357923,Not trusted,7.0,8.0,0.280614
Singapore,702000959,61.0,Urban,Low,Male,Single,Lower,8.0,8.0,0.273897,Not trusted,5.0,9.0,0.250511
Singapore,702000960,30.0,Urban,Medium,Female,Married,Higher,7.0,7.0,0.391527,Trusted,8.0,5.0,0.412069
Singapore,702000961,41.0,Urban,Medium,Male,Single,Lower,7.0,7.0,0.340331,Trusted,9.0,7.0,0.504110
Singapore,702000962,50.0,Urban,Medium,Male,Married,Higher,1.0,4.0,0.389230,Not trusted,5.0,2.0,0.667336
Singapore,702000963,30.0,Urban,Medium,Male,Married,Higher,7.0,8.0,0.554197,Not trusted,10.0,8.0,0.231938
Singapore,702000964,42.0,Urban,Medium,Male,Married,Lower,7.0,7.0,0.490317,Not trusted,2.0,6.0,0.435809
Singapore,702000965,24.0,Urban,Medium,Male,Single,Higher,6.0,5.0,0.444402,Trusted,5.0,7.0,0.435636
Singapore,702000966,67.0,Urban,Low,Female,Single,Middle,8.0,10.0,0.618421,Not trusted,5.0,10.0,0.140091
Singapore,702000967,70.0,Urban,Medium,Female,Married,Middle,8.0,7.0,0.374148,Not trusted,10.0,7.0,0.325188
Singapore,702000968,37.0,Urban,Medium,Female,Married,Middle,4.0,3.0,0.317571,Trusted,8.0,3.0,0.172365
Singapore,702000969,31.0,Urban,High,Female,Separated,Higher,8.0,9.0,0.832203,Not trusted,7.0,7.0,0.267084
Singapore,702000970,58.0,Urban,Medium,Female,Single,Middle,8.0,7.0,0.471085,Not trusted,10.0,10.0,0.097224
Singapore,702000971,69.0,Urban,Medium,Female,Married,Lower,10.0,8.0,0.061051,Not trusted,10.0,8.0,0.071137
Singapore,702000972,45.0,Urban,Low,Male,Married,Higher,9.0,10.0,0.362445,,5.0,8.0,0.427375
Singapore,702000973,32.0,Urban,Medium,Female,Married,Higher,5.0,6.0,0.480870,Trusted,10.0,6.0,0.272427
Singapore,702000974,53.0,Urban,Medium,Male,Married,Higher,8.0,10.0,0.413590,Trusted,6.0,9.0,0.196786
Singapore,702000975,54.0,Urban,Medium,Female,Single,Middle,5.0,7.0,0.179493,Not trusted,3.0,5.0,0.267928
Singapore,702000976,40.0,Urban,High,Male,Single,Higher,8.0,8.0,0.267673,Not trusted,10.0,8.0,0.295180
Singapore,702000977,53.0,Urban,Medium,Male,Married,Middle,10.0,8.0,0.466726,Not trusted,10.0,10.0,0.067738
Singapore,702000978,29.0,Urban,Medium,Female,Married,Higher,8.0,7.0,0.487929,Not trusted,4.0,9.0,0.254417
Singapore,702000979,68.0,Urban,Medium,Male,Single,Middle,7.0,6.0,0.448809,Trusted,10.0,5.0,0.272323
Singapore,702000980,70.0,Urban,Medium,Male,Single,Middle,5.0,5.0,0.324486,Not trusted,10.0,5.0,0.179995
Singapore,702000981,68.0,Urban,Medium,Male,Single,Higher,5.0,6.0,0.587874,Not trusted,5.0,3.0,0.436672
Singapore,702000982,59.0,Urban,Low,Female,Married,Lower,3.0,5.0,0.482202,Not trusted,9.0,4.0,0.167958
Singapore,702000983,57.0,Urban,Medium,Male,Married,Higher,6.0,7.0,0.785963,Trusted,10.0,5.0,0.170765
Singapore,702000984,33.0,Urban,Medium,Female,Married,Higher,8.0,8.0,0.377568,Not trusted,5.0,9.0,0.223387
Singapore,702000985,64.0,Urban,Low,Male,Divorced,Lower,5.0,1.0,0.176842,Not trusted,10.0,5.0,0.436187
Singapore,702000986,33.0,Urban,Medium,Female,Widowed,Higher,10.0,10.0,0.677715,Trusted,6.0,7.0,0.211700
Singapore,702000987,53.0,Urban,Low,Female,Married,Higher,7.0,8.0,0.396490,Not trusted,5.0,5.0,0.315139
Singapore,702000988,60.0,Urban,Medium,Female,Married,Middle,5.0,3.0,0.516239,Trusted,8.0,2.0,0.298707
Singapore,702000989,33.0,Urban,Medium,Male,Married,Middle,9.0,8.0,0.577360,Trusted,6.0,6.0,0.578242
Singapore,702000990,77.0,Urban,Medium,Male,Single,Lower,9.0,8.0,0.183416,Not trusted,10.0,8.0,0.209965
Singapore,702000991,40.0,Urban,Low,Female,Married,Middle,3.0,4.0,0.347617,Not trusted,10.0,3.0,0.059129
Singapore,702000992,43.0,Urban,Medium,Female,Married,Higher,8.0,7.0,0.467968,Trusted,10.0,7.0,0.157904
Singapore,702000993,47.0,Urban,Medium,Female,Single,Middle,6.0,8.0,0.453776,Not trusted,5.0,5.0,0.515180
Singapore,702000994,56.0,Urban,Medium,Female,Married,Higher,7.0,9.0,0.399330,Trusted,4.0,7.0,0.505225
Singapore,702000995,54.0,Urban,Medium,Female,Divorced,Higher,8.0,7.0,0.461622,Trusted,3.0,8.0,0.613230
Singapore,702000996,46.0,Urban,Medium,Female,Married,Higher,7.0,6.0,0.494032,Not trusted,10.0,5.0,0.388986
Singapore,702000997,24.0,Urban,Medium,Female,Married,Higher,5.0,7.0,0.636040,Not trusted,5.0,6.0,0.442692
Singapore,702000998,43.0,Urban,Low,Female,Single,Higher,7.0,5.0,0.764747,Not trusted,1.0,7.0,0.432290
Singapore,702000999,51.0,Urban,Medium,Female,Married,Middle,5.0,6.0,0.312033,Not trusted,10.0,6.0,0.221656
Singapore,702001000,28.0,Urban,Medium,Male,Married,Middle,9.0,8.0,0.263779,Not trusted,10.0,8.0,0.283297
Singapore,702001001,30.0,Urban,Medium,Male,Married,Middle,6.0,9.0,0.496084,Trusted,4.0,6.0,0.479764
Singapore,702001002,78.0,Urban,Medium,Female,Widowed,Higher,10.0,8.0,0.254513,Not trusted,8.0,10.0,0.037038
Singapore,702001003,24.0,Urban,Medium,Male,Married,Higher,9.0,7.0,0.420259,Trusted,3.0,5.0,0.498509
Singapore,702001004,23.0,Urban,Medium,Male,Married,Middle,8.0,7.0,0.417990,Trusted,7.0,6.0,0.286127
Singapore,702001005,65.0,Urban,Medium,Female,Single,Higher,7.0,5.0,0.606390,Trusted,10.0,8.0,0.311076
Singapore,702001006,78.0,Urban,Low,Female,Single,Lower,6.0,7.0,0.098879,Not trusted,5.0,4.0,0.140446
Singapore,702001007,56.0,Urban,Medium,Male,Married,Middle,7.0,10.0,0.423036,Not trusted,9.0,8.0,0.161008
Singapore,702001008,25.0,Urban,Medium,Female,Single,Higher,5.0,7.0,0.808401,Trusted,5.0,2.0,0.463276
Singapore,702001009,23.0,Urban,Medium,Female,Married,Higher,7.0,6.0,0.355958,Not trusted,7.0,7.0,0.269409
Singapore,702001010,31.0,Urban,Medium,Male,Single,Higher,8.0,7.0,0.596331,Trusted,5.0,8.0,0.249945
Singapore,702001011,54.0,Urban,Low,Male,Married,Lower,7.0,8.0,0.366446,Not trusted,,7.0,0.319825
Singapore,702001012,21.0,Urban,Medium,Male,Married,Higher,8.0,8.0,0.701392,Trusted,4.0,6.0,0.279091
Singapore,702001013,28.0,Urban,Medium,Female,Divorced,Higher,3.0,8.0,0.436442,Not trusted,1.0,5.0,0.387445
Singapore,702001014,36.0,Urban,Medium,Male,Single,Lower,7.0,6.0,0.542229,Not trusted,3.0,7.0,0.260166
Singapore,702001015,55.0,Urban,Medium,Male,Single,Higher,,6.0,0.236349,Not trusted,4.0,8.0,0.580299
Singapore,702001016,42.0,Urban,Medium,Male,Single,Middle,4.0,5.0,0.629248,Not trusted,10.0,5.0,0.106869
Singapore,702001017,51.0,Urban,Medium,Male,Widowed,Lower,7.0,9.0,0.244797,Not trusted,6.0,7.0,0.268005
Singapore,702001018,48.0,Urban,Medium,Male,Single,Higher,7.0,5.0,0.443789,Not trusted,3.0,6.0,0.364887
Singapore,702001019,75.0,Urban,Low,Female,Married,Lower,8.0,10.0,0.308758,Not trusted,10.0,6.0,0.025570
Singapore,702001020,76.0,Urban,Low,Female,Married,Higher,4.0,5.0,0.304964,Not trusted,8.0,5.0,0.162018
Singapore,702001021,26.0,Urban,Medium,Female,Single,Higher,5.0,5.0,0.544065,Trusted,1.0,5.0,0.701292
Singapore,702001022,24.0,Urban,Low,Female,Married,Higher,5.0,7.0,0.620301,Not trusted,1.0,5.0,0.316093
Singapore,702001023,56.0,Urban,Low,Female,Married,Lower,8.0,8.0,0.590861,Not trusted,3.0,7.0,0.429768
Singapore,702001024,42.0,Urban,Medium,Female,Single,Higher,8.0,6.0,0.585437,Trusted,7.0,9.0,0.213470
Singapore,702001025,22.0,Urban,Medium,Male,Married,Higher,7.0,8.0,0.629316,Not trusted,10.0,6.0,0.503695
Singapore,702001026,71.0,Urban,Medium,Female,Single,Lower,9.0,8.0,0.249221,Not trusted,5.0,7.0,0.186123
Singapore,702001027,39.0,Urban,Low,Female,Married,Middle,6.0,8.0,0.365397,Not trusted,8.0,7.0,0.227515
Singapore,702001028,49.0,Urban,Medium,Female,Widowed,Higher,7.0,5.0,0.536134,Trusted,8.0,6.0,0.598948
Singapore,702001029,50.0,Urban,Medium,Female,Married,Higher,5.0,8.0,0.600990,Trusted,4.0,8.0,0.184707
Singapore,702001030,42.0,Urban,Medium,Male,Single,Higher,8.0,7.0,0.377211,Trusted,8.0,7.0,0.434585
Singapore,702001031,46.0,Urban,Medium,Female,Single,Middle,5.0,8.0,0.572702,Not trusted,8.0,6.0,0.512881
Singapore,702001032,34.0,Urban,Low,Male,Married,Higher,5.0,8.0,0.574984,Not trusted,4.0,6.0,0.305832
Singapore,702001033,48.0,Urban,Medium,Female,Married,Higher,5.0,7.0,0.714742,Trusted,4.0,6.0,0.441929
Singapore,702001034,32.0,Urban,Medium,Female,Divorced,Middle,5.0,7.0,0.405896,Not trusted,6.0,7.0,0.187231
Singapore,702001035,21.0,Urban,Medium,Female,Divorced,Higher,5.0,6.0,0.608370,Not trusted,7.0,5.0,0.278312
Singapore,702001036,70.0,Urban,Medium,Male,Married,Higher,10.0,10.0,0.398610,Not trusted,10.0,8.0,0.267353
Singapore,702001037,31.0,Urban,Medium,Male,Married,Higher,7.0,6.0,0.341640,Not trusted,7.0,7.0,0.213408
Singapore,702001038,36.0,Urban,Low,Male,Married,Higher,5.0,7.0,0.710507,Not trusted,10.0,4.0,0.210633
Singapore,702001039,27.0,Urban,Low,Female,Divorced,Middle,6.0,7.0,0.503973,Not trusted,7.0,3.0,0.491610
Singapore,702001040,26.0,Urban,Medium,Female,Married,Middle,10.0,10.0,0.571109,Not trusted,7.0,9.0,0.175338
Singapore,702001041,85.0,Urban,Low,Female,Single,Lower,8.0,7.0,0.377731,Not trusted,10.0,5.0,0.063549
Singapore,702001042,32.0,Urban,High,Male,Widowed,Higher,10.0,7.0,0.295039,Trusted,10.0,10.0,0.366129
Singapore,702001043,43.0,Urban,Medium,Male,Married,Middle,7.0,8.0,0.393669,Trusted,10.0,7.0,0.154167
Singapore,702001044,21.0,Urban,Medium,Female,Married,Higher,7.0,7.0,0.707314,Trusted,4.0,5.0,0.350055
Singapore,702001045,55.0,Urban,Medium,Female,Married,Middle,9.0,9.0,0.429219,Trusted,10.0,10.0,0.052567
Singapore,702001046,22.0,Urban,Medium,Female,Married,Higher,8.0,7.0,0.602900,Not trusted,5.0,10.0,0.556866
Singapore,702001047,45.0,Urban,Medium,Female,Single,Higher,6.0,6.0,0.576265,Not trusted,10.0,6.0,0.396966
Singapore,702001048,40.0,Urban,Medium,Female,Married,Higher,7.0,10.0,0.391287,Not trusted,7.0,7.0,0.404692
Singapore,702001049,39.0,Urban,Medium,Female,Single,Higher,8.0,7.0,0.662156,Trusted,6.0,8.0,0.059048
Singapore,702001050,73.0,Urban,Medium,Female,Married,Middle,7.0,7.0,0.148126,Trusted,8.0,8.0,0.369903
Singapore,702001051,81.0,Urban,Medium,Female,Single,Middle,8.0,8.0,0.249370,Not trusted,9.0,8.0,0.138527
Singapore,702001052,30.0,Urban,Low,Male,Widowed,Higher,8.0,10.0,0.484413,Not trusted,8.0,7.0,0.249428
Singapore,702001053,38.0,Urban,Medium,Male,Married,Higher,10.0,10.0,0.282581,Trusted,10.0,10.0,0.243116
Singapore,702001054,70.0,Urban,Medium,Female,Married,Middle,8.0,7.0,0.633001,Trusted,5.0,8.0,0.186053
Singapore,702001055,55.0,Urban,Medium,Male,Single,Higher,5.0,6.0,0.462998,Not trusted,7.0,6.0,0.239997
Singapore,702001056,48.0,Urban,Medium,Female,Single,Middle,8.0,7.0,0.361823,Not trusted,7.0,6.0,0.259710
Singapore,702001057,47.0,Urban,Medium,Male,Single,Middle,9.0,6.0,0.318990,Trusted,10.0,9.0,0.223721
Singapore,702001058,32.0,Urban,Medium,Female,Married,Higher,8.0,8.0,0.374461,,5.0,7.0,0.113363
Singapore,702001059,45.0,Urban,Low,Male,Living together as married,Lower,9.0,8.0,0.355076,Not trusted,7.0,8.0,0.348102
Singapore,702001060,84.0,Urban,Low,Female,Married,Lower,6.0,7.0,0.306631,Not trusted,8.0,4.0,0.212200
Singapore,702001061,40.0,Urban,Medium,Female,Married,Middle,8.0,8.0,0.318497,Not trusted,5.0,5.0,0.703720
Singapore,702001062,22.0,Urban,Medium,Female,Single,Middle,6.0,8.0,0.685762,Not trusted,4.0,6.0,0.197295
Singapore,702001063,28.0,Urban,Medium,Female,Single,Higher,6.0,7.0,0.694162,Not trusted,7.0,4.0,0.141421
Singapore,702001064,56.0,Urban,Medium,Male,Single,Higher,8.0,9.0,0.232497,Not trusted,10.0,5.0,0.176287
Singapore,702001065,33.0,Urban,Medium,Female,Divorced,Higher,8.0,8.0,0.391580,Not trusted,9.0,8.0,0.419502
Singapore,702001066,30.0,Urban,Medium,Male,Single,Higher,7.0,7.0,0.524474,Not trusted,2.0,7.0,0.295200
Singapore,702001067,64.0,Urban,Medium,Male,Married,Lower,6.0,8.0,0.649927,Not trusted,3.0,5.0,0.593131
Singapore,702001068,42.0,Urban,Medium,Female,Single,Higher,10.0,8.0,0.313022,Not trusted,10.0,7.0,0.333285
Singapore,702001069,29.0,Urban,Medium,Male,Married,Higher,8.0,8.0,0.937848,Trusted,10.0,8.0,0.247542
Singapore,702001070,82.0,Urban,Medium,Female,Married,Lower,7.0,5.0,0.225961,Not trusted,10.0,7.0,0.092569
Singapore,702001071,57.0,Urban,Medium,Female,Married,Middle,9.0,10.0,0.519271,Not trusted,8.0,8.0,0.362872
Singapore,702001072,30.0,Urban,Low,Female,Single,Middle,3.0,2.0,0.586361,Not trusted,5.0,3.0,0.626040
Singapore,702001073,32.0,Urban,Low,Male,Single,Lower,7.0,6.0,0.363334,Not trusted,10.0,1.0,0.187639
Singapore,702001074,62.0,Urban,Medium,Male,Single,Middle,10.0,10.0,0.194376,Not trusted,10.0,9.0,0.160295
Singapore,702001075,73.0,Urban,,Male,Married,Middle,8.0,8.0,0.338686,Trusted,10.0,8.0,0.157828
Singapore,702001076,23.0,Urban,Medium,Female,Married,Higher,5.0,7.0,0.415891,Trusted,8.0,4.0,0.034266
Singapore,702001077,49.0,Urban,Medium,Male,Married,Higher,8.0,6.0,0.285324,Trusted,9.0,7.0,0.195377
Singapore,702001078,55.0,Urban,Medium,Male,Single,Lower,5.0,8.0,0.441463,Not trusted,1.0,5.0,0.249355
Singapore,702001079,32.0,Urban,Medium,Female,Married,Higher,7.0,6.0,0.446559,Not trusted,1.0,6.0,0.515177
Singapore,702001080,56.0,Urban,High,Female,Single,Higher,9.0,8.0,0.389406,Trusted,10.0,10.0,0.247932
Singapore,702001081,81.0,Urban,Medium,Male,Married,Lower,10.0,8.0,0.301187,Trusted,5.0,8.0,0.269251
Singapore,702001082,57.0,Urban,High,Female,Married,Higher,8.0,9.0,0.256536,Trusted,10.0,7.0,0.171684
Singapore,702001083,21.0,Urban,Low,Female,Single,Middle,7.0,5.0,0.504946,Not trusted,8.0,5.0,0.419907
Singapore,702001084,43.0,Urban,Medium,Female,Married,Middle,8.0,8.0,0.352440,Not trusted,10.0,3.0,0.227090
Singapore,702001085,28.0,Urban,Low,Male,Married,Lower,7.0,7.0,0.656285,Not trusted,10.0,6.0,0.181449
Singapore,702001086,51.0,Urban,Low,Female,Single,Middle,6.0,8.0,0.311169,Not trusted,4.0,5.0,0.092509
Singapore,702001087,25.0,Urban,Medium,Male,Single,Higher,10.0,8.0,0.925982,Not trusted,2.0,7.0,0.208094
Singapore,702001088,68.0,Urban,Low,Female,Married,Higher,8.0,8.0,0.430060,Not trusted,5.0,8.0,0.199479
Singapore,702001089,53.0,Urban,Medium,Female,Married,Middle,7.0,7.0,0.449632,Trusted,1.0,6.0,0.302044
Singapore,702001090,68.0,Urban,Medium,Male,Divorced,Lower,10.0,8.0,0.254344,Not trusted,3.0,10.0,0.211208
Singapore,702001091,50.0,Urban,Low,Female,Widowed,Middle,7.0,5.0,0.280973,Not trusted,5.0,6.0,0.496564
Singapore,702001092,47.0,Urban,Medium,Female,Married,Middle,10.0,8.0,0.351773,Not trusted,5.0,8.0,0.197841
Singapore,702001093,75.0,Urban,Low,Male,Married,Lower,6.0,6.0,0.324967,Not trusted,6.0,6.0,0.419274
Singapore,702001094,33.0,Urban,Low,Male,Married,Middle,5.0,7.0,0.342155,Not trusted,10.0,1.0,0.170013
Singapore,702001095,56.0,Urban,Low,Male,Living together as married,Lower,5.0,5.0,0.248949,Not trusted,10.0,6.0,0.163940
Singapore,702001096,29.0,Urban,High,Female,Married,Higher,10.0,7.0,0.324970,Trusted,10.0,10.0,0.157301
Singapore,702001097,61.0,Urban,Medium,Female,Married,Higher,8.0,6.0,0.338596,Not trusted,5.0,6.0,0.264901
Singapore,702001098,72.0,Urban,Medium,Male,Single,Middle,5.0,7.0,0.214300,Not trusted,10.0,7.0,0.255409
Singapore,702001099,32.0,Urban,Medium,Male,Married,Higher,7.0,7.0,0.342331,Trusted,10.0,7.0,0.082849
Singapore,702001100,38.0,Urban,Low,Female,Married,Lower,5.0,4.0,0.320686,Not trusted,8.0,4.0,0.344598
Singapore,702001101,61.0,Urban,Medium,Female,Single,Lower,6.0,6.0,0.501106,Not trusted,7.0,8.0,0.336010
Singapore,702001102,81.0,Urban,Medium,Male,Married,Lower,7.0,7.0,0.223063,Not trusted,5.0,5.0,0.224612
Singapore,702001103,60.0,Urban,Medium,Male,Single,Higher,7.0,4.0,0.299849,Trusted,10.0,7.0,0.090159
Singapore,702001104,81.0,Urban,Medium,Female,Married,Lower,8.0,5.0,0.434249,Trusted,10.0,7.0,0.083405
Singapore,702001105,26.0,Urban,Medium,Male,Married,Higher,4.0,4.0,0.623527,Not trusted,1.0,5.0,0.803041
Singapore,702001106,54.0,Urban,Medium,Male,Married,Higher,6.0,6.0,0.401999,Not trusted,5.0,6.0,0.117326
Singapore,702001107,55.0,Urban,Medium,Female,Married,Higher,10.0,8.0,0.395935,Trusted,8.0,8.0,0.319887
Singapore,702001108,30.0,Urban,Medium,Female,Widowed,Middle,8.0,5.0,0.396707,Trusted,4.0,6.0,0.368321
Singapore,702001109,55.0,Urban,Medium,Male,Single,Middle,5.0,5.0,0.503406,Not trusted,4.0,4.0,0.566272
Singapore,702001110,42.0,Urban,Medium,Female,Single,Lower,8.0,8.0,0.247087,Trusted,10.0,9.0,0.241167
Singapore,702001111,24.0,Urban,Medium,Male,Divorced,Higher,7.0,9.0,0.441880,Trusted,5.0,7.0,0.222276
Singapore,702001112,61.0,Urban,Medium,Male,Married,Higher,3.0,5.0,0.459806,Trusted,5.0,5.0,0.455697
Singapore,702001113,31.0,Urban,Medium,Female,Widowed,Higher,7.0,7.0,0.623020,Not trusted,1.0,5.0,0.431224
Singapore,702001114,27.0,Urban,Medium,Male,Married,Higher,8.0,10.0,0.572228,Not trusted,8.0,10.0,0.523999
Singapore,702001115,81.0,Urban,Medium,Female,Widowed,Lower,8.0,6.0,0.300759,Not trusted,5.0,6.0,0.341810
Singapore,702001116,36.0,Urban,Medium,Male,Married,Higher,8.0,10.0,0.587781,Not trusted,10.0,7.0,0.166078
Singapore,702001117,21.0,Urban,Medium,Male,Married,Middle,5.0,6.0,0.761834,Not trusted,8.0,2.0,0.288436
Singapore,702001118,46.0,Urban,Medium,Female,Single,Higher,7.0,7.0,0.481333,Not trusted,10.0,8.0,0.114193
Singapore,702001119,58.0,Urban,Medium,Male,Married,Higher,6.0,5.0,0.282690,Trusted,2.0,8.0,0.389239
Singapore,702001120,21.0,Urban,High,Female,Married,Higher,10.0,10.0,0.838996,Not trusted,7.0,9.0,0.614921
Singapore,702001121,27.0,Urban,Medium,Male,Single,Higher,5.0,4.0,0.347530,Not trusted,5.0,6.0,0.380479
Singapore,702001122,47.0,Urban,Medium,Male,Married,Middle,8.0,5.0,0.324979,Not trusted,9.0,7.0,0.188548
Singapore,702001123,49.0,Urban,Medium,Male,Single,Higher,7.0,7.0,0.338628,Not trusted,2.0,7.0,0.160347
Singapore,702001124,42.0,Urban,Low,Female,Married,Higher,8.0,7.0,0.241367,Not trusted,9.0,5.0,0.031922
Singapore,702001125,77.0,Urban,Medium,Female,Married,Middle,7.0,8.0,0.357809,Not trusted,8.0,7.0,0.194248
Singapore,702001126,27.0,Urban,,Female,Married,Higher,8.0,7.0,0.681508,Not trusted,10.0,6.0,0.206083
Singapore,702001127,22.0,Urban,Low,Male,Widowed,Higher,7.0,8.0,0.858324,Not trusted,5.0,3.0,0.345775
Singapore,702001128,48.0,Urban,Low,Female,Single,Lower,6.0,5.0,0.320656,Not trusted,5.0,3.0,0.500010
Singapore,702001129,82.0,Urban,Medium,Female,Married,Middle,10.0,7.0,0.419963,Trusted,5.0,9.0,0.219623
Singapore,702001130,31.0,Urban,,Female,Married,Middle,4.0,5.0,0.581724,Not trusted,8.0,3.0,0.538527
Singapore,702001131,25.0,Urban,High,Female,Married,Higher,5.0,7.0,0.436927,Not trusted,10.0,4.0,0.100412
Singapore,702001132,29.0,Urban,Low,Female,Single,Lower,10.0,10.0,0.316732,Trusted,5.0,8.0,0.254240
Singapore,702001133,60.0,Urban,Medium,Male,Single,Middle,8.0,9.0,0.216726,Trusted,5.0,7.0,0.325902
Singapore,702001134,47.0,Urban,Medium,Female,Married,Higher,4.0,2.0,0.413730,Trusted,2.0,4.0,0.488026
Singapore,702001135,59.0,Urban,Medium,Female,Married,Middle,7.0,5.0,0.456364,,10.0,8.0,0.250621
Singapore,702001136,29.0,Urban,Medium,Female,Widowed,Higher,7.0,7.0,0.696864,Trusted,5.0,5.0,0.410713
Singapore,702001137,63.0,Urban,Medium,Male,Married,Higher,7.0,6.0,0.478978,Not trusted,6.0,4.0,0.316876
Singapore,702001138,53.0,Urban,High,Female,Single,Middle,9.0,10.0,0.402812,Trusted,10.0,10.0,0.145535
Singapore,702001139,54.0,Urban,Low,Male,Married,Lower,7.0,8.0,0.418289,Not trusted,5.0,8.0,0.470360
Singapore,702001140,66.0,Urban,Low,Female,Married,Middle,10.0,6.0,0.332740,Not trusted,6.0,8.0,0.186682
Singapore,702001141,31.0,Urban,Medium,Male,Married,Middle,5.0,5.0,0.719087,Trusted,5.0,8.0,0.401277
Singapore,702001142,75.0,Urban,Medium,Male,Single,Middle,7.0,7.0,0.284359,Not trusted,5.0,7.0,0.147671
Singapore,702001143,61.0,Urban,Medium,Male,Married,Middle,8.0,5.0,0.082277,Not trusted,10.0,8.0,0.053472
Singapore,702001144,32.0,Urban,Medium,Female,Single,Higher,8.0,8.0,0.727119,Trusted,7.0,7.0,0.517753
Singapore,702001145,77.0,Urban,Low,Female,Single,Lower,5.0,7.0,0.405773,,8.0,4.0,0.301962
Singapore,702001146,72.0,Urban,Medium,Male,Married,Higher,10.0,8.0,0.643594,Not trusted,1.0,8.0,0.207628
Singapore,702001147,42.0,Urban,Medium,Male,Single,Higher,6.0,5.0,0.537513,Not trusted,8.0,9.0,0.134722
Singapore,702001148,55.0,Urban,Low,Female,Divorced,Lower,7.0,7.0,0.403480,Not trusted,5.0,8.0,0.187924
Singapore,702001149,50.0,Urban,Medium,Male,Married,Middle,7.0,7.0,0.337506,Not trusted,10.0,7.0,0.194952
Singapore,702001150,27.0,Urban,Low,Male,Single,Higher,6.0,4.0,0.699958,Not trusted,10.0,6.0,0.107673
Singapore,702001151,31.0,Urban,Medium,Female,Widowed,Higher,8.0,10.0,0.372326,Not trusted,8.0,5.0,0.289886
Singapore,702001152,22.0,Urban,Medium,Female,Living together as married,Higher,7.0,7.0,0.376117,Not trusted,5.0,7.0,0.115428
Singapore,702001153,37.0,Urban,High,Male,Married,Higher,8.0,8.0,0.385145,Trusted,10.0,6.0,0.245701
Singapore,702001154,45.0,Urban,Medium,Male,Widowed,Middle,7.0,5.0,0.261731,Not trusted,6.0,8.0,0.271555
Singapore,702001155,57.0,Urban,Medium,Female,Single,Lower,7.0,6.0,0.602514,Not trusted,6.0,3.0,0.418006
Singapore,702001156,64.0,Urban,Medium,Male,Single,Middle,8.0,7.0,0.334147,Not trusted,10.0,8.0,0.310511
Singapore,702001157,51.0,Urban,Medium,Male,Married,Higher,8.0,8.0,0.599661,Trusted,10.0,6.0,0.224981
Singapore,702001158,57.0,Urban,Medium,Female,Married,Higher,8.0,10.0,0.585340,Not trusted,8.0,7.0,0.483032
Singapore,702001159,47.0,Urban,Medium,Male,Married,Middle,6.0,5.0,0.287763,Trusted,7.0,7.0,0.063721
Singapore,702001160,43.0,Urban,Medium,Female,Married,Higher,8.0,9.0,0.293634,Trusted,10.0,7.0,0.073475
Singapore,702001161,63.0,Urban,Medium,Male,Married,Lower,10.0,8.0,0.438995,Not trusted,8.0,8.0,0.308572
Singapore,702001162,70.0,Urban,Medium,Female,Married,Middle,9.0,10.0,0.356823,Not trusted,5.0,10.0,0.194103
Singapore,702001163,34.0,Urban,Low,Male,Single,Lower,5.0,7.0,0.453206,Not trusted,10.0,5.0,0.152935
Singapore,702001164,54.0,Urban,Medium,Female,Married,Middle,8.0,5.0,0.464110,Trusted,10.0,7.0,0.142652
Singapore,702001165,54.0,Urban,Medium,Male,Married,Higher,8.0,6.0,0.313136,Trusted,8.0,7.0,0.176350
Singapore,702001166,69.0,Urban,Medium,Female,Single,Higher,9.0,10.0,0.496675,Trusted,10.0,9.0,0.247047
Singapore,702001167,23.0,Urban,Medium,Female,Married,Higher,3.0,7.0,0.355306,Trusted,10.0,1.0,0.309764
Singapore,702001168,49.0,Urban,Medium,Female,Divorced,Higher,7.0,8.0,0.626290,Not trusted,10.0,8.0,0.240419
Singapore,702001169,24.0,Urban,Medium,Female,Married,Higher,2.0,6.0,0.535792,Trusted,7.0,1.0,0.552872
Singapore,702001170,51.0,Urban,Medium,Male,Single,Higher,6.0,8.0,0.461777,Trusted,10.0,3.0,0.290345
Singapore,702001171,52.0,Urban,Medium,Female,Single,Lower,7.0,8.0,0.651697,Trusted,5.0,8.0,0.295398
Singapore,702001172,23.0,Urban,Medium,Female,Married,Higher,6.0,7.0,0.504955,Not trusted,4.0,7.0,0.467103
Singapore,702001173,58.0,Urban,Low,Male,Single,Lower,7.0,10.0,0.350282,Not trusted,7.0,8.0,0.132887
Singapore,702001174,79.0,Urban,Medium,Male,Single,Higher,7.0,8.0,0.397653,Not trusted,5.0,8.0,0.291026
Singapore,702001175,67.0,Urban,Low,Female,Single,Middle,9.0,8.0,0.586653,Trusted,7.0,7.0,0.466014
Singapore,702001176,57.0,Urban,Medium,Male,Married,Higher,7.0,6.0,0.672850,Not trusted,2.0,8.0,0.490839
Singapore,702001177,41.0,Urban,Medium,Male,Married,Higher,6.0,5.0,0.302406,Trusted,10.0,7.0,0.305867
Singapore,702001178,27.0,Urban,Low,Male,Married,Lower,7.0,5.0,0.631852,Not trusted,8.0,5.0,0.501671
Singapore,702001179,44.0,Urban,,Female,Single,Higher,6.0,5.0,0.374882,Trusted,5.0,7.0,0.449984
Singapore,702001180,42.0,Urban,Medium,Male,Married,Higher,5.0,5.0,0.485161,Trusted,8.0,4.0,0.238585
Singapore,702001181,55.0,Urban,Low,Male,Single,Higher,9.0,8.0,0.595273,Not trusted,6.0,8.0,0.084611
Singapore,702001182,58.0,Urban,Medium,Male,Married,Higher,8.0,8.0,0.276928,Not trusted,10.0,9.0,0.244944
Singapore,702001183,50.0,Urban,Medium,Female,Single,Higher,9.0,10.0,0.530581,Trusted,10.0,6.0,0.224000
Singapore,702001184,61.0,Urban,Medium,Male,Married,Middle,8.0,5.0,0.280951,Not trusted,10.0,7.0,0.345207
Singapore,702001185,42.0,Urban,Low,Female,Widowed,Middle,9.0,9.0,0.477552,,6.0,7.0,0.332427
Singapore,702001186,24.0,Urban,Medium,Female,Married,Higher,7.0,5.0,0.595943,Trusted,5.0,7.0,0.472815
Singapore,702001187,73.0,Urban,Low,Female,Single,Lower,8.0,8.0,0.251990,Not trusted,8.0,8.0,0.041881
Singapore,702001188,28.0,Urban,Medium,Female,Single,Higher,9.0,10.0,0.802791,Not trusted,3.0,7.0,0.489892
Singapore,702001189,22.0,Urban,Medium,Female,Married,Higher,10.0,9.0,0.439384,Trusted,8.0,10.0,0.490085
Singapore,702001190,42.0,Urban,Medium,Female,Married,Higher,10.0,8.0,0.306206,Trusted,8.0,10.0,0.097313
Singapore,702001191,33.0,Urban,Medium,Male,Married,Middle,5.0,5.0,0.641029,Not trusted,7.0,8.0,0.613159
Singapore,702001192,57.0,Urban,Low,Male,Single,Lower,8.0,7.0,0.287626,Trusted,4.0,7.0,0.215846
Singapore,702001193,28.0,Urban,High,Male,Married,Higher,6.0,8.0,0.525104,Not trusted,6.0,5.0,0.355160
Singapore,702001194,42.0,Urban,Low,Female,Married,Middle,5.0,1.0,0.542716,Not trusted,1.0,5.0,0.624281
Singapore,702001195,47.0,Urban,Medium,Female,Married,Middle,8.0,8.0,0.648228,Not trusted,5.0,6.0,0.283919
Singapore,702001196,45.0,Urban,Medium,Male,Single,Middle,5.0,8.0,0.465389,Not trusted,2.0,6.0,0.383958
Singapore,702001197,50.0,Urban,Medium,Male,Divorced,Lower,8.0,9.0,0.223687,Not trusted,1.0,8.0,
Singapore,702001198,28.0,Urban,Medium,Female,Widowed,Higher,7.0,6.0,0.679738,Not trusted,3.0,7.0,0.532738
Singapore,702001199,26.0,Urban,Medium,Female,Single,Higher,8.0,10.0,0.721429,Not trusted,1.0,9.0,0.461996
Singapore,702001200,64.0,Urban,Medium,Male,Married,Lower,7.0,7.0,0.370555,Not trusted,8.0,6.0,0.219088
Singapore,702001201,63.0,Urban,Medium,Male,Married,Higher,7.0,8.0,0.289038,Trusted,10.0,7.0,0.381585
Singapore,702001202,45.0,Urban,Medium,Male,Married,Middle,5.0,7.0,0.385183,Not trusted,5.0,7.0,0.238855
Singapore,702001203,74.0,Urban,Low,Female,Single,Middle,6.0,5.0,0.377050,Not trusted,5.0,7.0,0.157195
Singapore,702001204,22.0,Urban,Medium,Female,Single,Higher,6.0,5.0,0.330399,Trusted,3.0,6.0,0.514420
Singapore,702001205,41.0,Urban,Medium,Female,Married,Middle,8.0,8.0,0.605902,Not trusted,8.0,7.0,0.502043
Singapore,702001206,71.0,Urban,Low,Female,Single,Lower,5.0,5.0,0.247672,Not trusted,9.0,5.0,0.111379
Singapore,702001207,31.0,Urban,Low,Female,Married,Lower,1.0,1.0,0.313489,Not trusted,3.0,1.0,0.452991
Singapore,702001208,70.0,Urban,Medium,Male,Married,Middle,8.0,6.0,0.174960,Not trusted,9.0,5.0,0.208730
Singapore,702001209,68.0,Urban,Medium,Female,Single,Lower,8.0,7.0,0.388092,Not trusted,6.0,8.0,0.502319
Singapore,702001210,52.0,Urban,Low,Male,Married,Middle,8.0,,0.218982,Not trusted,10.0,10.0,0.039304
Singapore,702001211,31.0,Urban,Medium,Male,Single,Higher,7.0,6.0,0.525419,Trusted,5.0,5.0,0.479974
Singapore,702001212,28.0,Urban,Medium,Female,Widowed,Higher,7.0,6.0,0.444716,Not trusted,6.0,8.0,0.348278
Singapore,702001213,26.0,Urban,Low,Female,Married,Higher,3.0,6.0,0.795422,Not trusted,5.0,4.0,0.751351
Singapore,702001214,68.0,Urban,Low,Male,Separated,Lower,5.0,5.0,0.211831,Not trusted,10.0,1.0,0.201580
Singapore,702001215,28.0,Urban,Low,Female,Married,Lower,8.0,8.0,0.748956,Not trusted,1.0,6.0,0.627636
Singapore,702001216,47.0,Urban,Medium,Female,Married,Lower,7.0,8.0,0.448922,Trusted,1.0,6.0,0.425287
Singapore,702001217,58.0,Urban,Medium,Male,Single,Higher,8.0,7.0,0.491017,Trusted,6.0,9.0,0.259867
Singapore,702001218,52.0,Urban,Low,Male,Single,Middle,7.0,6.0,0.547525,Not trusted,5.0,6.0,0.354275
Singapore,702001219,72.0,Urban,Medium,Male,Married,Lower,10.0,10.0,0.222334,Not trusted,5.0,8.0,0.212572
Singapore,702001220,47.0,Urban,Low,Male,Widowed,Middle,7.0,6.0,0.595403,Not trusted,8.0,5.0,0.269971
Singapore,702001221,33.0,Urban,Medium,Female,Single,Higher,5.0,5.0,0.810224,Not trusted,1.0,7.0,0.564738
Singapore,702001222,67.0,Urban,Medium,Female,Married,Higher,4.0,5.0,0.574556,Trusted,5.0,8.0,0.240267
Singapore,702001223,44.0,Urban,Medium,Male,Married,Higher,8.0,8.0,0.499592,Trusted,8.0,8.0,0.364541
Singapore,702001224,33.0,Urban,Medium,Female,Single,Higher,5.0,5.0,0.539209,Not trusted,10.0,5.0,0.269137
Singapore,702001225,21.0,Urban,Medium,Female,Married,Higher,2.0,7.0,0.719481,Trusted,5.0,7.0,0.213426
Singapore,702001226,61.0,Urban,High,Male,Married,Higher,9.0,8.0,0.290352,Not trusted,10.0,7.0,0.162278
Singapore,702001227,24.0,Urban,Medium,Female,Single,,5.0,5.0,0.499863,Trusted,8.0,5.0,0.565891
Singapore,702001228,30.0,Urban,Medium,Female,Married,Higher,10.0,6.0,0.659504,Not trusted,10.0,8.0,0.028616
Singapore,702001229,54.0,Urban,Medium,Male,Married,Higher,10.0,10.0,0.436741,Not trusted,8.0,8.0,0.218628
Singapore,702001230,36.0,Urban,Low,Female,Married,Lower,8.0,8.0,0.747315,Not trusted,5.0,5.0,0.422522
Singapore,702001231,46.0,Urban,Low,Female,Married,Middle,3.0,1.0,0.482861,Not trusted,3.0,3.0,0.609346
Singapore,702001232,70.0,Urban,Low,Male,Married,Middle,7.0,6.0,0.388116,Trusted,8.0,6.0,0.292997
Singapore,702001233,55.0,Urban,Low,Male,Divorced,Middle,7.0,8.0,0.383031,Not trusted,7.0,7.0,0.332580
Singapore,702001234,61.0,Urban,Medium,Female,Married,Higher,5.0,5.0,0.445582,Not trusted,10.0,5.0,0.086513
Singapore,702001235,38.0,Urban,Medium,Female,Widowed,Higher,8.0,10.0,0.432636,Trusted,8.0,9.0,0.095160
Singapore,702001236,47.0,Urban,Low,Male,Married,Lower,5.0,4.0,0.252101,Trusted,7.0,2.0,0.275349
Singapore,702001237,43.0,Urban,Medium,Female,Single,Higher,7.0,5.0,0.407928,Trusted,10.0,7.0,0.364783
Singapore,702001238,64.0,Urban,Medium,Female,Single,Higher,6.0,8.0,0.753325,Not trusted,10.0,5.0,0.398250
Singapore,702001239,49.0,Urban,Medium,Male,Married,Lower,1.0,2.0,0.375134,Not trusted,2.0,2.0,0.260824
Singapore,702001240,26.0,Urban,Medium,Male,Married,Lower,7.0,8.0,0.690096,,3.0,8.0,0.363608
Singapore,702001241,55.0,Urban,Medium,Female,Single,Higher,7.0,4.0,0.396597,Trusted,10.0,8.0,0.477047
Singapore,702001242,53.0,Urban,Medium,Male,Married,Middle,8.0,8.0,0.628542,Not trusted,2.0,7.0,0.265976
Singapore,702001243,60.0,Urban,Medium,Female,Married,Middle,10.0,10.0,0.476363,Trusted,10.0,10.0,0.175383
Singapore,702001244,39.0,Urban,Medium,Female,Married,Higher,10.0,10.0,0.522535,Not trusted,6.0,10.0,0.468832
Singapore,702001245,78.0,Urban,Medium,Male,Single,Lower,6.0,7.0,0.180331,Not trusted,7.0,7.0,0.317858
Singapore,702001246,29.0,Urban,Medium,Female,Married,Higher,7.0,8.0,0.457572,Trusted,10.0,6.0,0.289134
Singapore,702001247,56.0,Urban,Medium,Female,Married,Middle,4.0,3.0,0.248931,Not trusted,10.0,5.0,0.388618
Singapore,702001248,46.0,Urban,Medium,Female,Single,Higher,5.0,2.0,0.446009,Trusted,3.0,5.0,0.376155
Singapore,702001249,29.0,Urban,Medium,Female,Married,Lower,8.0,8.0,0.392785,Trusted,9.0,6.0,0.239169
Singapore,702001250,57.0,Urban,Medium,Male,Married,Lower,8.0,6.0,0.203792,Not trusted,8.0,7.0,0.379216
Singapore,702001251,42.0,Urban,Medium,Female,Married,Lower,8.0,8.0,0.442940,Not trusted,10.0,6.0,0.127687
Singapore,702001252,44.0,Urban,Low,Male,Married,Middle,6.0,7.0,0.412872,Not trusted,5.0,6.0,0.452930
Singapore,702001253,43.0,Urban,Medium,Female,Single,Higher,6.0,7.0,0.480522,Trusted,2.0,6.0,0.349219
Singapore,702001254,46.0,Urban,Low,Male,Married,Higher,6.0,3.0,0.263004,Not trusted,3.0,6.0,0.559754
Singapore,702001255,33.0,Urban,Medium,Female,Married,Higher,1.0,3.0,0.426495,Not trusted,8.0,1.0,0.400531
Singapore,702001256,52.0,Urban,Medium,Female,Married,Higher,10.0,5.0,0.506187,Not trusted,4.0,8.0,0.511437
Singapore,702001257,40.0,Urban,Medium,Female,Married,Middle,7.0,7.0,0.505960,Not trusted,9.0,7.0,0.404202
Singapore,702001258,26.0,Urban,,Female,Married,Higher,5.0,6.0,0.585320,Trusted,3.0,10.0,0.392415
Singapore,702001259,24.0,Urban,Medium,Male,Married,Higher,3.0,7.0,0.595559,Trusted,5.0,2.0,0.272859
Singapore,702001260,26.0,Urban,Medium,Female,Married,Higher,5.0,5.0,0.759880,Trusted,9.0,6.0,0.519025
Singapore,702001261,51.0,Urban,Low,Male,Single,Middle,6.0,5.0,0.399864,Not trusted,4.0,7.0,0.390136
Singapore,702001262,34.0,Urban,Medium,Female,Married,Middle,8.0,10.0,0.409933,Not trusted,7.0,5.0,0.286481
Singapore,702001263,57.0,Urban,Medium,Female,Married,Higher,6.0,8.0,0.217501,Trusted,5.0,8.0,0.330394
Singapore,702001264,25.0,Urban,,Male,Married,Higher,7.0,7.0,0.600896,Not trusted,1.0,5.0,0.454266
Singapore,702001265,63.0,Urban,Low,Female,Married,Lower,8.0,7.0,0.172560,Not trusted,8.0,5.0,0.116941
Singapore,702001266,54.0,Urban,Medium,Male,Married,Middle,7.0,7.0,0.324413,Trusted,7.0,7.0,0.357545
Singapore,702001267,35.0,Urban,Medium,Male,Single,Higher,8.0,8.0,0.390121,Trusted,8.0,7.0,0.489349
Singapore,702001268,39.0,Urban,Medium,Female,Married,Middle,6.0,7.0,0.500190,Trusted,10.0,8.0,0.512427
Singapore,702001269,36.0,Urban,Low,Male,Single,Higher,5.0,6.0,0.456894,Not trusted,5.0,4.0,0.189626
Singapore,702001270,38.0,Urban,Medium,Male,Single,Higher,8.0,7.0,0.615219,Trusted,8.0,8.0,0.440720
Singapore,702001271,21.0,Urban,Medium,Female,Married,Higher,7.0,5.0,0.562235,Not trusted,9.0,8.0,0.237709
Singapore,702001272,73.0,Urban,Medium,Male,Married,Higher,8.0,8.0,0.456909,Not trusted,9.0,10.0,0.233143
Singapore,702001273,63.0,Urban,Medium,Female,Single,Lower,5.0,10.0,0.761705,Not trusted,5.0,8.0,0.380317
Singapore,702001274,60.0,Urban,High,Male,Married,Higher,9.0,8.0,0.311840,Trusted,10.0,8.0,0.000000
Singapore,702001275,21.0,Urban,Medium,Male,Single,Higher,10.0,8.0,0.879220,Not trusted,7.0,8.0,0.356461
Singapore,702001276,21.0,Urban,Low,Female,Single,Higher,5.0,7.0,0.493240,Not trusted,1.0,6.0,0.455862
Singapore,702001277,28.0,Urban,Medium,Female,Living together as married,Higher,9.0,9.0,0.835577,Trusted,6.0,7.0,0.251113
Singapore,702001278,64.0,Urban,Medium,Female,Married,Lower,8.0,7.0,0.327294,Not trusted,1.0,5.0,0.190544
Singapore,702001279,65.0,Urban,High,Female,Single,Higher,2.0,5.0,0.587010,Trusted,8.0,5.0,0.332410
Singapore,702001280,54.0,Urban,Low,Male,Single,Middle,7.0,3.0,0.362030,Not trusted,1.0,6.0,0.259824
Singapore,702001281,40.0,Urban,Medium,Female,Married,Higher,10.0,5.0,0.413973,Trusted,7.0,8.0,0.224148
Singapore,702001282,28.0,Urban,High,Female,Divorced,Higher,8.0,10.0,0.594082,Trusted,9.0,10.0,0.193469
Singapore,702001283,51.0,Urban,Medium,Female,Single,Middle,3.0,5.0,0.456581,Not trusted,8.0,3.0,0.399637
Singapore,702001284,72.0,Urban,Low,Male,Single,Lower,8.0,7.0,0.339633,Not trusted,1.0,7.0,0.264993
Singapore,702001285,51.0,Urban,Medium,Male,Married,Middle,7.0,4.0,0.410939,Not trusted,8.0,6.0,0.334527
Singapore,702001286,36.0,Urban,Medium,Male,Married,Higher,8.0,8.0,0.653342,Trusted,8.0,5.0,0.513897
Singapore,702001287,83.0,Urban,Medium,Female,Divorced,Lower,7.0,6.0,0.208225,Trusted,10.0,6.0,0.239443
Singapore,702001288,62.0,Urban,Low,Male,Single,Middle,7.0,8.0,0.468959,Not trusted,1.0,5.0,0.365383
Singapore,702001289,67.0,Urban,Medium,Female,Single,Middle,6.0,6.0,0.491744,Not trusted,7.0,2.0,0.164822
Singapore,702001290,63.0,Urban,,Female,Married,Middle,6.0,5.0,0.319810,Not trusted,9.0,7.0,0.400665
Singapore,702001291,26.0,Urban,Medium,Female,Single,Higher,7.0,9.0,0.796860,Trusted,3.0,8.0,0.234106
Singapore,702001292,52.0,Urban,Medium,Male,Married,Lower,3.0,6.0,0.193045,Not trusted,8.0,2.0,0.234738
Singapore,702001293,60.0,Urban,Medium,Male,Married,Higher,8.0,9.0,0.335559,Not trusted,8.0,5.0,0.243082
Singapore,702001294,66.0,Urban,Medium,Female,Married,Higher,7.0,8.0,0.305739,Not trusted,10.0,8.0,0.098536
Singapore,702001295,25.0,Urban,Medium,Male,Single,Higher,10.0,10.0,0.197224,Trusted,10.0,10.0,0.143161
Singapore,702001296,45.0,Urban,Medium,Female,Married,Middle,5.0,1.0,0.384137,Not trusted,10.0,4.0,0.171570
Singapore,702001297,58.0,Urban,Medium,Male,Single,Higher,7.0,8.0,0.530515,Not trusted,1.0,8.0,0.603226
Singapore,702001298,69.0,Urban,Medium,Male,Married,Higher,10.0,8.0,0.366958,Trusted,10.0,10.0,0.236389
Singapore,702001299,43.0,Urban,Medium,Male,Married,Lower,10.0,8.0,0.325417,Not trusted,7.0,7.0,0.234390
Singapore,702001300,41.0,Urban,Medium,Female,Single,Middle,7.0,5.0,0.506331,Not trusted,4.0,7.0,0.478871
Singapore,702001301,74.0,Urban,Medium,Female,Single,Middle,9.0,7.0,0.274529,Trusted,10.0,7.0,0.371935
Singapore,702001302,29.0,Urban,Medium,Female,Married,Higher,5.0,5.0,0.609751,Not trusted,5.0,5.0,0.545053
Singapore,702001303,59.0,Urban,Medium,Male,Married,Higher,9.0,8.0,0.287526,Trusted,10.0,8.0,0.108161
Singapore,702001304,38.0,Urban,Medium,Male,Married,Higher,9.0,10.0,0.369167,Not trusted,10.0,6.0,0.436168
Singapore,702001305,50.0,Urban,Medium,Male,Single,Middle,6.0,7.0,0.408572,Trusted,10.0,5.0,0.296776
Singapore,702001306,53.0,Urban,Medium,Female,Married,Lower,5.0,7.0,0.387946,Not trusted,10.0,5.0,0.262114
Singapore,702001307,56.0,Urban,Medium,Male,Married,Middle,10.0,9.0,0.340542,Not trusted,8.0,10.0,0.384139
Singapore,702001308,51.0,Urban,Medium,Female,Married,Middle,4.0,7.0,0.344496,Not trusted,10.0,7.0,0.197498
Singapore,702001309,32.0,Urban,Low,Female,Widowed,Middle,8.0,7.0,0.483098,Trusted,1.0,7.0,0.560318
Singapore,702001310,44.0,Urban,Medium,Male,Married,Higher,8.0,8.0,0.296482,Not trusted,10.0,10.0,0.225143
Singapore,702001311,52.0,Urban,Medium,Female,Married,Higher,9.0,6.0,0.410145,Not trusted,9.0,5.0,0.149761
Singapore,702001312,25.0,Urban,Medium,Female,Married,Higher,7.0,8.0,0.447097,Trusted,6.0,8.0,0.495508
Singapore,702001313,48.0,Urban,Medium,Male,Single,Higher,7.0,2.0,0.382472,Not trusted,10.0,6.0,0.171653
Singapore,702001314,55.0,Urban,Medium,Female,Single,Lower,7.0,7.0,0.411370,Trusted,8.0,5.0,0.330355
Singapore,702001315,63.0,Urban,,Female,Married,Higher,8.0,7.0,0.352639,Not trusted,3.0,7.0,0.475434
Singapore,702001316,23.0,Urban,Medium,Male,Separated,Higher,4.0,3.0,0.326858,Trusted,7.0,6.0,0.162837
Singapore,702001317,61.0,Urban,Medium,Male,Married,Lower,8.0,7.0,0.287242,Not trusted,6.0,7.0,0.156889
Singapore,702001318,64.0,Urban,Low,Male,Single,Lower,5.0,7.0,0.398905,Not trusted,1.0,5.0,0.307467
Singapore,702001319,34.0,Urban,Medium,Female,Married,Higher,5.0,7.0,0.438012,Trusted,1.0,7.0,0.579704
Singapore,702001320,33.0,Urban,Medium,Male,Divorced,Lower,5.0,3.0,0.471416,Not trusted,5.0,2.0,0.152403
Singapore,702001321,69.0,Urban,Low,Female,Married,Lower,8.0,7.0,0.474063,Not trusted,1.0,7.0,0.460725
Singapore,702001322,52.0,Urban,Medium,Female,Married,Higher,8.0,8.0,0.362048,Not trusted,10.0,7.0,0.370563
Singapore,702001323,26.0,Urban,Medium,Male,Married,Middle,5.0,5.0,0.209974,Not trusted,9.0,8.0,0.181564
Singapore,702001324,63.0,Urban,Medium,Female,Married,Higher,9.0,5.0,0.402022,Trusted,10.0,8.0,0.243564
Singapore,702001325,40.0,Urban,Medium,Female,Married,Higher,7.0,8.0,0.362434,Trusted,10.0,8.0,0.217951
Singapore,702001326,80.0,Urban,Low,Male,Married,Higher,9.0,9.0,0.444739,Not trusted,1.0,7.0,0.491995
Singapore,702001327,63.0,Urban,Medium,Male,Married,Higher,5.0,5.0,0.406807,Not trusted,10.0,6.0,0.169763
Singapore,702001328,54.0,Urban,Medium,Female,Single,Lower,9.0,10.0,0.251189,Trusted,1.0,8.0,0.308767
Singapore,702001329,59.0,Urban,High,Male,Married,Higher,8.0,5.0,0.369821,Trusted,10.0,10.0,0.124350
Singapore,702001330,48.0,Urban,Medium,Female,Widowed,Middle,8.0,8.0,0.649492,Not trusted,5.0,8.0,0.318458
Singapore,702001331,25.0,Urban,Medium,Male,Single,Higher,10.0,8.0,0.510886,Not trusted,10.0,8.0,0.270033
Singapore,702001332,82.0,Urban,Low,Female,Married,Lower,8.0,7.0,0.315448,Not trusted,8.0,8.0,0.170746
Singapore,702001333,56.0,Urban,Medium,Male,Married,Middle,7.0,5.0,0.243297,Not trusted,8.0,8.0,0.280840
Singapore,702001334,66.0,Urban,Medium,Male,Single,Higher,7.0,7.0,0.354988,Not trusted,3.0,8.0,0.307522
Singapore,702001335,68.0,Urban,Low,Female,Married,Lower,7.0,5.0,0.356072,Not trusted,10.0,7.0,0.262750
Singapore,702001336,21.0,Urban,Medium,Female,Married,Higher,6.0,8.0,0.640820,Not trusted,3.0,5.0,0.487307
Singapore,702001337,51.0,Urban,Low,Female,Single,Lower,7.0,7.0,0.414420,Not trusted,4.0,5.0,0.406823
Singapore,702001338,21.0,Urban,Medium,Female,Married,Higher,10.0,10.0,0.728142,Not trusted,5.0,8.0,0.309978
Singapore,702001339,32.0,Urban,,Male,Married,Middle,5.0,5.0,0.443820,Not trusted,2.0,5.0,0.322123
Singapore,702001340,59.0,Urban,Medium,Male,Single,Lower,5.0,5.0,0.217851,Not trusted,5.0,3.0,0.466758
Singapore,702001341,64.0,Urban,Medium,Female,Married,Middle,9.0,7.0,0.438579,Not trusted,8.0,9.0,0.150457
Singapore,702001342,67.0,Urban,Medium,Female,Married,Middle,7.0,5.0,0.614830,Not trusted,5.0,7.0,0.331430
Singapore,702001343,81.0,Urban,Low,Male,Married,Lower,5.0,6.0,0.498335,Not trusted,1.0,4.0,0.644191
Singapore,702001344,31.0,Urban,Medium,Male,Married,Higher,5.0,6.0,0.458746,Trusted,10.0,6.0,0.090524
Singapore,702001345,67.0,Urban,Medium,Female,Single,Higher,8.0,7.0,0.309296,Not trusted,10.0,8.0,0.216024
Singapore,702001346,54.0,Urban,Low,Female,Married,Middle,4.0,1.0,0.527476,Not trusted,1.0,1.0,0.507625
Singapore,702001347,40.0,Urban,Low,Female,Married,Higher,7.0,7.0,0.543425,Trusted,1.0,5.0,0.611538
Singapore,702001348,22.0,Urban,Medium,Male,Single,Middle,7.0,8.0,0.478575,Not trusted,10.0,6.0,0.189025
Singapore,702001349,64.0,Urban,Medium,Male,Married,Higher,7.0,8.0,0.402176,Not trusted,8.0,8.0,0.288048
Singapore,702001350,68.0,Urban,Medium,Female,Single,Lower,7.0,6.0,0.311521,Not trusted,10.0,6.0,0.217024
Singapore,702001351,45.0,Urban,Medium,Male,Married,Higher,8.0,9.0,0.644307,Not trusted,1.0,5.0,0.527842
Singapore,702001352,42.0,Urban,Medium,Male,Single,Higher,5.0,6.0,0.352039,Trusted,10.0,2.0,0.323881
Singapore,702001353,82.0,Urban,Medium,Male,Married,Middle,6.0,5.0,0.240835,Not trusted,5.0,7.0,0.091037
Singapore,702001354,74.0,Urban,Medium,Male,Married,Middle,6.0,7.0,0.524150,Trusted,10.0,7.0,0.284351
Singapore,702001355,30.0,Urban,Low,Male,Widowed,Middle,7.0,8.0,0.178671,Not trusted,7.0,5.0,0.154895
Singapore,702001356,64.0,Urban,Medium,Male,Widowed,Higher,3.0,5.0,0.292736,Not trusted,1.0,7.0,0.431124
Singapore,702001357,55.0,Urban,Medium,Female,Married,Higher,7.0,8.0,0.601204,Not trusted,8.0,5.0,0.269378
Singapore,702001358,55.0,Urban,Medium,Female,Single,Higher,7.0,7.0,0.220971,Not trusted,7.0,6.0,0.095081
Singapore,702001359,48.0,Urban,High,Female,Married,Higher,3.0,6.0,0.524988,Trusted,2.0,6.0,0.607493
Singapore,702001360,54.0,Urban,Medium,Male,Married,Middle,10.0,8.0,0.565100,Trusted,10.0,10.0,0.282682
Singapore,702001361,54.0,Urban,High,Male,Married,Higher,9.0,10.0,0.518964,Not trusted,1.0,7.0,0.299335
Singapore,702001362,44.0,Urban,Medium,Male,Married,Middle,8.0,6.0,0.561881,Trusted,10.0,7.0,0.699058
Singapore,702001363,26.0,Urban,Medium,Male,Married,Higher,7.0,9.0,0.240389,Not trusted,4.0,6.0,0.342978
Singapore,702001364,43.0,Urban,Low,Male,Married,Middle,9.0,7.0,0.730683,Not trusted,5.0,7.0,0.433629
Singapore,702001365,36.0,Urban,Medium,Male,Single,Higher,6.0,6.0,0.743089,Not trusted,1.0,5.0,0.342439
Singapore,702001366,57.0,Urban,Medium,Female,Married,Middle,8.0,7.0,0.284309,Trusted,10.0,4.0,0.196003
Singapore,702001367,29.0,Urban,Medium,Female,Single,Higher,6.0,8.0,0.720635,Trusted,3.0,8.0,0.718603
Singapore,702001368,46.0,Urban,Medium,Male,Married,Higher,7.0,6.0,0.358322,Trusted,1.0,6.0,0.556132
Singapore,702001369,48.0,Urban,Low,Male,Widowed,Middle,9.0,10.0,0.407879,Not trusted,10.0,7.0,0.518622
Singapore,702001370,32.0,Urban,Medium,Female,Married,Higher,8.0,8.0,0.357788,Trusted,10.0,8.0,0.152926
Singapore,702001371,44.0,Urban,Medium,Female,Married,Higher,8.0,8.0,0.387369,Trusted,6.0,7.0,0.389134
Singapore,702001372,54.0,Urban,Medium,Male,Widowed,Higher,6.0,5.0,0.255291,Not trusted,8.0,8.0,0.137372
Singapore,702001373,22.0,Urban,Medium,Male,Single,Higher,5.0,8.0,0.443567,Not trusted,6.0,7.0,0.491252
Singapore,702001374,55.0,Urban,Medium,Female,Married,Higher,10.0,7.0,0.275186,Not trusted,10.0,7.0,0.010399
Singapore,702001375,46.0,Urban,Medium,Female,Married,Higher,7.0,6.0,0.495886,Not trusted,10.0,7.0,0.464392
Singapore,702001376,41.0,Urban,Medium,Female,Married,Higher,7.0,7.0,0.260595,Not trusted,2.0,5.0,0.323104
Singapore,702001377,30.0,Urban,Medium,Male,Married,Higher,10.0,10.0,0.501813,Not trusted,5.0,8.0,0.380137
Singapore,702001378,33.0,Urban,Medium,Male,Married,Higher,7.0,6.0,0.474946,Not trusted,3.0,4.0,0.215277
Singapore,702001379,48.0,Urban,Medium,Female,Single,Higher,6.0,7.0,0.727487,Not trusted,5.0,7.0,0.173793
Singapore,702001380,61.0,Urban,Low,Male,Married,Higher,4.0,4.0,0.233021,Trusted,2.0,4.0,0.271438
Singapore,702001381,42.0,Urban,Medium,Female,Married,Higher,7.0,5.0,0.713692,Trusted,8.0,5.0,0.598139
Singapore,702001382,26.0,Urban,High,Male,Married,Higher,10.0,8.0,0.479193,Not trusted,10.0,10.0,0.254692
Singapore,702001383,53.0,Urban,Medium,Female,Separated,Lower,9.0,8.0,0.384034,Not trusted,5.0,10.0,0.458792
Singapore,702001384,33.0,Urban,Medium,Male,Single,Middle,7.0,4.0,0.736870,Trusted,,5.0,0.475930
Singapore,702001385,67.0,Urban,Medium,Female,Married,Lower,8.0,9.0,0.428620,Not trusted,10.0,7.0,0.192842
Singapore,702001386,31.0,Urban,Medium,Male,Married,Higher,4.0,1.0,0.722225,Not trusted,10.0,4.0,0.353574
Singapore,702001387,50.0,Urban,Medium,Male,Single,Lower,8.0,7.0,0.736594,Not trusted,5.0,6.0,0.406845
Singapore,702001388,51.0,Urban,Medium,Female,Single,Middle,7.0,6.0,0.612391,Not trusted,10.0,4.0,0.256282
Singapore,702001389,54.0,Urban,Medium,Male,Married,Higher,8.0,6.0,0.369096,Not trusted,10.0,8.0,0.202056
Singapore,702001390,74.0,Urban,Low,Female,Single,Lower,7.0,7.0,0.377263,Not trusted,5.0,6.0,0.186850
Singapore,702001391,45.0,Urban,Medium,Male,Single,Higher,7.0,7.0,0.535534,Not trusted,10.0,7.0,0.323887
Singapore,702001392,41.0,Urban,Medium,Female,Single,Middle,5.0,1.0,0.458481,Not trusted,3.0,6.0,0.426150
Singapore,702001393,27.0,Urban,Medium,Female,Single,Higher,7.0,9.0,0.387619,Not trusted,9.0,6.0,0.286659
Singapore,702001394,39.0,Urban,Medium,Female,Married,Higher,7.0,7.0,0.293880,Trusted,5.0,7.0,0.354059
Singapore,702001395,47.0,Urban,Medium,Male,Married,Higher,8.0,5.0,0.544118,Trusted,10.0,6.0,0.440956
Singapore,702001396,41.0,Urban,Medium,Female,Living together as married,Higher,7.0,8.0,0.267161,Not trusted,5.0,4.0,0.218897
Singapore,702001397,54.0,Urban,Medium,Female,Single,Higher,8.0,7.0,0.482632,Trusted,8.0,9.0,0.402176
Singapore,702001398,61.0,Urban,Medium,Female,Married,Higher,8.0,8.0,0.578532,Not trusted,6.0,7.0,0.217194
Singapore,702001399,57.0,Urban,High,Female,Married,Higher,7.0,7.0,0.392805,Not trusted,5.0,8.0,0.176543
Singapore,702001400,34.0,Urban,Medium,Female,Married,Higher,5.0,8.0,0.479675,Not trusted,7.0,3.0,0.415754
Singapore,702001401,30.0,Urban,Medium,Male,Widowed,Higher,10.0,10.0,0.851154,Trusted,5.0,8.0,0.361504
Singapore,702001402,23.0,Urban,Low,Female,Single,Higher,6.0,5.0,0.591558,Not trusted,10.0,4.0,0.273888
Singapore,702001403,46.0,Urban,Medium,Male,Single,Higher,10.0,9.0,0.775590,Trusted,7.0,10.0,0.335048
Singapore,702001404,49.0,Urban,Medium,Female,Widowed,Middle,6.0,3.0,0.240574,Not trusted,1.0,5.0,0.239584
Singapore,702001405,55.0,Urban,Medium,Female,Single,Middle,10.0,8.0,0.494557,Not trusted,9.0,9.0,0.180074
Singapore,702001406,68.0,Urban,Medium,Male,Married,Middle,8.0,5.0,0.427742,Not trusted,6.0,7.0,0.151433
Singapore,702001407,81.0,Urban,Low,Female,Divorced,Lower,10.0,10.0,0.191944,Not trusted,10.0,8.0,0.096620
Singapore,702001408,46.0,Urban,,Male,Married,Higher,7.0,7.0,0.394952,Not trusted,10.0,7.0,0.159470
Singapore,702001409,46.0,Urban,Low,Male,Single,Higher,9.0,9.0,0.373150,Not trusted,5.0,8.0,0.220569
Singapore,702001410,47.0,Urban,Medium,Female,Single,Higher,7.0,6.0,0.139796,Trusted,10.0,8.0,0.127824
Singapore,702001411,21.0,Urban,Medium,Male,Married,Higher,9.0,7.0,0.560024,Trusted,8.0,8.0,0.266662
Singapore,702001412,67.0,Urban,Medium,Male,Divorced,Middle,10.0,8.0,0.221346,Trusted,9.0,10.0,0.099849
Singapore,702001413,38.0,Urban,Medium,Female,Married,Middle,7.0,8.0,0.461927,Not trusted,10.0,7.0,0.456474
Singapore,702001414,41.0,Urban,Medium,Male,Married,Higher,7.0,8.0,0.644020,Not trusted,2.0,8.0,0.569856
Singapore,702001415,60.0,Urban,Low,Female,Married,Middle,3.0,3.0,0.399443,Not trusted,9.0,1.0,0.510934
Singapore,702001416,32.0,Urban,Medium,Female,Married,Middle,4.0,3.0,0.516872,Trusted,7.0,5.0,0.206022
Singapore,702001417,53.0,Urban,Medium,Female,Married,Middle,7.0,4.0,0.445052,Not trusted,7.0,7.0,0.517022
Singapore,702001418,40.0,Urban,High,Female,Married,Higher,5.0,7.0,0.679259,,1.0,6.0,0.443095
Singapore,702001419,30.0,Urban,Medium,Female,Single,Higher,5.0,5.0,0.955092,Not trusted,1.0,5.0,0.363592
Singapore,702001420,35.0,Urban,Medium,Male,Married,Lower,6.0,1.0,0.598609,Not trusted,5.0,5.0,0.246446
Singapore,702001421,57.0,Urban,Medium,Male,Married,Middle,8.0,8.0,0.423661,Not trusted,2.0,8.0,0.342538
Singapore,702001422,71.0,Urban,Medium,Male,Single,Higher,8.0,10.0,0.368598,Trusted,2.0,10.0,0.214298
Singapore,702001423,43.0,Urban,Medium,Male,Married,Lower,5.0,2.0,0.262441,Not trusted,5.0,2.0,0.227753
Singapore,702001424,73.0,Urban,Low,Male,Single,Lower,10.0,10.0,0.437145,Not trusted,2.0,6.0,0.103461
Singapore,702001425,54.0,Urban,,Female,Widowed,Middle,7.0,5.0,0.332449,Not trusted,7.0,6.0,0.470390
Singapore,702001426,38.0,Urban,Medium,Female,Single,Higher,9.0,8.0,0.273371,Not trusted,6.0,10.0,0.407900
Singapore,702001427,54.0,Urban,Medium,Male,Single,Higher,4.0,5.0,0.734985,Trusted,10.0,4.0,0.138738
Singapore,702001428,44.0,Urban,Medium,Male,Married,Lower,7.0,6.0,0.377404,Not trusted,1.0,5.0,0.321848
Singapore,702001429,68.0,Urban,Medium,Female,Married,Higher,8.0,8.0,0.408543,Not trusted,10.0,8.0,0.381679
Singapore,702001430,50.0,Urban,Medium,Female,Married,Higher,8.0,7.0,0.567049,Trusted,7.0,8.0,0.155241
Singapore,702001431,30.0,Urban,Medium,Male,Single,Higher,7.0,8.0,0.416359,Trusted,10.0,8.0,0.503558
Singapore,702001432,58.0,Urban,Medium,Female,Married,Middle,8.0,7.0,0.369106,Not trusted,9.0,7.0,0.229489
Singapore,702001433,53.0,Urban,Medium,Male,Single,Higher,8.0,9.0,0.767049,Trusted,8.0,10.0,0.438087
Singapore,702001434,23.0,Urban,Low,Female,Married,Higher,4.0,6.0,0.740347,Not trusted,5.0,4.0,0.576578
Singapore,702001435,25.0,Urban,Medium,Female,Married,Higher,10.0,7.0,0.756922,Trusted,8.0,8.0,0.296803
Singapore,702001436,27.0,Urban,Low,Female,Married,Higher,4.0,5.0,0.671076,Not trusted,10.0,3.0,0.339709
Singapore,702001437,42.0,Urban,Medium,Female,Married,Higher,6.0,5.0,0.276362,Not trusted,5.0,8.0,0.447692
Singapore,702001438,34.0,Urban,Medium,Male,Single,Middle,6.0,3.0,0.339475,Trusted,8.0,5.0,0.232695
Singapore,702001439,39.0,Urban,Medium,Female,Married,Higher,8.0,8.0,0.600407,Trusted,5.0,9.0,0.460982
Singapore,702001440,39.0,Urban,Medium,Female,Married,Higher,9.0,8.0,0.544885,Trusted,9.0,7.0,0.437183
Singapore,702001441,35.0,Urban,Medium,Male,Married,Higher,8.0,8.0,0.530325,Trusted,10.0,8.0,0.016966
Singapore,702001442,22.0,Urban,Low,Female,Single,Higher,8.0,8.0,0.737128,Not trusted,8.0,8.0,0.323907
Singapore,702001443,60.0,Urban,Medium,Male,Married,Higher,5.0,4.0,0.411358,Not trusted,4.0,8.0,0.678215
Singapore,702001444,38.0,Urban,Medium,Female,Married,Middle,8.0,5.0,0.643853,Trusted,8.0,7.0,0.152894
Singapore,702001445,24.0,Urban,Medium,Female,Married,Higher,8.0,7.0,0.772026,Trusted,1.0,6.0,0.458464
Singapore,702001446,66.0,Urban,Medium,Female,Married,Higher,10.0,10.0,,Trusted,10.0,9.0,0.009188
Singapore,702001447,61.0,Urban,Medium,Female,Single,Higher,5.0,5.0,0.700188,Not trusted,1.0,6.0,0.223284
Singapore,702001448,27.0,Urban,Medium,Male,Single,Higher,7.0,7.0,0.635333,Trusted,6.0,7.0,0.632475
Singapore,702001449,61.0,Urban,Medium,Male,Married,Higher,8.0,9.0,0.297519,Not trusted,4.0,10.0,0.048993
Singapore,702001450,57.0,Urban,Medium,Male,Married,Middle,5.0,6.0,0.204672,Not trusted,10.0,6.0,0.273664
Singapore,702001451,55.0,Urban,Medium,Male,Single,Lower,7.0,8.0,0.514797,Trusted,4.0,6.0,0.294214
Singapore,702001452,34.0,Urban,Medium,Female,Living together as married,Higher,8.0,5.0,0.385827,Trusted,9.0,7.0,0.349008
Singapore,702001453,28.0,Urban,Medium,Female,Single,Higher,4.0,7.0,0.695141,Not trusted,9.0,6.0,0.628514
Singapore,702001454,45.0,Urban,Medium,Male,Single,Higher,2.0,4.0,0.642388,Not trusted,5.0,2.0,0.249301
Singapore,702001455,39.0,Urban,Medium,Male,Married,Higher,10.0,8.0,0.554417,Trusted,10.0,8.0,0.421807
Singapore,702001456,71.0,Urban,Medium,Male,Single,Middle,7.0,4.0,0.352765,Trusted,4.0,7.0,0.253332
Singapore,702001457,71.0,Urban,Medium,Male,Divorced,Higher,8.0,8.0,0.226910,Trusted,7.0,7.0,0.116083
Singapore,702001458,25.0,Urban,Medium,Female,Single,Higher,7.0,9.0,0.764380,Not trusted,7.0,6.0,0.576694
Singapore,702001459,38.0,Urban,Medium,Male,Married,Higher,6.0,5.0,0.323498,Not trusted,8.0,7.0,0.438021
Singapore,702001460,36.0,Urban,Medium,Female,Single,Higher,9.0,7.0,0.392202,Trusted,7.0,7.0,0.502260
Singapore,702001461,38.0,Urban,Medium,Male,Married,Higher,6.0,6.0,0.314844,Trusted,10.0,8.0,0.276772
Singapore,702001462,74.0,Urban,Medium,Female,Married,Middle,8.0,9.0,0.407782,Not trusted,9.0,9.0,0.207400
Singapore,702001463,43.0,Urban,Medium,Male,Single,Middle,8.0,8.0,0.654094,Not trusted,5.0,6.0,0.459488
Singapore,702001464,22.0,Urban,Medium,Male,Married,Higher,10.0,10.0,0.960417,Trusted,10.0,10.0,0.197422
Singapore,702001465,47.0,Urban,Medium,Female,Married,Middle,7.0,8.0,0.430583,Not trusted,1.0,7.0,0.275948
Singapore,702001466,22.0,Urban,Medium,Male,Married,Higher,7.0,6.0,0.891533,Not trusted,6.0,7.0,0.460045
Singapore,702001467,56.0,Urban,Medium,Female,Married,Middle,8.0,8.0,0.291877,Not trusted,8.0,8.0,0.202411
Singapore,702001468,58.0,Urban,,Female,Married,Middle,8.0,10.0,0.564553,Not trusted,10.0,9.0,0.097770
Singapore,702001469,38.0,Urban,Medium,Female,Widowed,Higher,8.0,7.0,0.413659,Not trusted,10.0,8.0,0.225958
Singapore,702001470,50.0,Urban,Medium,Female,Single,Lower,8.0,8.0,0.414380,Not trusted,5.0,8.0,0.308036
Singapore,702001471,36.0,Urban,Medium,Female,Widowed,Middle,7.0,7.0,0.534582,Not trusted,5.0,6.0,0.222086
Singapore,702001472,30.0,Urban,Medium,Male,Single,Middle,7.0,7.0,0.319867,Not trusted,1.0,6.0,0.399078
Singapore,702001473,45.0,Urban,Medium,Male,Single,Higher,5.0,7.0,0.388372,Trusted,6.0,7.0,0.384207
Singapore,702001474,40.0,Urban,Medium,Female,Married,Higher,7.0,5.0,0.778537,Trusted,6.0,7.0,0.235389
Singapore,702001475,26.0,Urban,Low,Male,Single,Lower,7.0,5.0,0.512505,Not trusted,10.0,5.0,0.121186
Singapore,702001476,36.0,Urban,High,Male,Married,Higher,9.0,10.0,0.480398,Not trusted,7.0,7.0,0.429574
Singapore,702001477,47.0,Urban,High,Female,Divorced,Higher,3.0,5.0,0.234112,Trusted,5.0,6.0,0.470782
Singapore,702001478,35.0,Urban,Medium,Male,Single,Higher,10.0,8.0,0.638815,Trusted,5.0,10.0,0.218802
Singapore,702001479,71.0,Urban,Low,Male,Married,Middle,7.0,10.0,0.359076,Not trusted,6.0,5.0,0.590660
Singapore,702001480,45.0,Urban,Low,Male,Married,Middle,10.0,10.0,0.531511,Not trusted,7.0,7.0,0.361277
Singapore,702001481,29.0,Urban,Medium,Female,Widowed,Higher,7.0,8.0,0.453858,Trusted,8.0,7.0,0.330272
Singapore,702001482,53.0,Urban,Medium,Male,Married,Lower,9.0,7.0,0.224091,Not trusted,10.0,8.0,0.000000
Singapore,702001483,50.0,Urban,Medium,Male,Married,Middle,3.0,5.0,0.511470,Not trusted,5.0,2.0,0.349198
Singapore,702001484,69.0,Urban,Medium,Male,Single,Higher,6.0,7.0,0.408411,Not trusted,10.0,7.0,0.287354
Singapore,702001485,31.0,Urban,High,Female,Married,Higher,9.0,8.0,0.356065,Trusted,7.0,9.0,0.180270
Singapore,702001486,22.0,Urban,Medium,Male,Married,Higher,5.0,5.0,0.666862,Trusted,4.0,3.0,0.543221
Singapore,702001487,36.0,Urban,Medium,Female,Married,Middle,7.0,5.0,0.460630,Not trusted,9.0,6.0,0.349838
Singapore,702001488,51.0,Urban,Low,Female,Married,Higher,9.0,7.0,0.256004,Not trusted,6.0,7.0,0.219340
Singapore,702001489,24.0,Urban,Low,Female,Single,Middle,7.0,6.0,0.641625,Not trusted,5.0,7.0,0.386241
Singapore,702001490,60.0,Urban,Medium,Female,Married,Higher,5.0,5.0,0.486519,Trusted,1.0,3.0,0.501513
Singapore,702001491,67.0,Urban,Low,Male,Married,Lower,9.0,10.0,0.371017,Not trusted,5.0,5.0,0.240630
Singapore,702001492,23.0,Urban,Medium,Female,Married,Higher,7.0,8.0,0.332675,Trusted,8.0,4.0,0.430813
Singapore,702001493,57.0,Urban,Low,Female,Married,Lower,8.0,6.0,0.260042,Not trusted,3.0,9.0,0.331716
Singapore,702001494,53.0,Urban,Low,Female,Married,Lower,8.0,7.0,0.283766,Not trusted,5.0,7.0,0.172260
Singapore,702001495,41.0,Urban,,Male,Divorced,Higher,10.0,8.0,0.281875,Trusted,10.0,9.0,0.155595
Singapore,702001496,30.0,Urban,Low,Female,Living together as married,Higher,8.0,5.0,0.280238,Not trusted,2.0,8.0,0.211686
Singapore,702001497,63.0,Urban,Low,Male,Married,Middle,8.0,10.0,0.263804,Not trusted,6.0,10.0,0.157514
Singapore,702001498,46.0,Urban,Medium,Male,Single,Middle,9.0,8.0,0.587627,Trusted,8.0,8.0,0.366574
Singapore,702001499,68.0,Urban,Medium,Female,Married,Middle,7.0,7.0,0.080472,Trusted,10.0,7.0,0.090063
Singapore,702001500,24.0,Urban,Medium,Male,Married,Middle,8.0,7.0,0.427920,Not trusted,10.0,7.0,0.506886
Singapore,702001501,68.0,Urban,Medium,Female,Married,Higher,9.0,7.0,0.254786,Trusted,10.0,7.0,0.071683
Singapore,702001502,32.0,Urban,Medium,Female,Divorced,Higher,6.0,7.0,0.556462,Not trusted,10.0,6.0,0.668685
Singapore,702001503,70.0,Urban,Medium,Female,Married,Middle,10.0,8.0,0.210162,Not trusted,2.0,9.0,0.266022
Singapore,702001504,27.0,Urban,Medium,Female,Single,Higher,5.0,7.0,0.684414,Trusted,3.0,5.0,0.583978
Singapore,702001505,33.0,Urban,High,Male,Married,Higher,10.0,9.0,0.407694,Not trusted,10.0,10.0,0.148721
Singapore,702001506,33.0,Urban,Medium,Male,Married,Higher,8.0,10.0,0.498190,Not trusted,4.0,9.0,0.435457
Singapore,702001507,71.0,Urban,Low,Male,Married,Lower,5.0,5.0,0.362790,Not trusted,5.0,7.0,0.316555
Singapore,702001508,68.0,Urban,Low,Male,Living together as married,Lower,10.0,8.0,0.278839,Not trusted,8.0,10.0,0.077516
Singapore,702001509,24.0,Urban,Low,Female,Married,Higher,6.0,6.0,0.576051,Trusted,10.0,7.0,0.270340
Singapore,702001510,51.0,Urban,High,Male,Single,Higher,8.0,9.0,0.312602,Not trusted,3.0,7.0,0.357181
Singapore,702001511,63.0,Urban,Medium,Male,Single,Lower,8.0,9.0,,Not trusted,7.0,7.0,0.302820
Singapore,702001512,71.0,Urban,Low,Male,Single,Lower,7.0,9.0,0.457462,Not trusted,4.0,8.0,0.208247
Singapore,702001513,48.0,Urban,Medium,Female,Single,Higher,7.0,8.0,0.206309,Trusted,6.0,6.0,0.099364
Singapore,702001514,61.0,Urban,Low,Male,Single,Middle,6.0,6.0,0.384059,Not trusted,7.0,4.0,0.373513
Singapore,702001515,44.0,Urban,Medium,Female,Married,Middle,7.0,8.0,0.665351,Not trusted,7.0,5.0,0.265748
Singapore,702001516,25.0,Urban,Medium,Male,Single,Higher,8.0,10.0,0.390234,Not trusted,5.0,7.0,0.106917
Singapore,702001517,29.0,Urban,Medium,Male,Married,Higher,8.0,10.0,0.348616,Trusted,8.0,5.0,0.188864
Singapore,702001518,43.0,Urban,Medium,Female,Married,Middle,8.0,6.0,0.669729,Not trusted,5.0,7.0,0.154703
Singapore,702001519,41.0,Urban,Medium,Female,Married,Higher,7.0,4.0,0.398447,Trusted,10.0,5.0,0.429160
Singapore,702001520,79.0,Urban,Medium,Female,Married,Lower,7.0,7.0,0.279654,Not trusted,8.0,7.0,0.314070
Singapore,702001521,77.0,Urban,Low,Male,Married,Middle,6.0,5.0,0.416219,Trusted,8.0,5.0,0.228506
Singapore,702001522,81.0,Urban,Medium,Male,Married,Middle,7.0,7.0,0.474073,Trusted,5.0,6.0,0.344498
Singapore,702001523,38.0,Urban,Low,Male,Single,Lower,7.0,7.0,0.221214,Not trusted,10.0,7.0,0.151783
Singapore,702001524,58.0,Urban,Low,Female,Married,Middle,7.0,7.0,0.477931,Not trusted,10.0,8.0,0.072180
Singapore,702001525,41.0,Urban,Medium,Male,Single,Higher,10.0,10.0,0.320232,Trusted,7.0,10.0,0.265104
Singapore,702001526,35.0,Urban,Medium,Female,Single,Middle,7.0,5.0,0.411582,Trusted,8.0,8.0,0.302243
Singapore,702001527,57.0,Urban,Medium,Female,Single,Middle,4.0,3.0,0.698230,Trusted,2.0,7.0,0.374232
Singapore,702001528,22.0,Urban,Medium,Female,Single,Higher,5.0,6.0,0.508910,Not trusted,5.0,8.0,0.512404
Singapore,702001529,73.0,Urban,Medium,Female,Married,Lower,5.0,9.0,0.078121,Not trusted,2.0,7.0,0.135412
Singapore,702001530,49.0,Urban,Medium,Male,Married,Higher,7.0,5.0,0.575957,Trusted,10.0,8.0,0.391077
Singapore,702001531,54.0,Urban,Medium,Female,Married,Higher,10.0,8.0,0.515814,Not trusted,1.0,8.0,
Singapore,702001532,58.0,Urban,Medium,Female,Married,Lower,7.0,6.0,0.373233,Not trusted,7.0,5.0,0.291726
Singapore,702001533,32.0,Urban,Medium,Male,Married,Higher,7.0,8.0,0.654547,Trusted,1.0,6.0,0.167125
Singapore,702001534,24.0,Urban,Medium,Female,Married,Higher,8.0,8.0,0.275744,Not trusted,10.0,7.0,0.401904
Singapore,702001535,21.0,Urban,Medium,Male,Widowed,Higher,7.0,7.0,0.761832,Not trusted,2.0,6.0,0.489630
Singapore,702001536,52.0,Urban,Medium,Male,Single,Middle,6.0,5.0,0.290994,Trusted,7.0,5.0,0.208778
Singapore,702001537,65.0,Urban,Medium,Male,Married,Higher,7.0,7.0,0.164036,Trusted,10.0,6.0,0.138787
Singapore,702001538,64.0,Urban,Medium,Male,Married,Middle,8.0,8.0,0.452104,Not trusted,7.0,7.0,0.190181
Singapore,702001539,60.0,Urban,Low,Female,Married,Middle,6.0,8.0,0.398330,Trusted,1.0,2.0,0.649266
Singapore,702001540,68.0,Urban,Low,Female,Divorced,Lower,6.0,6.0,0.486898,Not trusted,10.0,6.0,0.258978
Singapore,702001541,32.0,Urban,Medium,Male,Single,Middle,6.0,7.0,0.481766,Trusted,5.0,8.0,0.294796
Singapore,702001542,45.0,Urban,Medium,Male,Married,Higher,8.0,6.0,0.273948,Trusted,8.0,9.0,0.240566
Singapore,702001543,35.0,Urban,Medium,Female,Single,Lower,5.0,8.0,0.805518,Not trusted,7.0,5.0,0.234921
Singapore,702001544,52.0,Urban,Medium,Male,Married,Middle,8.0,6.0,0.494982,Not trusted,10.0,7.0,0.147286
Singapore,702001545,33.0,Urban,Medium,Male,Single,Higher,7.0,8.0,0.404531,Not trusted,10.0,8.0,0.158245
Singapore,702001546,21.0,Urban,Medium,Female,Living together as married,Higher,8.0,6.0,0.866157,Not trusted,5.0,6.0,0.256031
Singapore,702001547,36.0,Urban,Medium,Male,Married,Higher,6.0,8.0,0.737856,Trusted,6.0,5.0,0.308958
Singapore,702001548,50.0,Urban,Medium,Male,Single,Middle,8.0,6.0,0.399541,Not trusted,5.0,8.0,0.350281
Singapore,702001549,44.0,Urban,Medium,Female,Married,Middle,8.0,5.0,0.466709,Not trusted,10.0,8.0,0.166330
Singapore,702001550,64.0,Urban,Medium,Female,Married,Middle,9.0,8.0,0.251973,Trusted,5.0,8.0,0.419134
Singapore,702001551,39.0,Urban,Medium,Male,Married,Middle,3.0,7.0,0.417820,Not trusted,10.0,6.0,0.300191
Singapore,702001552,26.0,Urban,Medium,Male,Single,Higher,7.0,8.0,0.588314,Not trusted,2.0,7.0,0.414863
Singapore,702001553,47.0,Urban,Medium,Male,Married,Middle,6.0,5.0,0.484187,Not trusted,3.0,5.0,0.414895
Singapore,702001554,53.0,Urban,High,Female,Married,Higher,10.0,7.0,0.915586,Trusted,1.0,8.0,0.405309
Singapore,702001555,24.0,Urban,Medium,Male,Married,Higher,8.0,8.0,0.388622,Trusted,4.0,6.0,0.576409
Singapore,702001556,41.0,Urban,Low,Female,Single,Lower,7.0,5.0,0.268715,Not trusted,1.0,3.0,0.701650
Singapore,702001557,43.0,Urban,Medium,Male,Married,Middle,8.0,10.0,0.398697,Not trusted,6.0,6.0,0.261165
Singapore,702001558,55.0,Urban,Medium,Male,Married,Higher,5.0,4.0,0.433851,Trusted,5.0,1.0,0.357689
Singapore,702001559,64.0,Urban,,Female,Married,Higher,9.0,7.0,0.454052,Trusted,10.0,10.0,0.061215
Singapore,702001560,32.0,Urban,Medium,Male,Married,Higher,4.0,3.0,1.000000,Not trusted,2.0,6.0,0.394395
Singapore,702001561,24.0,Urban,Medium,Male,Single,Higher,6.0,7.0,0.830243,Trusted,3.0,3.0,0.802672
Singapore,702001562,28.0,Urban,Medium,Female,Married,Higher,6.0,8.0,0.496661,Not trusted,5.0,8.0,0.397609
Singapore,702001563,61.0,Urban,Medium,Male,Widowed,Lower,9.0,10.0,0.676176,Not trusted,9.0,8.0,0.243153
Singapore,702001564,71.0,Urban,Medium,Female,Single,Middle,8.0,6.0,0.395767,Trusted,7.0,9.0,0.257624
Singapore,702001565,47.0,Urban,Medium,Female,Single,Lower,5.0,6.0,0.436528,Not trusted,10.0,5.0,0.301939
Singapore,702001566,62.0,Urban,Medium,Female,Married,Lower,10.0,8.0,0.291596,Trusted,8.0,7.0,0.170909
Singapore,702001567,54.0,Urban,Medium,Female,Single,Higher,10.0,10.0,0.648977,Trusted,1.0,8.0,0.419103
Singapore,702001568,42.0,Urban,Low,Female,Married,Higher,8.0,8.0,0.317694,Not trusted,4.0,7.0,0.360725
Singapore,702001569,54.0,Urban,Low,Female,Married,Lower,5.0,8.0,0.368392,Not trusted,10.0,3.0,0.031342
Singapore,702001570,61.0,Urban,Medium,Female,Married,Middle,7.0,8.0,0.491327,Trusted,2.0,9.0,0.077564
Singapore,702001571,44.0,Urban,High,Female,Married,Higher,9.0,10.0,0.331487,Trusted,10.0,9.0,0.241213
Singapore,702001572,57.0,Urban,Medium,Male,Single,Higher,10.0,8.0,0.437651,Trusted,10.0,8.0,0.165078
Singapore,702001573,21.0,Urban,Medium,Male,Married,Middle,7.0,4.0,0.708826,Not trusted,2.0,6.0,0.320427
Singapore,702001574,42.0,Urban,Medium,Male,Married,Higher,8.0,8.0,0.715595,Trusted,10.0,7.0,0.258020
Singapore,702001575,59.0,Urban,Low,Female,Married,Middle,10.0,10.0,0.541030,Not trusted,5.0,8.0,0.052569
Singapore,702001576,22.0,Urban,Medium,Male,Married,Higher,4.0,5.0,0.518388,Trusted,1.0,2.0,0.560593
Singapore,702001577,73.0,Urban,Low,Male,Single,Lower,5.0,3.0,0.360492,Not trusted,1.0,3.0,0.257486
Singapore,702001578,29.0,Urban,Low,Male,Married,Higher,6.0,5.0,0.869824,Not trusted,5.0,5.0,0.715487
Singapore,702001579,42.0,Urban,Medium,Female,Widowed,Middle,7.0,8.0,0.607454,Not trusted,1.0,6.0,0.505297
Singapore,702001580,69.0,Urban,Medium,Male,Married,Higher,5.0,5.0,0.209454,Not trusted,10.0,6.0,0.115856
Singapore,702001581,35.0,Urban,Low,Female,Married,Middle,8.0,5.0,0.598488,Not trusted,1.0,3.0,0.438982
Singapore,702001582,30.0,Urban,Medium,Female,Single,Higher,6.0,6.0,0.426052,Trusted,7.0,8.0,0.646702
Singapore,702001583,65.0,Urban,Low,Male,Married,Middle,6.0,3.0,0.377298,Not trusted,1.0,4.0,0.265088
Singapore,702001584,53.0,Urban,Medium,Male,Divorced,Higher,8.0,8.0,0.431074,Not trusted,7.0,8.0,0.253810
Singapore,702001585,24.0,Urban,Medium,Male,Married,Higher,7.0,7.0,0.586908,Not trusted,8.0,7.0,0.377129
Singapore,702001586,65.0,Urban,,Male,Married,Lower,8.0,10.0,0.512235,Trusted,8.0,8.0,0.188409
Singapore,702001587,24.0,Urban,Medium,Female,Married,Higher,5.0,7.0,0.444233,Trusted,7.0,7.0,0.634262
Singapore,702001588,61.0,Urban,Low,Male,Married,Middle,8.0,7.0,0.542679,Not trusted,8.0,8.0,0.350806
Singapore,702001589,31.0,Urban,Medium,Female,Married,Higher,7.0,5.0,0.281902,Not trusted,6.0,5.0,0.232664
Singapore,702001590,66.0,Urban,Medium,Female,Married,Lower,9.0,10.0,0.203923,Trusted,10.0,10.0,0.062142
Singapore,702001591,41.0,Urban,Medium,Male,Married,Middle,6.0,5.0,0.523433,Not trusted,10.0,1.0,0.387141
Singapore,702001592,35.0,Urban,Medium,Female,Married,Middle,10.0,8.0,0.567023,Trusted,3.0,9.0,0.174754
Singapore,702001593,32.0,Urban,Medium,Female,Married,Higher,4.0,6.0,0.816682,Trusted,3.0,3.0,0.531429
Singapore,702001594,28.0,Urban,Medium,Male,Single,Higher,5.0,5.0,0.395135,Trusted,9.0,5.0,0.219339
Singapore,702001595,23.0,Urban,Medium,Male,Single,Higher,10.0,10.0,0.417093,Trusted,4.0,7.0,0.432535
Singapore,702001596,35.0,Urban,Medium,Male,Single,Middle,10.0,10.0,0.560443,Not trusted,8.0,10.0,0.289929
Singapore,702001597,64.0,Urban,Medium,Female,Married,Middle,10.0,10.0,0.538735,Not trusted,7.0,10.0,0.227864
Singapore,702001598,26.0,Urban,Medium,Male,Married,Higher,7.0,7.0,0.434036,Not trusted,5.0,7.0,0.238521
Singapore,702001599,49.0,Urban,Medium,Female,Married,Higher,8.0,5.0,0.475701,Not trusted,1.0,7.0,0.766474
Singapore,702001600,50.0,Urban,Medium,Male,Married,Higher,8.0,8.0,0.278108,Trusted,8.0,8.0,0.163894
Singapore,702001601,36.0,Urban,Low,Male,Married,Higher,4.0,6.0,0.715908,Not trusted,10.0,4.0,0.382196
Singapore,702001602,39.0,Urban,Medium,Female,Married,Lower,10.0,5.0,0.221324,Not trusted,,6.0,0.183094
Singapore,702001603,34.0,Urban,Medium,Male,Married,Higher,9.0,10.0,0.584914,Not trusted,8.0,9.0,0.314519
Singapore,702001604,63.0,Urban,Medium,Female,Single,Lower,5.0,4.0,0.316547,Not trusted,5.0,7.0,0.331027
Singapore,702001605,35.0,Urban,Medium,Male,Single,Higher,6.0,8.0,0.504458,Trusted,2.0,5.0,0.444239
Singapore,702001606,77.0,Urban,Low,Male,Single,Lower,6.0,5.0,0.392961,Not trusted,1.0,6.0,0.362536
Singapore,702001607,64.0,Urban,Medium,Female,Married,Middle,7.0,8.0,0.474751,Trusted,10.0,8.0,0.369238
Singapore,702001608,75.0,Urban,Low,Male,Single,Middle,7.0,1.0,0.371929,Not trusted,9.0,8.0,0.116353
Singapore,702001609,60.0,Urban,Medium,Male,Married,Middle,5.0,6.0,0.226703,Not trusted,5.0,6.0,0.171927
Singapore,702001610,41.0,Urban,Medium,Male,Married,Higher,4.0,7.0,0.661576,Trusted,3.0,7.0,0.479419
Singapore,702001611,55.0,Urban,Low,Female,Married,Middle,8.0,8.0,0.393306,Not trusted,10.0,7.0,0.084951
Singapore,702001612,71.0,Urban,Medium,Female,Single,Higher,10.0,10.0,0.397089,Trusted,5.0,10.0,0.317285
Singapore,702001613,65.0,Urban,,Female,Single,Middle,4.0,5.0,0.355379,Not trusted,5.0,6.0,0.446854
Singapore,702001614,48.0,Urban,Low,Female,Married,Middle,4.0,1.0,0.674739,Trusted,1.0,4.0,0.990885
Singapore,702001615,38.0,Urban,Medium,Female,Divorced,Middle,8.0,6.0,0.499889,Trusted,8.0,7.0,0.131128
Singapore,702001616,51.0,Urban,Low,Male,Married,Lower,4.0,1.0,0.380282,Trusted,10.0,5.0,0.167609
Singapore,702001617,50.0,Urban,Medium,Female,Married,Higher,5.0,3.0,0.283796,Trusted,,4.0,0.124563
Singapore,702001618,32.0,Urban,Medium,Female,Single,Lower,6.0,6.0,0.544359,Not trusted,5.0,8.0,0.354787
Singapore,702001619,67.0,Urban,High,Male,Single,Higher,7.0,8.0,0.539829,Trusted,10.0,5.0,0.409551
Singapore,702001620,31.0,Urban,Low,Male,Single,Middle,8.0,7.0,0.444338,Not trusted,8.0,6.0,0.259688
Singapore,702001621,78.0,Urban,Medium,Female,Married,Middle,10.0,7.0,0.383249,Not trusted,8.0,10.0,0.095505
Singapore,702001622,42.0,Urban,Low,Male,Married,Middle,5.0,7.0,0.461340,Not trusted,5.0,1.0,0.407143
Singapore,702001623,22.0,Urban,Medium,Male,Married,Higher,10.0,7.0,0.656648,Trusted,5.0,9.0,0.365017
Singapore,702001624,55.0,Urban,Medium,Male,Married,Middle,7.0,10.0,0.596681,Not trusted,8.0,4.0,0.248845
Singapore,702001625,42.0,Urban,Medium,Male,Married,Higher,7.0,7.0,0.502281,Trusted,8.0,6.0,0.174109
Singapore,702001626,37.0,Urban,Low,Female,Married,Middle,5.0,6.0,0.340529,Trusted,6.0,8.0,0.166044
Singapore,702001627,51.0,Urban,Medium,Male,Married,Higher,7.0,5.0,0.489259,Trusted,5.0,7.0,0.592562
Singapore,702001628,39.0,Urban,Medium,Female,Widowed,Lower,10.0,10.0,0.303970,Not trusted,1.0,10.0,0.497846
Singapore,702001629,85.0,Urban,Medium,Male,Married,Middle,8.0,6.0,0.266043,Not trusted,6.0,8.0,0.349364
Singapore,702001630,23.0,Urban,Medium,Male,Married,Higher,8.0,8.0,0.676552,Trusted,1.0,8.0,0.409858
Singapore,702001631,43.0,Urban,Medium,Female,Single,Higher,5.0,7.0,0.322091,Not trusted,10.0,4.0,0.485251
Singapore,702001632,32.0,Urban,Medium,Female,Married,Higher,4.0,2.0,0.857561,Not trusted,8.0,5.0,0.478782
Singapore,702001633,45.0,Urban,Low,Female,Married,Higher,6.0,5.0,0.170774,Trusted,9.0,5.0,0.479573
Singapore,702001634,22.0,Urban,Low,Male,Widowed,Middle,7.0,7.0,0.580154,Not trusted,6.0,6.0,0.122406
Singapore,702001635,54.0,Urban,Low,Female,Married,Middle,8.0,8.0,0.840952,Trusted,10.0,6.0,0.664245
Singapore,702001636,55.0,Urban,High,Female,Married,Higher,3.0,7.0,0.476545,Trusted,9.0,5.0,0.383095
Singapore,702001637,39.0,Urban,Medium,Female,Married,Middle,6.0,7.0,0.569403,Not trusted,5.0,5.0,0.575267
Singapore,702001638,53.0,Urban,,Female,Married,Middle,7.0,8.0,0.356507,Not trusted,8.0,7.0,0.255596
Singapore,702001639,81.0,Urban,High,Male,Married,Higher,8.0,9.0,0.279208,Trusted,8.0,7.0,0.044917
Singapore,702001640,38.0,Urban,Medium,Female,Married,Middle,9.0,7.0,0.300110,Trusted,8.0,7.0,0.210131
Singapore,702001641,64.0,Urban,Medium,Male,Married,Middle,7.0,7.0,0.281394,Not trusted,8.0,6.0,0.270094
Singapore,702001642,26.0,Urban,Medium,Male,Single,Higher,7.0,5.0,0.662834,Trusted,1.0,9.0,0.324534
Singapore,702001643,30.0,Urban,Medium,Female,Single,Higher,7.0,8.0,0.558484,Not trusted,8.0,8.0,0.581341
Singapore,702001644,60.0,Urban,Medium,Female,Single,Higher,7.0,8.0,0.250263,Not trusted,10.0,7.0,0.146324
Singapore,702001645,33.0,Urban,Low,Female,Married,Higher,7.0,8.0,0.294365,Not trusted,10.0,6.0,0.347610
Singapore,702001646,24.0,Urban,Low,Male,Single,Lower,5.0,6.0,0.559782,Not trusted,10.0,5.0,0.103462
Singapore,702001647,78.0,Urban,Medium,Female,Single,Higher,8.0,8.0,0.218256,Trusted,10.0,9.0,0.108830
Singapore,702001648,22.0,Urban,Medium,Male,Single,Higher,7.0,8.0,0.743561,Not trusted,8.0,7.0,0.474620
Singapore,702001649,55.0,Urban,Medium,Male,Single,Higher,8.0,8.0,0.658845,Trusted,10.0,5.0,0.165425
Singapore,702001650,78.0,Urban,Low,Male,Married,Higher,8.0,7.0,0.269653,Not trusted,8.0,6.0,0.075114
Singapore,702001651,26.0,Urban,Medium,Female,Married,Higher,8.0,7.0,0.599555,Trusted,6.0,7.0,0.447840
Singapore,702001652,24.0,Urban,High,Female,Divorced,Higher,8.0,8.0,0.386826,Trusted,8.0,10.0,0.255403
Singapore,702001653,82.0,Urban,Low,Male,Married,Lower,6.0,9.0,0.188816,Trusted,1.0,6.0,0.248835
Singapore,702001654,53.0,Urban,Medium,Female,Single,Middle,8.0,7.0,0.459487,,7.0,6.0,0.414734
Singapore,702001655,52.0,Urban,Medium,Female,Single,Middle,7.0,7.0,0.601000,Not trusted,2.0,6.0,0.194388
Singapore,702001656,63.0,Urban,Medium,Male,Divorced,Higher,4.0,5.0,0.499190,Trusted,4.0,5.0,0.522243
Singapore,702001657,44.0,Urban,Medium,Male,Single,Lower,8.0,9.0,0.713937,Not trusted,4.0,6.0,0.352226
Singapore,702001658,50.0,Urban,Medium,Male,Married,Middle,10.0,10.0,0.651044,Not trusted,8.0,8.0,0.229339
Singapore,702001659,69.0,Urban,Low,Female,Married,Middle,7.0,6.0,0.463081,Not trusted,7.0,7.0,0.330025
Singapore,702001660,75.0,Urban,Low,Male,Married,Middle,8.0,8.0,0.224389,Not trusted,4.0,8.0,0.192465
Singapore,702001661,64.0,Urban,Low,Female,Married,Lower,6.0,6.0,0.330209,Not trusted,4.0,7.0,0.413917
Singapore,702001662,29.0,Urban,Medium,Female,Single,Higher,8.0,8.0,0.549480,Trusted,10.0,10.0,0.355125
Singapore,702001663,41.0,Urban,Medium,Male,Married,Higher,5.0,5.0,0.638052,Trusted,2.0,7.0,0.432794
Singapore,702001664,21.0,Urban,Medium,Female,Single,Higher,5.0,7.0,0.578649,Not trusted,9.0,8.0,0.285003
Singapore,702001665,31.0,Urban,Medium,Female,Married,,8.0,10.0,0.688340,Not trusted,8.0,8.0,0.322336
Singapore,702001666,60.0,Urban,Medium,Male,Married,Higher,7.0,8.0,0.464780,Trusted,5.0,7.0,0.142813
Singapore,702001667,37.0,Urban,Medium,Male,Single,Higher,7.0,7.0,0.620792,Not trusted,3.0,6.0,0.525819
Singapore,702001668,39.0,Urban,Medium,Female,Married,Higher,7.0,9.0,0.233038,Not trusted,8.0,5.0,0.358214
Singapore,702001669,57.0,Urban,Medium,Male,Single,Lower,7.0,7.0,0.309357,Not trusted,5.0,6.0,0.525584
Singapore,702001670,25.0,Urban,Low,Male,Married,Higher,10.0,10.0,0.419514,Not trusted,5.0,8.0,0.382876
Singapore,702001671,25.0,Urban,Medium,Male,Single,Higher,6.0,7.0,0.549817,Trusted,3.0,6.0,0.334910
Singapore,702001672,80.0,Urban,Medium,Female,Single,Lower,6.0,5.0,0.429888,Not trusted,8.0,6.0,0.347258
Singapore,702001673,26.0,Urban,Medium,Female,Widowed,Higher,9.0,9.0,0.515832,Trusted,6.0,10.0,0.222666
Singapore,702001674,42.0,Urban,Low,Female,Married,Lower,6.0,5.0,0.340552,Not trusted,10.0,4.0,0.162295
Singapore,702001675,56.0,Urban,Medium,Female,Married,Middle,8.0,8.0,0.241985,Not trusted,6.0,9.0,0.436184
Singapore,702001676,61.0,Urban,Medium,Male,Married,Middle,5.0,2.0,0.201113,Trusted,10.0,5.0,0.234626
Singapore,702001677,50.0,Urban,Medium,Female,Married,Higher,8.0,8.0,0.340284,Not trusted,8.0,7.0,0.170519
Singapore,702001678,30.0,Urban,Medium,Male,Married,Lower,6.0,5.0,0.454204,Not trusted,10.0,6.0,0.198513
Singapore,702001679,59.0,Urban,Medium,Male,Married,Higher,8.0,8.0,0.371108,Not trusted,10.0,8.0,0.363694
Singapore,702001680,26.0,Urban,Medium,Female,Married,Higher,8.0,9.0,0.581569,Not trusted,8.0,8.0,0.419982
Singapore,702001681,72.0,Urban,Medium,Female,Single,Middle,8.0,10.0,0.335195,Not trusted,7.0,8.0,0.086442
Singapore,702001682,48.0,Urban,Low,Female,Married,Middle,10.0,7.0,0.462996,Trusted,10.0,10.0,0.221952
Singapore,702001683,66.0,Urban,Medium,Male,Married,Higher,6.0,8.0,0.633406,Not trusted,8.0,6.0,0.364747
Singapore,702001684,38.0,Urban,Medium,Female,Married,Higher,7.0,6.0,0.429312,,10.0,4.0,0.235830
Singapore,702001685,46.0,Urban,Medium,Female,Living together as married,Higher,7.0,9.0,0.520711,Not trusted,6.0,6.0,0.608382
Singapore,702001686,55.0,Urban,Medium,Male,Single,Middle,7.0,6.0,0.242258,Not trusted,8.0,6.0,0.285709
Singapore,702001687,61.0,Urban,Medium,Female,Single,Middle,8.0,6.0,0.226478,Not trusted,7.0,5.0,0.336532
Singapore,702001688,44.0,Urban,Medium,Female,Married,Higher,10.0,10.0,0.424513,Not trusted,10.0,8.0,0.081780
Singapore,702001689,55.0,Urban,Medium,Male,Married,Middle,5.0,8.0,0.199412,Not trusted,5.0,4.0,0.732688
Singapore,702001690,38.0,Urban,Medium,Male,Married,Higher,9.0,10.0,0.399644,Trusted,5.0,8.0,0.260749
Singapore,702001691,53.0,Urban,Low,Female,Married,Middle,8.0,7.0,0.367536,Not trusted,7.0,8.0,0.289366
Singapore,702001692,63.0,Urban,Medium,Female,Married,Higher,10.0,10.0,0.309833,Not trusted,5.0,8.0,0.237299
Singapore,702001693,65.0,Urban,Medium,Male,Widowed,Higher,4.0,5.0,0.402317,Not trusted,9.0,6.0,0.323817
Singapore,702001694,33.0,Urban,Medium,Female,Divorced,Higher,6.0,7.0,0.394290,Not trusted,8.0,6.0,0.280379
Singapore,702001695,55.0,Urban,Medium,Male,Single,Higher,7.0,8.0,0.494238,Trusted,8.0,6.0,0.093942
Singapore,702001696,55.0,Urban,Medium,Female,Married,Middle,3.0,6.0,0.330611,Not trusted,10.0,2.0,0.346445
Singapore,702001697,39.0,Urban,Medium,Female,Married,Higher,6.0,7.0,0.478686,Not trusted,6.0,5.0,0.215095
Singapore,702001698,62.0,Urban,Low,Male,Married,Middle,3.0,5.0,0.201271,Trusted,5.0,5.0,0.400083
Singapore,702001699,39.0,Urban,Medium,Male,Single,Middle,6.0,3.0,0.283756,Trusted,8.0,6.0,0.315290
Singapore,702001700,54.0,Urban,,Female,Married,Higher,5.0,4.0,0.322953,Not trusted,10.0,4.0,0.179382
Singapore,702001701,38.0,Urban,Medium,Female,Married,Higher,10.0,10.0,0.250300,Not trusted,8.0,10.0,0.206900
Singapore,702001702,66.0,Urban,Medium,Male,Married,Middle,6.0,8.0,0.208871,Not trusted,6.0,5.0,0.309646
Singapore,702001703,54.0,Urban,Medium,Male,Married,Higher,9.0,10.0,0.205285,Trusted,10.0,8.0,0.016233
Singapore,702001704,66.0,Urban,Medium,Female,Divorced,Higher,9.0,8.0,0.541886,Trusted,8.0,8.0,0.209372
Singapore,702001705,76.0,Urban,Medium,Female,Married,Middle,8.0,7.0,0.258149,Not trusted,5.0,7.0,0.290648
Singapore,702001706,60.0,Urban,Medium,Male,Married,Lower,5.0,4.0,0.359749,Trusted,1.0,6.0,0.356314
Singapore,702001707,50.0,Urban,Low,Female,Married,Higher,7.0,6.0,0.628488,Not trusted,6.0,6.0,0.538133
Singapore,702001708,47.0,Urban,High,Male,Single,Higher,6.0,10.0,0.412210,Trusted,8.0,6.0,0.549739
Singapore,702001709,63.0,Urban,Medium,Male,Married,Higher,8.0,10.0,0.265308,Trusted,10.0,8.0,0.527898
Singapore,702001710,42.0,Urban,Medium,Male,Single,Higher,10.0,10.0,0.528754,Trusted,10.0,8.0,0.192176
Singapore,702001711,56.0,Urban,Low,Male,Married,Higher,6.0,5.0,0.480172,Not trusted,8.0,8.0,0.453448
Singapore,702001712,54.0,Urban,Low,Female,Single,Lower,5.0,6.0,0.444474,Not trusted,1.0,1.0,0.224932
Singapore,702001713,72.0,Urban,Medium,Male,Married,Higher,7.0,8.0,0.393496,Not trusted,9.0,9.0,0.358358
Singapore,702001714,55.0,Urban,Medium,Female,Married,Middle,8.0,7.0,0.208058,Not trusted,6.0,7.0,0.143461
Singapore,702001715,47.0,Urban,Medium,Female,Married,Middle,10.0,10.0,0.277053,Not trusted,10.0,8.0,0.193889
Singapore,702001716,70.0,Urban,Medium,Male,Married,Lower,8.0,9.0,0.558788,Not trusted,5.0,8.0,0.249267
Singapore,702001717,50.0,Urban,Medium,Female,Married,Higher,9.0,8.0,0.342020,Not trusted,10.0,10.0,0.077240
Singapore,702001718,41.0,Urban,Medium,Male,Widowed,Higher,7.0,8.0,0.423175,Not trusted,1.0,6.0,0.555428
Singapore,702001719,61.0,Urban,Low,Female,Married,Middle,7.0,8.0,0.318984,Not trusted,10.0,6.0,0.032928
Singapore,702001720,71.0,Urban,Medium,Female,Married,Higher,1.0,3.0,0.616903,Not trusted,4.0,3.0,0.785743
Singapore,702001721,38.0,Urban,Medium,Female,Single,Higher,7.0,7.0,0.359184,Not trusted,8.0,6.0,0.235786
Singapore,702001722,45.0,Urban,Low,Female,Divorced,Lower,7.0,5.0,0.400092,Not trusted,10.0,6.0,0.202197
Singapore,702001723,36.0,Urban,Low,Female,Married,Middle,7.0,10.0,0.320448,Not trusted,3.0,8.0,0.497857
Singapore,702001724,68.0,Urban,Medium,Male,Married,Middle,8.0,8.0,0.407836,Not trusted,5.0,7.0,0.591621
Singapore,702001725,69.0,Urban,Medium,Female,Married,Higher,7.0,9.0,0.222862,Trusted,10.0,5.0,0.141663
Singapore,702001726,53.0,Urban,Low,Male,Married,Lower,6.0,5.0,0.256960,Not trusted,10.0,4.0,0.151750
Singapore,702001727,23.0,Urban,Medium,Male,Married,Lower,2.0,5.0,0.609842,Not trusted,7.0,5.0,0.268025
Singapore,702001728,33.0,Urban,Medium,Female,Single,Higher,9.0,8.0,0.503700,Trusted,10.0,8.0,0.362556
Singapore,702001729,36.0,Urban,Medium,Female,Married,Lower,3.0,6.0,0.379615,Not trusted,,4.0,0.505707
Singapore,702001730,49.0,Urban,Medium,Female,Living together as married,Higher,8.0,8.0,0.446972,Not trusted,7.0,5.0,0.243028
Singapore,702001731,22.0,Urban,Medium,Female,Married,Higher,8.0,8.0,0.443556,Not trusted,7.0,6.0,0.670988
Singapore,702001732,51.0,Urban,Medium,Female,Divorced,Higher,5.0,6.0,0.516342,Not trusted,10.0,5.0,0.268361
Singapore,702001733,54.0,Urban,Medium,Female,Single,Higher,7.0,6.0,0.264335,Not trusted,9.0,4.0,0.283582
Singapore,702001734,59.0,Urban,Medium,Male,Married,Higher,8.0,7.0,0.430078,Not trusted,5.0,8.0,0.279152
Singapore,702001735,72.0,Urban,Low,Female,Married,Middle,7.0,8.0,0.354109,Trusted,10.0,6.0,0.054983
Singapore,702001736,81.0,Urban,Medium,Female,Married,Lower,6.0,6.0,0.427615,Not trusted,8.0,5.0,0.318154
Singapore,702001737,50.0,Urban,Medium,Female,Widowed,Middle,7.0,4.0,0.558348,Not trusted,5.0,7.0,0.565714
Singapore,702001738,52.0,Urban,Medium,Female,Divorced,Middle,9.0,7.0,0.328421,Not trusted,10.0,8.0,0.228333
Singapore,702001739,62.0,Urban,Medium,Male,Married,Higher,8.0,7.0,0.494977,Not trusted,1.0,7.0,0.407638
Singapore,702001740,72.0,Urban,Medium,Male,Single,Middle,10.0,8.0,0.287660,Trusted,8.0,10.0,0.131525
Singapore,702001741,46.0,Urban,Medium,Female,Married,Middle,6.0,5.0,0.846981,Trusted,7.0,9.0,0.440793
Singapore,702001742,43.0,Urban,Medium,Male,Married,Higher,1.0,6.0,0.858528,Not trusted,1.0,2.0,0.595995
Singapore,702001743,58.0,Urban,Medium,Female,Married,Higher,9.0,10.0,0.412462,Not trusted,8.0,10.0,0.013331
Singapore,702001744,63.0,Urban,Medium,Female,Single,Higher,7.0,10.0,0.442173,Not trusted,10.0,8.0,0.143519
Singapore,702001745,40.0,Urban,Low,Female,Single,Higher,7.0,8.0,0.634173,Not trusted,4.0,8.0,0.421318
Singapore,702001746,73.0,Urban,Medium,Female,Married,Lower,8.0,10.0,0.443197,Trusted,10.0,7.0,0.147173
Singapore,702001747,48.0,Urban,Medium,Female,Single,Higher,8.0,8.0,0.804481,Trusted,8.0,8.0,0.207252
Singapore,702001748,38.0,Urban,Medium,Female,Married,Lower,5.0,9.0,0.650538,Not trusted,9.0,6.0,0.159797
Singapore,702001749,22.0,Urban,Low,Female,Single,Middle,4.0,5.0,0.683276,Not trusted,10.0,1.0,0.395160
Singapore,702001750,39.0,Urban,Medium,Female,Widowed,Higher,8.0,9.0,0.396169,Trusted,6.0,6.0,0.366051
Singapore,702001751,29.0,Urban,Medium,Female,Married,Higher,8.0,10.0,0.633588,Trusted,8.0,10.0,0.141521
Singapore,702001752,24.0,Urban,Low,Female,Married,Middle,2.0,6.0,0.482381,Not trusted,8.0,1.0,0.138521
Singapore,702001753,56.0,Urban,Medium,Female,Married,Higher,8.0,5.0,0.464341,Trusted,10.0,4.0,0.371208
Singapore,702001754,42.0,Urban,Medium,Female,Married,Middle,6.0,6.0,0.249719,Not trusted,10.0,8.0,0.130863
Singapore,702001755,79.0,Urban,Low,Female,Married,Lower,5.0,1.0,0.306823,Not trusted,10.0,5.0,0.275999
Singapore,702001756,35.0,Urban,Medium,Female,Single,Higher,6.0,8.0,0.471176,Not trusted,10.0,8.0,0.180912
Singapore,702001757,40.0,Urban,Medium,Male,Married,Higher,9.0,8.0,0.352778,Not trusted,4.0,6.0,0.166270
Singapore,702001758,31.0,Urban,Medium,Male,Married,Middle,8.0,7.0,0.522820,Not trusted,9.0,8.0,0.143315
Singapore,702001759,23.0,Urban,Medium,Female,Single,Higher,8.0,8.0,0.622873,Not trusted,5.0,7.0,0.422008
Singapore,702001760,67.0,Urban,Medium,Male,Single,Middle,7.0,5.0,0.519111,Trusted,10.0,7.0,0.147424
Singapore,702001761,28.0,Urban,Medium,Female,Widowed,Higher,3.0,7.0,0.689704,Not trusted,1.0,5.0,0.850326
Singapore,702001762,24.0,Urban,High,Female,Married,Higher,7.0,8.0,0.283404,Trusted,8.0,6.0,0.238248
Singapore,702001763,53.0,Urban,Medium,Female,Married,Lower,6.0,5.0,0.414409,Not trusted,7.0,7.0,0.149261
Singapore,702001764,65.0,Urban,Low,Female,Married,Lower,7.0,6.0,0.357310,Not trusted,5.0,8.0,0.163967
Singapore,702001765,72.0,Urban,Low,Female,Married,Lower,5.0,4.0,0.339613,Not trusted,1.0,8.0,0.203560
Singapore,702001766,50.0,Urban,Low,Male,Single,Higher,4.0,5.0,0.476213,Not trusted,5.0,1.0,0.336717
Singapore,702001767,62.0,Urban,Medium,Female,Married,Middle,7.0,8.0,0.308558,Trusted,10.0,10.0,0.314118
Singapore,702001768,78.0,Urban,Medium,Male,Married,Higher,5.0,7.0,0.338412,Not trusted,7.0,6.0,0.474691
Singapore,702001769,63.0,Urban,Low,Female,Single,Higher,9.0,8.0,0.504911,Not trusted,8.0,8.0,0.186089
Singapore,702001770,34.0,Urban,Medium,Male,Single,Higher,6.0,7.0,0.450147,Not trusted,10.0,5.0,0.182075
Singapore,702001771,33.0,Urban,Medium,Female,Married,Higher,4.0,7.0,0.491537,Trusted,2.0,5.0,0.647334
Singapore,702001772,74.0,Urban,Medium,Female,Single,Lower,6.0,5.0,0.477350,Not trusted,7.0,7.0,0.251657
Singapore,702001773,24.0,Urban,Medium,Male,Married,Higher,5.0,6.0,0.679688,Not trusted,10.0,5.0,0.202079
Singapore,702001774,65.0,Urban,Medium,Female,Married,Higher,8.0,5.0,0.475589,Not trusted,5.0,9.0,0.197084
Singapore,702001775,70.0,Urban,Medium,Female,Single,Higher,6.0,8.0,0.439523,Not trusted,5.0,6.0,0.131859
Singapore,702001776,28.0,Urban,Medium,Male,Divorced,Higher,8.0,8.0,0.575226,Trusted,10.0,8.0,0.196589
Singapore,702001777,73.0,Urban,Low,Male,Married,Lower,8.0,5.0,0.520282,Not trusted,3.0,7.0,0.546499
Singapore,702001778,63.0,Urban,Medium,Male,Married,Lower,7.0,8.0,0.245053,Trusted,2.0,8.0,0.100876
Singapore,702001779,34.0,Urban,Medium,Female,Single,Lower,7.0,6.0,0.361770,Not trusted,3.0,4.0,0.591677
Singapore,702001780,24.0,Urban,Medium,Female,Married,Higher,3.0,5.0,0.399099,Not trusted,2.0,7.0,0.164749
Singapore,702001781,42.0,Urban,Medium,Female,Married,Higher,6.0,8.0,0.563535,Trusted,7.0,7.0,0.425132
Singapore,702001782,55.0,Urban,Low,Male,Married,Lower,5.0,6.0,0.339961,Not trusted,7.0,5.0,0.147165
Singapore,702001783,42.0,Urban,,Male,Married,Higher,4.0,5.0,0.517817,Not trusted,10.0,5.0,0.222283
Singapore,702001784,40.0,Urban,Medium,Male,Single,Middle,9.0,6.0,0.391985,Not trusted,9.0,8.0,0.441892
Singapore,702001785,47.0,Urban,Medium,Female,Married,Higher,7.0,8.0,0.341410,Trusted,8.0,7.0,0.203060
Singapore,702001786,58.0,Urban,Medium,Male,Married,Lower,6.0,3.0,0.308150,Not trusted,9.0,4.0,0.244642
Singapore,702001787,21.0,Urban,Medium,Male,Married,Higher,8.0,9.0,0.347588,Trusted,8.0,7.0,0.163061
Singapore,702001788,65.0,Urban,,Male,Married,Higher,7.0,7.0,0.741748,Not trusted,2.0,6.0,0.538823
Singapore,702001789,46.0,Urban,Medium,Female,Married,Higher,7.0,8.0,0.296898,Trusted,5.0,8.0,0.344724
Singapore,702001790,22.0,Urban,Medium,Female,Married,Higher,9.0,9.0,0.469107,Trusted,10.0,8.0,0.141404
Singapore,702001791,48.0,Urban,Medium,Female,Single,Higher,5.0,7.0,0.843344,Trusted,6.0,8.0,0.321718
Singapore,702001792,30.0,Urban,Medium,Female,Single,Higher,10.0,7.0,0.530815,Not trusted,5.0,10.0,0.580097
Singapore,702001793,34.0,Urban,Medium,Female,Married,Higher,8.0,7.0,0.396480,Not trusted,2.0,6.0,0.291939
Singapore,702001794,78.0,Urban,Medium,Male,Married,Middle,7.0,8.0,0.307347,Not trusted,10.0,7.0,0.261654
Singapore,702001795,68.0,Urban,Medium,Female,Married,Middle,9.0,10.0,0.616072,Trusted,5.0,6.0,0.282957
Singapore,702001796,35.0,Urban,Medium,Male,Married,Higher,4.0,7.0,0.381455,Not trusted,10.0,5.0,0.196996
Singapore,702001797,62.0,Urban,Medium,Male,Married,Lower,8.0,8.0,0.220114,Trusted,10.0,9.0,0.253374
Singapore,702001798,44.0,Urban,Medium,Female,Single,Middle,8.0,5.0,0.416906,Not trusted,10.0,2.0,0.138764
Singapore,702001799,38.0,Urban,Medium,Male,Married,Higher,7.0,5.0,0.551495,Trusted,10.0,5.0,0.214298
Singapore,702001800,53.0,Urban,Low,Male,Married,Lower,8.0,8.0,0.384003,Not trusted,5.0,8.0,0.217201
Singapore,702001801,72.0,Urban,Medium,Female,Single,Lower,7.0,6.0,0.296621,Not trusted,7.0,4.0,0.283884
Singapore,702001802,33.0,Urban,Medium,Female,Married,Higher,5.0,2.0,0.451129,Not trusted,5.0,5.0,0.476573
Singapore,702001803,60.0,Urban,Low,Female,Single,Middle,5.0,5.0,0.485282,Not trusted,5.0,2.0,0.519430
Singapore,702001804,27.0,Urban,Low,Female,Divorced,Lower,7.0,6.0,0.433101,Not trusted,5.0,5.0,0.169034
Singapore,702001805,22.0,Urban,Medium,Female,Married,Higher,9.0,8.0,0.517856,Trusted,10.0,8.0,0.636272
Singapore,702001806,61.0,Urban,Medium,Female,Divorced,Higher,8.0,7.0,0.343296,Trusted,10.0,8.0,0.092593
Singapore,702001807,31.0,Urban,Medium,Female,Single,Higher,5.0,3.0,0.431224,Not trusted,8.0,6.0,0.369588
Singapore,702001808,46.0,Urban,Medium,Female,Married,Higher,5.0,9.0,0.303811,Not trusted,10.0,4.0,0.228890
Singapore,702001809,81.0,Urban,Low,Female,Married,Lower,8.0,5.0,0.345794,Not trusted,10.0,5.0,0.225562
Singapore,702001810,61.0,Urban,Medium,Female,Married,Middle,8.0,6.0,0.306333,Not trusted,10.0,7.0,0.265990
Singapore,702001811,73.0,Urban,Low,Female,Married,Lower,5.0,7.0,0.302354,Not trusted,10.0,2.0,0.078854
Singapore,702001812,64.0,Urban,Medium,Male,Married,Lower,5.0,4.0,0.199714,Not trusted,10.0,2.0,0.248957
Singapore,702001813,37.0,Urban,Medium,Male,Married,Middle,7.0,8.0,0.656738,Not trusted,5.0,7.0,0.395673
Singapore,702001814,66.0,Urban,Medium,Male,Married,Lower,8.0,7.0,0.294893,Trusted,5.0,4.0,0.381040
Singapore,702001815,32.0,Urban,Medium,Male,Married,Higher,3.0,3.0,0.669469,Trusted,3.0,4.0,0.597016
Singapore,702001816,53.0,Urban,Medium,Female,Married,Middle,6.0,7.0,0.246835,Not trusted,4.0,6.0,0.403777
Singapore,702001817,51.0,Urban,Medium,Male,Married,Higher,6.0,5.0,0.293138,Not trusted,3.0,7.0,0.429367
Singapore,702001818,51.0,Urban,Medium,Female,Married,Higher,8.0,9.0,0.256981,Trusted,10.0,8.0,0.113697
Singapore,702001819,61.0,Urban,Medium,Female,Single,Higher,7.0,7.0,0.342517,Trusted,3.0,8.0,0.527605
Singapore,702001820,74.0,Urban,Medium,Male,Married,Lower,8.0,10.0,0.337176,Not trusted,10.0,6.0,0.080307
Singapore,702001821,73.0,Urban,Low,Female,Single,Higher,3.0,6.0,0.511996,Not trusted,5.0,1.0,0.215560
Singapore,702001822,48.0,Urban,,Male,Single,Higher,5.0,8.0,0.280780,Trusted,5.0,8.0,0.276236
Singapore,702001823,22.0,Urban,Medium,Female,Single,Higher,8.0,6.0,0.763856,Trusted,2.0,6.0,0.811476
Singapore,702001824,56.0,Urban,Medium,Female,Single,Middle,6.0,6.0,0.403434,Not trusted,10.0,7.0,0.330571
Singapore,702001825,35.0,Urban,Medium,Female,Widowed,Higher,6.0,7.0,0.508421,Trusted,9.0,9.0,0.298702
Singapore,702001826,29.0,Urban,Medium,Male,Single,Middle,7.0,8.0,0.361239,Not trusted,1.0,4.0,0.675074
Singapore,702001827,73.0,Urban,Medium,Female,Married,Higher,7.0,7.0,0.686151,Not trusted,10.0,6.0,0.088743
Singapore,702001828,46.0,Urban,Medium,Male,Single,Middle,7.0,5.0,0.598285,Not trusted,5.0,6.0,0.355794
Singapore,702001829,25.0,Urban,Medium,Male,Married,Higher,7.0,8.0,0.295346,Not trusted,10.0,7.0,0.238233
Singapore,702001830,47.0,Urban,Medium,Female,Divorced,Middle,8.0,8.0,0.333051,Not trusted,3.0,6.0,0.125064
Singapore,702001831,61.0,Urban,Low,Female,Married,Lower,7.0,5.0,0.310887,Not trusted,5.0,5.0,0.321928
Singapore,702001832,49.0,Urban,Medium,Female,Married,Middle,9.0,8.0,0.312501,Trusted,10.0,7.0,0.208241
Singapore,702001833,28.0,Urban,Medium,Male,Widowed,Higher,10.0,10.0,0.743509,Not trusted,1.0,10.0,0.680389
Singapore,702001834,45.0,Urban,High,Male,Single,Higher,10.0,10.0,0.570184,Trusted,8.0,10.0,0.262362
Singapore,702001835,69.0,Urban,Medium,Female,Single,Lower,7.0,6.0,0.319743,Not trusted,4.0,6.0,0.563934
Singapore,702001836,36.0,Urban,Medium,Male,Single,Higher,8.0,10.0,0.289562,Not trusted,10.0,8.0,0.425422
Singapore,702001837,23.0,Urban,Medium,Female,Single,Higher,7.0,8.0,0.344882,Not trusted,10.0,3.0,0.309809
Singapore,702001838,73.0,Urban,Medium,Female,Single,Middle,8.0,5.0,0.161517,Not trusted,5.0,6.0,0.146248
Singapore,702001839,68.0,Urban,Medium,Male,Single,Higher,3.0,4.0,0.593969,Trusted,2.0,,0.376440
Singapore,702001840,36.0,Urban,Medium,Male,Married,Middle,8.0,5.0,0.434117,Trusted,9.0,8.0,0.125159
Singapore,702001841,49.0,Urban,Medium,Male,Divorced,Higher,5.0,8.0,0.475151,Not trusted,8.0,,0.430958
Singapore,702001842,23.0,Urban,Medium,Female,Married,Higher,6.0,5.0,0.495595,Trusted,1.0,5.0,0.309787
Singapore,702001843,75.0,Urban,Medium,Male,Single,Middle,7.0,5.0,0.475241,Not trusted,10.0,1.0,0.364510
Singapore,702001844,59.0,Urban,Medium,Male,Living together as married,Higher,6.0,8.0,0.652098,Not trusted,,6.0,0.134672
Singapore,702001845,66.0,Urban,Medium,Female,Married,Middle,8.0,9.0,0.237545,Not trusted,5.0,7.0,0.379074
Singapore,702001846,74.0,Urban,Low,Male,Single,Lower,5.0,4.0,0.232134,Not trusted,10.0,8.0,0.146088
Singapore,702001847,61.0,Urban,Low,Female,Married,Lower,5.0,6.0,0.388833,Not trusted,8.0,6.0,0.392048
Singapore,702001848,42.0,Urban,Medium,Male,Single,Higher,10.0,7.0,0.642981,Trusted,9.0,9.0,0.311726
Singapore,702001849,51.0,Urban,Medium,Male,Married,Middle,7.0,7.0,0.230197,Trusted,8.0,5.0,0.221434
Singapore,702001850,60.0,Urban,Medium,Male,Married,Higher,7.0,8.0,0.567494,Not trusted,4.0,7.0,0.339406
Singapore,702001851,34.0,Urban,Low,Female,Married,Higher,5.0,7.0,0.356108,Not trusted,1.0,3.0,0.272268
Singapore,702001852,77.0,Urban,Medium,Female,Widowed,Lower,5.0,6.0,0.359814,Not trusted,9.0,5.0,0.087415
Singapore,702001853,31.0,Urban,Medium,Female,Single,Higher,10.0,8.0,0.470401,Trusted,9.0,9.0,0.172557
Singapore,702001854,45.0,Urban,Medium,Male,Single,Middle,9.0,8.0,0.337678,Trusted,9.0,8.0,0.254394
Singapore,702001855,54.0,Urban,High,Male,Married,Higher,9.0,10.0,0.405009,Trusted,10.0,7.0,0.175252
Singapore,702001856,68.0,Urban,Medium,Male,Married,Higher,7.0,7.0,0.460917,Not trusted,5.0,8.0,0.401537
Singapore,702001857,28.0,Urban,Low,Male,Single,Higher,5.0,6.0,0.383145,Not trusted,10.0,3.0,0.136729
Singapore,702001858,70.0,Urban,Medium,Female,Divorced,Middle,8.0,8.0,0.242827,Trusted,8.0,8.0,0.345734
Singapore,702001859,27.0,Urban,High,Male,Single,Higher,8.0,7.0,0.564995,Not trusted,8.0,8.0,0.198488
Singapore,702001860,53.0,Urban,Low,Female,Married,Lower,7.0,6.0,0.669567,Not trusted,5.0,7.0,0.291979
Singapore,702001861,44.0,Urban,Medium,Female,Married,Higher,8.0,9.0,0.665420,Not trusted,1.0,8.0,0.391359
Singapore,702001862,53.0,Urban,Medium,Female,Widowed,Higher,8.0,8.0,0.613660,Trusted,9.0,6.0,0.488411
Singapore,702001863,71.0,Urban,Medium,Female,Single,Middle,5.0,7.0,0.577621,Not trusted,5.0,3.0,0.307268
Singapore,702001864,26.0,Urban,High,Male,Married,Higher,9.0,6.0,0.457270,Not trusted,10.0,9.0,0.015526
Singapore,702001865,59.0,Urban,Medium,Female,Married,Middle,7.0,7.0,0.378003,Not trusted,10.0,7.0,0.355860
Singapore,702001866,69.0,Urban,Medium,Female,Single,Middle,4.0,5.0,0.388467,Trusted,9.0,3.0,0.450900
Singapore,702001867,64.0,Urban,Medium,Male,Single,Lower,6.0,3.0,0.577409,Not trusted,5.0,7.0,0.332218
Singapore,702001868,29.0,Urban,Medium,Male,Married,Higher,7.0,7.0,0.420179,Trusted,4.0,6.0,0.669445
Singapore,702001869,47.0,Urban,Medium,Male,Married,Lower,6.0,7.0,0.501239,Not trusted,9.0,6.0,0.334225
Singapore,702001870,38.0,Urban,Medium,Female,Single,Higher,10.0,10.0,0.476626,Trusted,8.0,8.0,0.184207
Singapore,702001871,51.0,Urban,Medium,Male,Separated,Lower,8.0,10.0,0.301700,Not trusted,6.0,10.0,0.024021
Singapore,702001872,74.0,Urban,Low,Female,Single,Lower,8.0,8.0,0.286752,Not trusted,6.0,7.0,0.088827
Singapore,702001873,52.0,Urban,Medium,Female,Widowed,Higher,5.0,6.0,0.267086,Trusted,5.0,5.0,0.329148
Singapore,702001874,38.0,Urban,Medium,Male,Married,Middle,6.0,5.0,0.263431,Not trusted,6.0,6.0,0.230090
Singapore,702001875,73.0,Urban,Medium,Male,Married,Middle,8.0,8.0,0.281648,Trusted,7.0,9.0,0.593160
Singapore,702001876,49.0,Urban,Low,Male,Married,Middle,8.0,10.0,0.552836,Not trusted,8.0,9.0,0.246522
Singapore,702001877,50.0,Urban,Medium,Female,Married,Higher,10.0,9.0,0.315997,Not trusted,10.0,6.0,0.151883
Singapore,702001878,35.0,Urban,Medium,Female,Married,Higher,7.0,5.0,0.534670,Trusted,8.0,10.0,0.533280
Singapore,702001879,24.0,Urban,Medium,Female,Married,Higher,5.0,7.0,0.550562,Not trusted,1.0,7.0,0.520859
Singapore,702001880,53.0,Urban,Medium,Female,Married,Middle,5.0,7.0,0.431759,Trusted,10.0,7.0,0.409965
Singapore,702001881,45.0,Urban,Medium,Male,Widowed,Higher,7.0,8.0,0.291053,Not trusted,9.0,8.0,0.191957
Singapore,702001882,62.0,Urban,Medium,Male,Married,Middle,7.0,8.0,0.348999,Not trusted,10.0,8.0,0.295069
Singapore,702001883,55.0,Urban,Medium,Male,Married,Middle,10.0,8.0,0.256651,Not trusted,10.0,6.0,0.067107
Singapore,702001884,37.0,Urban,Low,Female,Single,Middle,4.0,8.0,0.711788,Not trusted,3.0,5.0,0.415951
Singapore,702001885,60.0,Urban,Medium,Female,Married,Higher,7.0,5.0,0.472175,Not trusted,7.0,7.0,0.181538
Singapore,702001886,73.0,Urban,Medium,Female,Single,Middle,9.0,8.0,0.222987,Trusted,10.0,8.0,0.088159
Singapore,702001887,44.0,Urban,Medium,Female,Married,Higher,5.0,3.0,0.466625,Trusted,6.0,6.0,0.387967
Singapore,702001888,40.0,Urban,Medium,Male,Married,Higher,7.0,7.0,0.677201,Trusted,5.0,8.0,0.384873
Singapore,702001889,59.0,Urban,Medium,Male,Married,Higher,10.0,10.0,0.498938,Trusted,8.0,9.0,0.204381
Singapore,702001890,45.0,Urban,Medium,Female,Married,Higher,7.0,8.0,0.483890,Not trusted,3.0,8.0,0.270052
Singapore,702001891,28.0,Urban,Medium,Female,Single,Middle,5.0,5.0,0.679543,Not trusted,10.0,6.0,0.366171
Singapore,702001892,65.0,Urban,Medium,Male,Divorced,Higher,5.0,5.0,0.368316,Trusted,10.0,5.0,0.378183
Singapore,702001893,33.0,Urban,High,Male,Single,Higher,10.0,9.0,0.414446,Trusted,10.0,9.0,0.153626
Singapore,702001894,81.0,Urban,Medium,Female,Separated,Lower,8.0,9.0,0.680901,Not trusted,7.0,9.0,0.121997
Singapore,702001895,52.0,Urban,Medium,Female,Married,Higher,6.0,8.0,0.220998,Not trusted,10.0,7.0,0.392483
Singapore,702001896,26.0,Urban,Medium,Female,Married,Higher,7.0,7.0,0.635012,Not trusted,6.0,7.0,0.407377
Singapore,702001897,53.0,Urban,High,Female,Single,Middle,9.0,7.0,0.382496,Trusted,6.0,8.0,0.126007
Singapore,702001898,24.0,Urban,Medium,Male,Single,Higher,6.0,7.0,0.535707,Trusted,6.0,4.0,0.357282
Singapore,702001899,45.0,Urban,Low,Female,Married,Higher,8.0,8.0,0.492084,Not trusted,7.0,7.0,0.294134
Singapore,702001900,70.0,Urban,Medium,Female,Single,Middle,6.0,7.0,0.514618,Trusted,6.0,5.0,0.077446
Singapore,702001901,35.0,Urban,Medium,Female,Married,Higher,4.0,5.0,0.792690,Not trusted,1.0,6.0,0.654607
Singapore,702001902,25.0,Urban,Medium,Female,Single,Lower,9.0,10.0,0.556645,Not trusted,6.0,7.0,0.088252
Singapore,702001903,74.0,Urban,Medium,Male,Divorced,Higher,8.0,6.0,0.528811,Not trusted,10.0,8.0,0.405312
Singapore,702001904,58.0,Urban,Low,Male,Married,Lower,8.0,7.0,0.408214,Not trusted,9.0,4.0,0.255593
Singapore,702001905,34.0,Urban,Medium,Male,Single,Middle,5.0,1.0,0.384995,Not trusted,10.0,5.0,0.127206
Singapore,702001906,54.0,Urban,Medium,Female,Widowed,Middle,4.0,5.0,0.474048,Trusted,7.0,6.0,0.631090
Singapore,702001907,24.0,Urban,Medium,Male,Single,Higher,5.0,5.0,0.197036,Trusted,5.0,8.0,0.532860
Singapore,702001908,55.0,Urban,Medium,Female,Married,Higher,7.0,6.0,0.197749,Trusted,10.0,4.0,0.300217
Singapore,702001909,41.0,Urban,Medium,Female,Married,Lower,5.0,7.0,0.494817,Not trusted,7.0,5.0,0.430810
Singapore,702001910,71.0,Urban,Medium,Female,Single,Middle,8.0,5.0,0.281333,Not trusted,9.0,5.0,0.292879
Singapore,702001911,75.0,Urban,Medium,Female,Single,Middle,8.0,4.0,0.277395,Trusted,7.0,7.0,0.133917
Singapore,702001912,41.0,Urban,Medium,Male,Widowed,Higher,7.0,6.0,0.498133,Not trusted,4.0,6.0,0.205640
Singapore,702001913,54.0,Urban,Medium,Female,Married,Higher,10.0,10.0,0.451135,Not trusted,10.0,10.0,0.161970
Singapore,702001914,31.0,Urban,Medium,Male,Married,Higher,8.0,10.0,0.480045,Not trusted,10.0,5.0,0.221571
Singapore,702001915,42.0,Urban,Low,Male,Married,Middle,3.0,5.0,0.439881,Not trusted,6.0,3.0,0.391733
Singapore,702001916,58.0,Urban,High,Female,Married,Higher,8.0,10.0,0.337709,Trusted,4.0,9.0,0.685941
Singapore,702001917,59.0,Urban,Medium,Female,Widowed,Higher,7.0,10.0,0.357001,Not trusted,10.0,7.0,0.129358
Singapore,702001918,38.0,Urban,Medium,Male,Married,Higher,7.0,6.0,0.450205,Not trusted,10.0,5.0,0.435412
Singapore,702001919,28.0,Urban,High,Male,Married,Higher,6.0,7.0,0.811231,Trusted,1.0,7.0,0.638746
Singapore,702001920,33.0,Urban,Medium,Female,Divorced,Higher,5.0,2.0,0.706495,Not trusted,8.0,3.0,0.252669
Singapore,702001921,78.0,Urban,Medium,Male,Married,Middle,6.0,8.0,0.368690,Trusted,5.0,8.0,0.187550
Singapore,702001922,24.0,Urban,High,Male,Married,Higher,8.0,9.0,0.380485,Trusted,7.0,10.0,0.285957
Singapore,702001923,47.0,Urban,Medium,Female,Single,Lower,7.0,6.0,0.437103,Not trusted,10.0,7.0,0.171694
Singapore,702001924,31.0,Urban,Medium,Female,Single,Middle,6.0,5.0,0.386482,Not trusted,4.0,5.0,0.525564
Singapore,702001925,66.0,Urban,Medium,Female,Married,Middle,7.0,6.0,0.413053,Trusted,2.0,7.0,0.413066
Singapore,702001926,62.0,Urban,Medium,Male,Married,Lower,7.0,8.0,0.313973,Not trusted,1.0,6.0,0.406509
Singapore,702001927,75.0,Urban,Medium,Female,Single,Middle,8.0,8.0,0.389117,Not trusted,9.0,7.0,0.468064
Singapore,702001928,55.0,Urban,Medium,Female,Married,Lower,8.0,9.0,0.488219,Trusted,2.0,6.0,0.355762
Singapore,702001929,55.0,Urban,Medium,Male,Married,Higher,7.0,8.0,0.334841,Not trusted,1.0,8.0,0.208148
Singapore,702001930,49.0,Urban,Medium,Female,Single,Lower,8.0,8.0,0.296752,Trusted,3.0,5.0,0.103462
Singapore,702001931,61.0,Urban,Low,Male,Married,Higher,8.0,10.0,0.443003,Not trusted,7.0,8.0,0.285701
Singapore,702001932,77.0,Urban,Low,Female,Married,Middle,6.0,8.0,0.574770,Not trusted,7.0,6.0,0.289872
Singapore,702001933,24.0,Urban,Medium,Female,Single,Higher,7.0,8.0,0.460339,Trusted,5.0,4.0,0.057464
Singapore,702001934,25.0,Urban,Medium,Male,Single,Higher,10.0,8.0,0.672243,Not trusted,8.0,8.0,0.543998
Singapore,702001935,74.0,Urban,Medium,Male,Widowed,Middle,9.0,8.0,0.375681,Trusted,9.0,9.0,0.559829
Singapore,702001936,73.0,Urban,Low,Female,Married,Lower,5.0,7.0,0.194329,Trusted,5.0,3.0,0.129987
Singapore,702001937,22.0,Urban,Medium,Female,Married,Higher,4.0,3.0,0.792601,Not trusted,6.0,2.0,0.332230
Singapore,702001938,22.0,Urban,Medium,Female,Married,Higher,8.0,8.0,0.495674,Trusted,10.0,9.0,0.182701
Singapore,702001939,68.0,Urban,Medium,Female,Married,Higher,5.0,4.0,0.305712,Trusted,10.0,3.0,0.230318
Singapore,702001940,40.0,Urban,High,Female,Married,Higher,8.0,10.0,0.416172,Trusted,4.0,8.0,0.253506
Singapore,702001941,63.0,Urban,Medium,Female,Married,Higher,10.0,8.0,0.448178,Not trusted,1.0,8.0,0.323096
Singapore,702001942,39.0,Urban,Low,Female,Married,Middle,5.0,2.0,0.282144,Not trusted,1.0,5.0,0.636589
Singapore,702001943,28.0,Urban,Medium,Female,Single,Higher,5.0,7.0,0.743823,Trusted,6.0,8.0,0.412397
Singapore,702001944,30.0,Urban,Low,Male,Married,Higher,5.0,5.0,0.396647,Not trusted,5.0,2.0,0.658634
Singapore,702001945,31.0,Urban,Medium,Female,Married,Higher,7.0,8.0,0.601924,Not trusted,5.0,7.0,0.443712
Singapore,702001946,43.0,Urban,Medium,Male,Married,Middle,5.0,5.0,0.447069,Trusted,7.0,6.0,0.404199
Singapore,702001947,71.0,Urban,Medium,Male,Divorced,Middle,8.0,7.0,0.449541,Not trusted,10.0,7.0,0.180796
Singapore,702001948,32.0,Urban,Medium,Male,Married,Higher,7.0,5.0,0.439132,Not trusted,5.0,7.0,0.601180
Singapore,702001949,52.0,Urban,Medium,Male,Single,Higher,8.0,10.0,0.535734,Not trusted,10.0,10.0,0.458927
Singapore,702001950,68.0,Urban,Medium,Female,Single,Lower,6.0,6.0,0.226797,Not trusted,5.0,6.0,0.245575
Singapore,702001951,51.0,Urban,Medium,Male,Single,Higher,10.0,7.0,0.276540,Trusted,4.0,8.0,0.344574
Singapore,702001952,67.0,Urban,Low,Female,Single,Middle,7.0,7.0,0.334808,Not trusted,9.0,3.0,0.406095
Singapore,702001953,50.0,Urban,Low,Female,Married,Middle,8.0,4.0,0.428724,Not trusted,10.0,5.0,0.184215
Singapore,702001954,44.0,Urban,High,Female,Divorced,Higher,10.0,10.0,0.272973,Trusted,10.0,10.0,0.123566
Singapore,702001955,22.0,Urban,Medium,Male,Married,Higher,7.0,10.0,0.601413,Not trusted,4.0,7.0,0.320131
Singapore,702001956,25.0,Urban,Medium,Female,Single,Higher,5.0,5.0,0.780454,Not trusted,3.0,6.0,0.468961
Singapore,702001957,47.0,Urban,Medium,Male,Married,Lower,5.0,6.0,0.487514,Not trusted,10.0,5.0,0.140249
Singapore,702001958,61.0,Urban,,Male,Married,Lower,4.0,5.0,0.254680,Not trusted,10.0,1.0,0.242469
Singapore,702001959,81.0,Urban,Medium,Female,Single,Lower,8.0,8.0,0.308961,Not trusted,6.0,7.0,0.292794
Singapore,702001960,48.0,Urban,Medium,Male,Married,Middle,10.0,10.0,0.212255,Trusted,7.0,9.0,0.163313
Singapore,702001961,69.0,Urban,,Male,Single,Lower,7.0,2.0,0.148961,Trusted,9.0,5.0,0.215734
Singapore,702001962,24.0,Urban,Low,Male,Single,Middle,8.0,6.0,0.525054,Not trusted,9.0,7.0,0.182856
Singapore,702001963,50.0,Urban,Medium,Female,Married,Lower,7.0,5.0,0.436903,Not trusted,8.0,7.0,0.253363
Singapore,702001964,31.0,Urban,Medium,Male,Married,Higher,8.0,8.0,0.332694,Trusted,8.0,7.0,0.279616
Singapore,702001965,38.0,Urban,Medium,Female,Single,Higher,10.0,10.0,0.369830,Not trusted,10.0,9.0,0.330026
Singapore,702001966,33.0,Urban,Low,Male,Married,Higher,,7.0,0.465877,Trusted,9.0,7.0,0.331051
Singapore,702001967,59.0,Urban,Medium,Female,Married,Middle,8.0,6.0,0.345904,Not trusted,10.0,6.0,0.238658
Singapore,702001968,30.0,Urban,Medium,Male,Married,Higher,5.0,5.0,0.405367,Trusted,6.0,7.0,0.403729
Singapore,702001969,55.0,Urban,Medium,Male,Divorced,Higher,9.0,8.0,0.542407,Not trusted,10.0,7.0,0.311789
Singapore,702001970,34.0,Urban,Medium,Female,Married,Higher,8.0,8.0,0.647705,Not trusted,7.0,10.0,0.439420
Singapore,702001971,45.0,Urban,Medium,Male,Single,Middle,3.0,6.0,0.515434,Not trusted,1.0,4.0,0.265072
Singapore,702001972,21.0,Urban,Medium,Female,Married,Higher,7.0,7.0,0.567558,Not trusted,10.0,6.0,0.543972
Singapore,702001973,47.0,Urban,High,Female,Single,Higher,8.0,7.0,0.443705,Not trusted,9.0,10.0,0.396635
Singapore,702001974,38.0,Urban,Medium,Female,Single,Higher,6.0,7.0,0.371870,Not trusted,5.0,7.0,0.401301
Singapore,702001975,57.0,Urban,Medium,Female,Married,Higher,5.0,7.0,0.459405,Trusted,6.0,7.0,0.508877
Singapore,702001976,67.0,Urban,Medium,Female,Married,Middle,8.0,7.0,0.412880,Trusted,7.0,7.0,0.075537
Singapore,702001977,74.0,Urban,Low,Female,Married,Lower,8.0,6.0,0.613694,Not trusted,1.0,7.0,0.664984
Singapore,702001978,40.0,Urban,Medium,Female,Separated,Higher,9.0,7.0,0.231874,Trusted,10.0,8.0,0.204219
Singapore,702001979,61.0,Urban,Low,Male,Single,Lower,5.0,5.0,0.352321,Not trusted,8.0,5.0,0.279227
Singapore,702001980,30.0,Urban,Medium,Male,Married,Higher,6.0,8.0,0.486743,Not trusted,6.0,5.0,0.180683
Singapore,702001981,39.0,Urban,Low,Male,Married,Lower,7.0,8.0,0.231776,Trusted,8.0,8.0,0.355555
Singapore,702001982,22.0,Urban,Medium,Male,Single,Higher,5.0,8.0,0.713856,Not trusted,5.0,5.0,0.547016
Singapore,702001983,68.0,Urban,Medium,Male,Single,Middle,8.0,10.0,0.270737,Not trusted,7.0,9.0,0.057637
Singapore,702001984,55.0,Urban,Low,Female,Married,Lower,7.0,7.0,0.239281,Not trusted,8.0,8.0,0.469383
Singapore,702001985,69.0,Urban,Low,Male,Married,Lower,7.0,8.0,0.529874,Not trusted,10.0,10.0,0.405488
Singapore,702001986,40.0,Urban,Low,Female,Married,Middle,10.0,7.0,0.361895,Trusted,5.0,10.0,0.408064
Singapore,702001987,21.0,Urban,Low,Female,Married,Middle,7.0,7.0,0.573637,Not trusted,2.0,8.0,0.806760
Singapore,702001988,52.0,Urban,Medium,Female,Single,Middle,4.0,5.0,0.173473,Not trusted,7.0,7.0,0.310938
Singapore,702001989,29.0,Urban,Medium,Female,Married,Middle,7.0,6.0,0.577730,Not trusted,3.0,7.0,0.538123
Singapore,702001990,67.0,Urban,Medium,Male,Married,Middle,9.0,10.0,0.271526,Not trusted,10.0,9.0,0.142604
Singapore,702001991,21.0,Urban,Low,Female,Married,Higher,8.0,5.0,0.465420,Not trusted,7.0,7.0,0.508875
Singapore,702001992,31.0,Urban,Low,Male,Divorced,Lower,5.0,4.0,0.588803,Not trusted,2.0,4.0,0.486398
Singapore,702001993,56.0,Urban,Low,Male,Married,Middle,8.0,8.0,0.353848,Not trusted,6.0,7.0,0.418692
Singapore,702001994,24.0,Urban,Medium,Female,Married,Higher,8.0,8.0,0.610165,Not trusted,3.0,5.0,0.224803
Singapore,702001995,54.0,Urban,Low,Male,Married,Middle,7.0,8.0,0.195325,Not trusted,5.0,8.0,0.191087
Singapore,702001996,29.0,Urban,Medium,Female,Single,Middle,7.0,8.0,0.383581,Trusted,8.0,8.0,0.227249
Singapore,702001997,56.0,Urban,Medium,Male,Married,Higher,8.0,8.0,0.633286,Not trusted,1.0,8.0,0.106150
Singapore,702001998,28.0,Urban,Medium,Female,Married,Higher,10.0,10.0,0.620448,Trusted,1.0,9.0,0.390826
Singapore,702001999,36.0,Urban,Medium,Female,Married,Higher,6.0,5.0,0.258720,Trusted,6.0,7.0,0.215708
Singapore,702002000,40.0,Urban,Medium,Female,Married,Higher,6.0,5.0,0.407921,Trusted,10.0,5.0,0.305339
Singapore,702002001,21.0,Urban,Medium,Female,Single,Higher,7.0,2.0,0.757753,Not trusted,,6.0,0.246250
Singapore,702002002,24.0,Urban,Medium,Male,Single,Higher,6.0,5.0,0.503287,Trusted,5.0,7.0,0.261879
Singapore,702002003,46.0,Urban,Medium,Female,Married,Middle,5.0,2.0,0.626940,Not trusted,1.0,7.0,0.624725
Singapore,702002004,25.0,Urban,Medium,Male,Divorced,Middle,7.0,6.0,0.565197,Not trusted,5.0,3.0,0.737959
Singapore,702002005,61.0,Urban,Medium,Female,Married,Middle,10.0,8.0,0.249843,Trusted,5.0,8.0,0.305912
Singapore,702002006,50.0,Urban,Low,Female,Married,Higher,3.0,3.0,0.412799,Not trusted,7.0,1.0,0.287863
Singapore,702002007,37.0,Urban,Medium,Female,Married,Middle,6.0,5.0,0.805659,Not trusted,2.0,5.0,0.311534
Singapore,702002008,65.0,Urban,Medium,Female,Single,Higher,6.0,6.0,0.378111,Not trusted,3.0,8.0,0.318438
Singapore,702002009,51.0,Urban,Medium,Female,Single,Higher,6.0,7.0,0.592118,Trusted,10.0,6.0,0.470112
Singapore,702002010,46.0,Urban,Medium,Male,Married,Middle,8.0,7.0,0.297568,Not trusted,5.0,7.0,0.393270
Singapore,702002011,26.0,Urban,Medium,Male,Living together as married,Higher,7.0,3.0,0.380417,Not trusted,10.0,8.0,0.193008
Singapore,702002012,42.0,Urban,Low,Female,Living together as married,Middle,7.0,7.0,0.287601,Not trusted,9.0,6.0,0.326033
China,156000001,37.0,Rural,High,Female,Single,Higher,7.0,1.0,0.439109,Trusted,10.0,8.0,0.370816
China,156000002,44.0,Urban,Medium,Female,Married,Higher,,8.0,0.416871,Trusted,2.0,9.0,0.375252
China,156000003,38.0,Rural,Medium,Female,Married,Lower,8.0,10.0,0.432345,Trusted,1.0,8.0,0.688762
China,156000004,50.0,Urban,Medium,Male,Widowed,Higher,10.0,10.0,0.299641,Trusted,5.0,9.0,0.246716
China,156000005,38.0,Urban,Low,Female,Married,Lower,1.0,2.0,0.554665,Not trusted,1.0,6.0,0.422680
China,156000006,54.0,Urban,Medium,Male,Single,Lower,6.0,8.0,0.459323,Trusted,1.0,8.0,0.479261
China,156000007,40.0,Rural,Medium,Female,Married,Middle,3.0,5.0,0.357475,Trusted,1.0,1.0,0.564403
China,156000008,32.0,Rural,Low,Female,Married,Lower,1.0,1.0,0.661835,Not trusted,5.0,1.0,0.472965
China,156000009,61.0,Rural,Low,Female,Married,Lower,5.0,4.0,0.304497,Not trusted,1.0,6.0,0.271183
China,156000010,28.0,Urban,Medium,Male,Married,Middle,7.0,10.0,0.502292,Trusted,1.0,6.0,0.416026
China,156000011,70.0,Urban,Low,Female,Married,Lower,6.0,8.0,0.456752,Trusted,2.0,5.0,0.415038
China,156000012,42.0,Urban,Low,Male,Married,Middle,8.0,8.0,0.263602,Not trusted,1.0,7.0,0.203461
China,156000013,19.0,Urban,Medium,Female,Married,Higher,10.0,9.0,0.526735,Trusted,4.0,10.0,0.275338
China,156000014,24.0,Urban,Medium,Female,Single,Lower,3.0,3.0,0.553685,Trusted,10.0,5.0,0.567751
China,156000015,42.0,Urban,Medium,Male,Married,Higher,7.0,8.0,0.641590,Trusted,7.0,2.0,0.320924
China,156000016,60.0,Urban,Low,Female,Single,Lower,7.0,6.0,0.205726,Trusted,1.0,8.0,0.499064
China,156000017,38.0,Urban,Medium,Female,Single,Lower,7.0,7.0,0.487921,Trusted,1.0,4.0,0.396802
China,156000018,30.0,Urban,Low,Male,Married,Lower,5.0,6.0,0.461112,Not trusted,2.0,5.0,0.560539
China,156000019,45.0,Rural,Low,Male,Married,Lower,10.0,6.0,0.235617,Not trusted,5.0,8.0,0.157827
China,156000020,18.0,Rural,Medium,Female,Married,Middle,10.0,8.0,0.354060,Trusted,1.0,6.0,0.330354
China,156000021,20.0,Urban,Medium,Female,Single,Higher,8.0,8.0,0.425492,Trusted,8.0,8.0,0.605070
China,156000022,48.0,Rural,Medium,Male,Married,Higher,5.0,6.0,0.346080,Trusted,2.0,8.0,0.556801
China,156000023,45.0,Urban,Medium,Male,Married,Middle,7.0,8.0,0.409646,Trusted,10.0,5.0,0.313565
China,156000024,28.0,Rural,Medium,Male,Married,Higher,5.0,7.0,0.466523,Trusted,1.0,8.0,0.719911
China,156000025,48.0,Urban,Medium,Female,Married,Lower,8.0,7.0,0.547007,Trusted,1.0,7.0,0.460079
China,156000026,30.0,Urban,Medium,Female,Single,Middle,7.0,8.0,0.393474,Trusted,6.0,9.0,0.483971
China,156000027,53.0,Urban,Medium,Male,Married,Higher,8.0,6.0,0.288527,Trusted,5.0,6.0,0.435970
China,156000028,31.0,Rural,Low,Male,Married,Lower,8.0,5.0,0.543268,Not trusted,8.0,8.0,0.234887
China,156000029,62.0,Urban,Medium,Male,Married,Lower,10.0,10.0,0.232179,Trusted,1.0,10.0,0.151268
China,156000030,26.0,Rural,Low,Male,Married,Higher,8.0,7.0,0.481159,Trusted,2.0,5.0,0.309709
China,156000031,68.0,Urban,Medium,Female,Single,Lower,9.0,10.0,0.449588,Trusted,10.0,9.0,0.647696
China,156000032,48.0,Urban,Medium,Female,Married,Lower,6.0,5.0,0.199732,Trusted,1.0,8.0,0.334318
China,156000033,39.0,Urban,Low,Male,Married,Lower,5.0,6.0,0.371989,Trusted,1.0,3.0,0.560645
China,156000034,43.0,Rural,Medium,Male,Single,Middle,8.0,5.0,0.315092,Trusted,1.0,8.0,0.380983
China,156000035,49.0,Urban,Medium,Female,Single,Lower,8.0,5.0,0.592794,Not trusted,6.0,6.0,0.675279
China,156000036,67.0,Urban,Medium,Female,Married,Lower,7.0,8.0,0.312560,Trusted,3.0,5.0,0.481672
China,156000037,31.0,Rural,Medium,Female,Married,Lower,8.0,10.0,0.209483,Trusted,1.0,9.0,0.358825
China,156000038,62.0,Urban,Low,Male,Married,Lower,7.0,7.0,0.387587,Trusted,5.0,6.0,0.565945
China,156000039,52.0,Urban,Medium,Male,Married,Middle,7.0,9.0,0.383450,Not trusted,1.0,6.0,0.356157
China,156000040,67.0,Urban,Low,Male,Married,Lower,8.0,8.0,0.374041,Not trusted,4.0,7.0,0.496076
China,156000041,37.0,Rural,Medium,Male,Single,Higher,5.0,7.0,0.429809,Trusted,2.0,8.0,0.360001
China,156000042,29.0,Urban,Low,Female,Married,Lower,5.0,6.0,0.311634,Not trusted,3.0,6.0,0.353037
China,156000043,31.0,Urban,Medium,Male,Married,Lower,10.0,8.0,0.356853,Trusted,1.0,8.0,0.317801
China,156000044,56.0,Urban,Medium,Male,Married,Middle,5.0,7.0,0.403880,Not trusted,2.0,7.0,0.505914
China,156000045,39.0,Rural,Low,Male,Married,Lower,8.0,8.0,0.355214,Trusted,1.0,1.0,0.431569
China,156000046,66.0,Urban,Low,Male,Married,Lower,9.0,10.0,0.235580,Not trusted,2.0,3.0,0.299375
China,156000047,65.0,Urban,Low,Male,Married,Middle,8.0,8.0,0.261255,Trusted,2.0,8.0,0.350722
China,156000048,28.0,Urban,Medium,Female,Married,Lower,8.0,8.0,0.450426,Trusted,5.0,8.0,0.508963
China,156000049,67.0,Urban,Medium,Male,Married,Lower,10.0,9.0,0.268126,Trusted,4.0,9.0,0.398236
China,156000050,45.0,Rural,Medium,Female,Married,Middle,7.0,7.0,0.615740,Trusted,1.0,8.0,0.284570
China,156000051,53.0,Urban,Low,Male,Married,Lower,7.0,7.0,0.356501,Not trusted,1.0,6.0,0.374625
China,156000052,34.0,Urban,Medium,Male,Married,Lower,6.0,6.0,0.419843,Trusted,1.0,8.0,0.412908
China,156000053,19.0,Rural,Low,Female,Married,Middle,8.0,5.0,0.543749,Trusted,1.0,2.0,0.356969
China,156000054,37.0,Urban,Medium,Male,Married,Middle,10.0,10.0,0.309421,Trusted,7.0,10.0,0.543863
China,156000055,31.0,Urban,Medium,Female,Widowed,Higher,6.0,7.0,0.388267,Trusted,1.0,7.0,0.200756
China,156000056,43.0,Urban,Low,Female,Married,Middle,9.0,8.0,0.410650,Not trusted,6.0,5.0,0.543405
China,156000057,67.0,Urban,Medium,Female,Single,Lower,8.0,8.0,0.260224,Trusted,6.0,5.0,0.566483
China,156000058,70.0,Urban,Medium,Male,Married,Lower,9.0,7.0,0.329245,Trusted,2.0,10.0,0.579606
China,156000059,53.0,Urban,Low,Male,Married,Lower,8.0,8.0,0.255559,Trusted,1.0,6.0,0.439502
China,156000060,18.0,Rural,Low,Female,Married,Lower,7.0,6.0,0.298785,Not trusted,1.0,9.0,0.277996
China,156000061,42.0,Urban,Low,Female,Married,Lower,8.0,4.0,0.565402,Not trusted,1.0,6.0,0.328662
China,156000062,64.0,Rural,Low,Female,Married,Lower,10.0,9.0,0.197710,Trusted,2.0,8.0,0.280525
China,156000063,45.0,Rural,Medium,Male,Married,Higher,8.0,9.0,0.422000,Trusted,10.0,6.0,0.444117
China,156000064,37.0,Rural,Medium,Female,Married,Higher,10.0,10.0,0.418216,Trusted,1.0,10.0,0.471000
China,156000065,30.0,Urban,Medium,Female,Single,Middle,10.0,8.0,0.320683,Trusted,9.0,5.0,0.315655
China,156000066,45.0,Urban,Medium,Male,Married,Middle,10.0,8.0,0.258322,Trusted,3.0,8.0,0.630293
China,156000067,28.0,Urban,Medium,Female,Married,Middle,3.0,3.0,0.468357,Trusted,4.0,4.0,0.380856
China,156000068,62.0,Rural,Low,Male,Single,Lower,5.0,4.0,0.376407,Not trusted,1.0,6.0,0.625827
China,156000069,70.0,Urban,Medium,Female,Married,Lower,9.0,10.0,0.294936,Not trusted,1.0,8.0,0.344260
China,156000070,35.0,Rural,Low,Female,Single,Middle,5.0,5.0,0.428290,Trusted,1.0,1.0,0.346382
China,156000071,61.0,Rural,Low,Male,Married,Lower,1.0,1.0,0.227581,Not trusted,1.0,1.0,0.357041
China,156000072,67.0,Urban,Low,Female,Married,Lower,10.0,10.0,0.274376,Not trusted,2.0,10.0,0.233583
China,156000073,29.0,Urban,Medium,Female,Married,Middle,8.0,9.0,0.441692,Trusted,1.0,10.0,0.391002
China,156000074,52.0,Urban,Medium,Female,Married,Middle,6.0,7.0,0.299396,,5.0,5.0,0.354785
China,156000075,33.0,Urban,Low,Female,Married,Higher,9.0,8.0,0.352069,Trusted,1.0,10.0,0.302503
China,156000076,27.0,Urban,Medium,Male,Married,Lower,7.0,9.0,0.470927,Trusted,1.0,5.0,0.352459
China,156000077,31.0,Urban,Low,Female,Married,Lower,8.0,7.0,0.423585,Trusted,5.0,4.0,0.420295
China,156000078,45.0,Urban,Medium,Female,Single,Higher,10.0,9.0,0.308813,Trusted,4.0,10.0,0.304945
China,156000079,22.0,Rural,Medium,Male,Married,Middle,6.0,8.0,0.564682,Not trusted,1.0,7.0,0.355887
China,156000080,66.0,Urban,Medium,Male,Married,Lower,9.0,9.0,0.477040,Trusted,2.0,8.0,0.259334
China,156000081,54.0,Urban,Medium,Female,Single,Lower,7.0,10.0,0.424537,Trusted,8.0,6.0,0.436505
China,156000082,68.0,Urban,Low,Female,Married,Lower,10.0,7.0,0.105823,Not trusted,1.0,5.0,0.381931
China,156000083,54.0,Urban,Medium,Male,Married,Lower,9.0,9.0,0.298584,Not trusted,1.0,6.0,0.614711
China,156000084,31.0,Rural,Low,Female,Single,Lower,7.0,6.0,0.268264,Trusted,1.0,3.0,0.608645
China,156000085,38.0,Urban,Medium,Male,Single,Lower,8.0,7.0,0.336965,Not trusted,1.0,5.0,0.335485
China,156000086,18.0,Urban,Low,Male,Married,Lower,8.0,8.0,0.304068,Not trusted,10.0,6.0,0.305483
China,156000087,69.0,Rural,Medium,Female,,Lower,10.0,9.0,0.244137,Trusted,1.0,9.0,0.434482
China,156000088,34.0,Urban,Low,Male,Married,Lower,6.0,5.0,0.521988,Trusted,1.0,7.0,0.482447
China,156000089,61.0,Urban,Medium,Female,Married,Lower,7.0,5.0,0.197781,Trusted,3.0,6.0,0.342165
China,156000090,47.0,Urban,Medium,Female,Married,Higher,10.0,10.0,0.420449,Trusted,3.0,10.0,0.347403
China,156000091,41.0,Rural,Medium,Male,Married,Middle,9.0,9.0,0.441248,Trusted,9.0,8.0,0.271477
China,156000092,48.0,Urban,Low,Female,Married,Middle,8.0,8.0,0.498607,Trusted,1.0,6.0,0.656944
China,156000093,41.0,Urban,Medium,Female,Married,Middle,8.0,8.0,0.527169,Not trusted,1.0,8.0,0.513831
China,156000094,35.0,Urban,Low,Female,Married,Lower,6.0,5.0,0.394829,Not trusted,6.0,6.0,0.581259
China,156000095,29.0,Rural,Medium,Female,Married,Higher,10.0,9.0,0.421475,Trusted,2.0,7.0,0.374422
China,156000096,21.0,Urban,Low,Male,Widowed,Higher,7.0,7.0,0.423255,Not trusted,3.0,8.0,0.414406
China,156000097,40.0,Rural,Medium,Female,Married,Higher,8.0,5.0,0.512243,Not trusted,2.0,5.0,0.359081
China,156000098,64.0,Rural,Low,Male,Married,Lower,8.0,9.0,0.346854,Not trusted,1.0,2.0,0.573284
China,156000099,43.0,Rural,Low,Male,Married,Lower,7.0,8.0,0.317809,Not trusted,2.0,4.0,0.259669
China,156000100,22.0,Rural,Medium,Female,Married,Lower,10.0,10.0,0.401434,Trusted,5.0,6.0,0.330130
China,156000101,64.0,Urban,Medium,Female,Married,Lower,10.0,9.0,0.466669,Trusted,1.0,6.0,0.370269
China,156000102,67.0,Rural,Medium,Female,Single,Higher,7.0,8.0,0.290020,Trusted,6.0,8.0,0.291521
China,156000103,47.0,Urban,Low,Male,Married,Lower,8.0,5.0,0.502952,Trusted,5.0,3.0,0.466879
China,156000104,23.0,Urban,High,Male,Married,Higher,7.0,5.0,0.555894,Trusted,6.0,8.0,0.424400
China,156000105,23.0,Urban,Medium,Female,Widowed,Higher,5.0,7.0,0.738565,Trusted,5.0,5.0,0.615068
China,156000106,48.0,Urban,Medium,Male,Married,Lower,6.0,6.0,0.452189,Not trusted,2.0,4.0,0.332344
China,156000107,39.0,Rural,Medium,Male,Married,Lower,8.0,8.0,0.350766,Trusted,10.0,9.0,0.359881
China,156000108,46.0,Urban,Medium,Male,Married,Middle,8.0,8.0,0.519135,Trusted,2.0,9.0,0.657608
China,156000109,37.0,Urban,Low,Male,Married,Lower,1.0,1.0,0.420330,Trusted,1.0,1.0,0.607641
China,156000110,27.0,Urban,Low,Male,Single,Lower,6.0,6.0,0.356864,Not trusted,1.0,5.0,0.266356
China,156000111,30.0,Urban,Low,Female,Married,Lower,3.0,8.0,0.448457,Not trusted,3.0,3.0,0.396922
China,156000112,68.0,Rural,Medium,Female,Married,Lower,9.0,10.0,0.324018,Not trusted,1.0,10.0,0.269971
China,156000113,43.0,Urban,Medium,Female,Married,Higher,5.0,7.0,0.448906,,5.0,5.0,0.404139
China,156000114,27.0,Urban,Low,Male,Married,Middle,3.0,5.0,0.530374,Trusted,10.0,1.0,0.395343
China,156000115,45.0,Urban,Medium,Female,Married,Higher,8.0,9.0,0.402120,Trusted,1.0,7.0,0.479869
China,156000116,21.0,Urban,Medium,Male,Married,Middle,4.0,8.0,0.361654,Trusted,7.0,7.0,0.414007
China,156000117,55.0,Urban,Low,Male,Married,Lower,8.0,10.0,0.249742,Not trusted,1.0,8.0,0.345583
China,156000118,19.0,Urban,Medium,Female,,Middle,7.0,5.0,0.452149,Trusted,10.0,4.0,0.387697
China,156000119,50.0,Rural,Medium,Female,Married,Middle,9.0,8.0,0.463928,Trusted,3.0,9.0,0.286020
China,156000120,50.0,Rural,Low,Female,Married,Lower,5.0,3.0,0.329220,Not trusted,1.0,4.0,0.570372
China,156000121,34.0,Urban,Low,Female,Married,Lower,6.0,5.0,0.517525,Not trusted,1.0,5.0,0.220612
China,156000122,63.0,Rural,Low,Female,Married,Lower,7.0,6.0,0.290774,Not trusted,3.0,2.0,0.435981
China,156000123,61.0,Urban,Low,Female,Married,Lower,8.0,7.0,0.392954,Not trusted,1.0,10.0,0.513091
China,156000124,37.0,Urban,Low,Male,Married,Lower,8.0,5.0,0.209540,Not trusted,1.0,5.0,0.305833
China,156000125,56.0,Urban,Medium,Male,Married,Lower,8.0,8.0,0.485772,Not trusted,1.0,7.0,0.484627
China,156000126,48.0,Urban,,Female,Married,Middle,9.0,5.0,0.320338,Trusted,2.0,6.0,0.239683
China,156000127,49.0,Rural,Medium,Male,Married,Higher,9.0,6.0,0.467931,Trusted,1.0,7.0,0.577935
China,156000128,21.0,Urban,Low,Male,Married,Lower,5.0,2.0,0.383037,Not trusted,2.0,5.0,0.476366
China,156000129,39.0,Urban,Medium,Female,Married,Lower,9.0,8.0,0.219096,Trusted,2.0,10.0,0.272616
China,156000130,46.0,Urban,Medium,Female,Married,Higher,9.0,6.0,0.345376,Trusted,1.0,9.0,0.569836
China,156000131,68.0,Urban,Medium,Male,Single,Lower,8.0,8.0,0.214996,Trusted,1.0,5.0,0.404761
China,156000132,22.0,Urban,Low,Female,Single,Higher,7.0,7.0,0.597582,Trusted,8.0,6.0,0.592613
China,156000133,27.0,Rural,Medium,Male,Single,Lower,8.0,9.0,0.391730,Not trusted,2.0,4.0,0.116380
China,156000134,62.0,Rural,Medium,Female,Married,Lower,6.0,8.0,0.278753,Not trusted,3.0,1.0,0.240211
China,156000135,65.0,Rural,Medium,Female,Married,Lower,8.0,10.0,0.393406,Not trusted,1.0,7.0,0.285026
China,156000136,45.0,Urban,Low,Male,Married,Higher,8.0,6.0,0.523190,Trusted,10.0,5.0,0.107686
China,156000137,34.0,Urban,Medium,Female,Single,Lower,9.0,8.0,0.298092,Trusted,4.0,10.0,0.272005
China,156000138,22.0,Rural,Medium,Male,Married,Lower,9.0,10.0,0.514259,Trusted,3.0,9.0,0.334951
China,156000139,56.0,Urban,Medium,Female,Married,Higher,9.0,8.0,0.622326,Not trusted,1.0,7.0,0.486845
China,156000140,32.0,Urban,Low,Female,Married,Lower,6.0,4.0,0.413996,Trusted,1.0,7.0,0.771924
China,156000141,55.0,Rural,Medium,Male,Single,Lower,8.0,7.0,0.382164,Trusted,1.0,8.0,0.444965
China,156000142,67.0,Rural,Medium,Female,Married,Lower,8.0,6.0,0.311128,Trusted,1.0,7.0,0.511429
China,156000143,42.0,Rural,Low,Female,Married,Middle,7.0,5.0,0.504355,Trusted,7.0,6.0,0.408433
China,156000144,31.0,Rural,Medium,Male,Married,Higher,10.0,8.0,0.488747,Trusted,4.0,8.0,0.384351
China,156000145,42.0,Urban,Medium,Female,Married,,7.0,8.0,0.307092,Trusted,2.0,8.0,0.277612
China,156000146,48.0,Rural,Low,Male,Married,Lower,10.0,10.0,0.129871,Trusted,1.0,6.0,0.427558
China,156000147,31.0,Rural,Medium,Female,Widowed,Middle,10.0,10.0,0.522835,Trusted,1.0,9.0,0.612573
China,156000148,70.0,Urban,Low,Female,Married,Lower,8.0,10.0,0.233636,Not trusted,1.0,8.0,0.257985
China,156000149,24.0,Rural,Medium,Female,Married,Middle,10.0,10.0,0.398126,Trusted,1.0,10.0,0.374308
China,156000150,68.0,Rural,Medium,Female,Married,Higher,7.0,9.0,0.285769,Trusted,,10.0,0.362912
China,156000151,61.0,Urban,Low,Female,Married,Lower,6.0,7.0,0.279248,Trusted,7.0,6.0,0.216806
China,156000152,62.0,Rural,Low,Male,Married,Lower,10.0,6.0,0.382305,Not trusted,1.0,6.0,0.389397
China,156000153,64.0,Rural,Medium,Male,Married,Lower,10.0,8.0,0.402365,Not trusted,1.0,6.0,0.302143
China,156000154,31.0,Urban,Medium,Female,Married,Higher,10.0,10.0,0.500794,Trusted,5.0,10.0,0.325302
China,156000155,55.0,Urban,Medium,Female,Married,Lower,8.0,7.0,0.258693,Trusted,1.0,7.0,0.420705
China,156000156,60.0,Urban,Medium,Female,Married,Lower,8.0,6.0,0.304988,Trusted,5.0,3.0,0.365433
China,156000157,55.0,Urban,Low,Female,Married,Lower,10.0,10.0,0.513999,Trusted,1.0,8.0,0.471609
China,156000158,49.0,Urban,Medium,Female,Married,Lower,10.0,8.0,0.357166,Not trusted,2.0,9.0,0.271364
China,156000159,61.0,Urban,Medium,Female,Single,Middle,6.0,5.0,0.413174,Trusted,1.0,10.0,0.404565
China,156000160,40.0,Urban,High,Male,Married,Middle,9.0,10.0,0.544997,Trusted,2.0,7.0,0.336273
China,156000161,39.0,Rural,Low,Female,Married,Lower,6.0,4.0,0.275350,Not trusted,8.0,8.0,0.221215
China,156000162,19.0,Urban,Medium,Female,Single,Middle,7.0,7.0,0.408644,Trusted,1.0,5.0,0.351968
China,156000163,37.0,Rural,Medium,Male,Married,Middle,7.0,7.0,0.303784,Trusted,1.0,8.0,0.556810
China,156000164,40.0,Urban,Medium,Male,Single,Middle,10.0,10.0,0.306923,Trusted,1.0,10.0,0.304698
China,156000165,33.0,Urban,Medium,Female,Married,Higher,8.0,7.0,0.480919,Trusted,8.0,6.0,0.330022
China,156000166,58.0,Rural,Medium,Female,Single,Middle,8.0,8.0,0.449907,Trusted,1.0,7.0,0.354467
China,156000167,34.0,Rural,Medium,Male,Married,Lower,6.0,5.0,0.349134,Not trusted,1.0,5.0,0.132809
China,156000168,66.0,Rural,Medium,Female,Married,Lower,9.0,5.0,0.197397,Not trusted,3.0,8.0,0.436656
China,156000169,50.0,Rural,Low,Female,Widowed,Lower,9.0,8.0,0.285748,Trusted,1.0,9.0,0.240009
China,156000170,56.0,Urban,Low,Female,Married,Lower,9.0,10.0,0.419338,Trusted,2.0,6.0,0.348441
China,156000171,50.0,Rural,Low,Female,Married,Middle,7.0,7.0,0.318107,Trusted,1.0,4.0,0.329759
China,156000172,45.0,Urban,Medium,Male,Married,Higher,9.0,8.0,0.431530,Trusted,9.0,8.0,0.367007
China,156000173,46.0,Urban,Medium,Male,Married,Higher,8.0,10.0,0.340573,Not trusted,4.0,7.0,0.440687
China,156000174,34.0,Urban,Medium,Male,Married,Lower,9.0,7.0,0.332574,Trusted,3.0,7.0,0.376150
China,156000175,35.0,Urban,Low,Female,Married,Higher,10.0,10.0,0.506325,Trusted,1.0,8.0,0.374400
China,156000176,69.0,Urban,Low,Male,Single,Lower,3.0,6.0,0.298724,Not trusted,3.0,5.0,0.191104
China,156000177,45.0,Rural,Medium,Female,Married,Middle,10.0,9.0,0.539265,Not trusted,8.0,8.0,0.622336
China,156000178,20.0,Rural,Medium,Female,Married,,6.0,1.0,0.484909,Trusted,5.0,6.0,0.393068
China,156000179,55.0,Urban,Low,Female,Married,Lower,8.0,6.0,0.272477,Trusted,1.0,10.0,0.282540
China,156000180,55.0,Urban,Medium,Male,Single,Lower,7.0,7.0,0.482572,Not trusted,3.0,7.0,0.246644
China,156000181,48.0,Rural,Low,Male,Married,Lower,9.0,10.0,0.220565,Trusted,5.0,7.0,0.692074
China,156000182,44.0,Urban,Medium,Female,Married,Higher,8.0,7.0,0.520956,Trusted,2.0,5.0,0.381594
China,156000183,69.0,Rural,Low,Male,Married,Lower,7.0,9.0,0.357876,Not trusted,1.0,6.0,0.358321
China,156000184,52.0,Urban,Low,Male,Married,Lower,10.0,10.0,0.304221,Not trusted,1.0,10.0,0.440953
China,156000185,45.0,Rural,Low,Female,Married,Lower,4.0,8.0,0.308298,Trusted,1.0,1.0,0.479000
China,156000186,69.0,Urban,Medium,Male,Single,Lower,6.0,8.0,0.179620,Trusted,1.0,6.0,0.489921
China,156000187,40.0,Urban,Medium,Male,Married,Lower,5.0,2.0,0.416380,Trusted,1.0,1.0,0.368924
China,156000188,20.0,Rural,Low,Female,Married,Lower,5.0,8.0,0.206064,Not trusted,2.0,5.0,0.394571
China,156000189,30.0,Urban,Low,Female,Widowed,Lower,8.0,8.0,0.466238,Not trusted,1.0,10.0,0.426106
China,156000190,64.0,Urban,Medium,Female,Married,Middle,8.0,6.0,0.476480,Trusted,2.0,6.0,0.550343
China,156000191,40.0,Rural,Medium,Female,Married,Lower,5.0,4.0,0.473124,Not trusted,5.0,4.0,0.720863
China,156000192,21.0,Rural,Low,Male,Married,Lower,8.0,3.0,0.596906,Trusted,1.0,7.0,0.306073
China,156000193,69.0,Urban,Medium,Female,Married,Lower,10.0,7.0,0.437657,Trusted,10.0,9.0,0.262942
China,156000194,36.0,Urban,Medium,Female,Married,Middle,8.0,10.0,0.456976,Trusted,6.0,7.0,0.484771
China,156000195,68.0,Urban,Medium,Female,Married,Lower,8.0,7.0,0.231217,Not trusted,1.0,8.0,0.424881
China,156000196,22.0,Urban,Medium,Female,Married,Higher,5.0,5.0,0.412312,Trusted,1.0,5.0,0.328242
China,156000197,41.0,Urban,Medium,Male,Married,Middle,8.0,5.0,0.350466,Trusted,5.0,6.0,0.706315
China,156000198,68.0,Urban,Low,Female,Single,Lower,6.0,6.0,0.361890,Not trusted,5.0,4.0,0.309834
China,156000199,44.0,Urban,Low,Male,Married,Lower,2.0,8.0,0.269071,Not trusted,1.0,1.0,0.635356
China,156000200,43.0,Rural,High,Male,Married,Lower,8.0,6.0,0.342626,Trusted,5.0,7.0,0.357901
China,156000201,56.0,Urban,,Female,Married,Higher,5.0,4.0,0.640450,Trusted,6.0,6.0,0.439061
China,156000202,52.0,Rural,Medium,Male,Married,Higher,9.0,8.0,0.316475,Not trusted,2.0,10.0,0.545804
China,156000203,68.0,Rural,Medium,Female,Divorced,Lower,10.0,7.0,0.259721,Not trusted,1.0,10.0,0.322978
China,156000204,34.0,Urban,Medium,Male,Married,Lower,8.0,9.0,0.321522,Not trusted,1.0,6.0,0.279726
China,156000205,35.0,Rural,,Male,Married,Middle,5.0,7.0,0.472697,Trusted,3.0,4.0,0.603393
China,156000206,21.0,Rural,Low,Male,Married,Middle,8.0,3.0,0.302624,Trusted,1.0,8.0,0.223099
China,156000207,29.0,Urban,Low,Female,Single,Lower,5.0,6.0,0.315627,Not trusted,1.0,2.0,0.304625
China,156000208,61.0,Rural,Medium,Female,Married,Middle,8.0,6.0,0.416076,Trusted,1.0,7.0,0.280992
China,156000209,64.0,Rural,Medium,Female,Married,Middle,8.0,7.0,0.307448,Not trusted,1.0,5.0,0.536047
China,156000210,46.0,Urban,Low,Male,Married,Lower,7.0,7.0,0.185888,Not trusted,5.0,6.0,0.283999
China,156000211,66.0,Rural,Low,Female,Married,Lower,7.0,5.0,0.396785,Trusted,1.0,3.0,0.404164
China,156000212,36.0,Urban,Medium,Female,Married,Lower,7.0,9.0,0.373676,Trusted,2.0,10.0,0.433328
China,156000213,36.0,Urban,Medium,Male,Widowed,Lower,10.0,8.0,0.301584,Trusted,1.0,10.0,0.304916
China,156000214,31.0,Urban,Medium,Female,Married,Lower,8.0,8.0,0.507336,Trusted,1.0,7.0,0.428020
China,156000215,63.0,Urban,Low,Female,Married,Lower,8.0,6.0,0.433517,Not trusted,1.0,6.0,0.657287
China,156000216,46.0,Rural,Medium,Female,Married,Higher,8.0,10.0,0.495292,Trusted,4.0,9.0,0.372254
China,156000217,61.0,Urban,Low,Female,Widowed,Lower,6.0,10.0,0.153016,Not trusted,1.0,5.0,0.150101
China,156000218,32.0,Rural,Medium,Female,Married,Lower,10.0,7.0,0.214711,Trusted,5.0,9.0,0.628475
China,156000219,21.0,Urban,Medium,Female,Married,Lower,5.0,8.0,0.448138,Not trusted,1.0,4.0,0.525259
China,156000220,50.0,Rural,Medium,Female,Married,Lower,7.0,8.0,0.385086,Trusted,1.0,3.0,0.460383
China,156000221,66.0,Rural,Low,Female,Single,Lower,6.0,6.0,0.415890,Not trusted,1.0,3.0,0.432148
China,156000222,50.0,Rural,Medium,Male,Married,Higher,10.0,8.0,0.570280,Not trusted,7.0,7.0,0.517980
China,156000223,62.0,Urban,Low,Male,Married,Lower,5.0,4.0,0.379099,Not trusted,6.0,5.0,0.388868
China,156000224,36.0,Urban,Medium,Male,Married,Higher,7.0,6.0,0.526432,Trusted,1.0,8.0,0.517912
China,156000225,47.0,Urban,Low,Female,Married,Lower,8.0,3.0,0.285430,Not trusted,1.0,5.0,0.307602
China,156000226,23.0,Rural,Medium,Male,Married,Middle,5.0,5.0,0.495735,Trusted,1.0,6.0,0.425700
China,156000227,53.0,Urban,Low,Female,Married,Lower,8.0,7.0,0.319766,,1.0,5.0,0.401140
China,156000228,33.0,Rural,Low,Male,Married,Lower,8.0,7.0,0.391084,Not trusted,1.0,6.0,0.479474
China,156000229,62.0,Urban,Medium,Female,Married,Middle,5.0,7.0,0.411220,Trusted,1.0,5.0,0.308513
China,156000230,33.0,Rural,Low,Female,Married,Lower,8.0,6.0,0.421185,Not trusted,1.0,5.0,0.463062
China,156000231,59.0,Rural,Low,Male,Married,Lower,10.0,9.0,0.300582,Trusted,1.0,7.0,0.301542
China,156000232,33.0,Urban,Low,Male,Single,Middle,9.0,8.0,0.483868,Trusted,1.0,6.0,0.425083
China,156000233,57.0,Rural,Low,Male,Married,Lower,7.0,8.0,0.487668,Not trusted,1.0,2.0,0.723009
China,156000234,47.0,Rural,Medium,Female,Married,Lower,10.0,7.0,0.484484,Trusted,2.0,8.0,0.281538
China,156000235,45.0,Urban,Low,Female,Married,Lower,2.0,1.0,0.311711,Not trusted,1.0,3.0,0.452282
China,156000236,39.0,Urban,Medium,Female,Married,Higher,8.0,10.0,0.418072,Trusted,1.0,7.0,0.499095
China,156000237,43.0,Urban,Medium,Female,Married,Higher,9.0,7.0,0.577345,Trusted,4.0,6.0,0.251947
China,156000238,34.0,Urban,Low,Male,Married,Middle,10.0,6.0,0.342314,Trusted,1.0,9.0,0.274244
China,156000239,63.0,Rural,Low,Female,Married,Higher,9.0,10.0,0.249591,Not trusted,1.0,7.0,0.338467
China,156000240,25.0,Urban,Medium,Female,Married,Higher,2.0,4.0,0.525221,Trusted,1.0,1.0,0.514788
China,156000241,22.0,Urban,Medium,Female,Married,Lower,8.0,8.0,0.661789,Not trusted,5.0,8.0,0.270909
China,156000242,68.0,Rural,Medium,Female,Married,Middle,6.0,8.0,0.210910,Not trusted,10.0,7.0,0.484731
China,156000243,40.0,Urban,Low,Male,Married,Middle,5.0,3.0,0.372750,Trusted,1.0,6.0,0.495295
China,156000244,52.0,Urban,Low,Male,Married,Lower,7.0,7.0,0.297551,Trusted,1.0,6.0,0.387868
China,156000245,57.0,Urban,Medium,Male,Married,Lower,7.0,5.0,0.129348,Trusted,8.0,5.0,0.322689
China,156000246,32.0,Urban,Medium,Male,Married,Higher,10.0,9.0,0.246184,Trusted,1.0,8.0,0.412617
China,156000247,32.0,Urban,Medium,Female,Married,Middle,6.0,7.0,0.345039,Trusted,1.0,8.0,0.274808
China,156000248,43.0,Rural,Medium,Male,Single,Higher,8.0,7.0,0.439263,Not trusted,1.0,7.0,0.510973
China,156000249,46.0,Rural,Medium,Female,Married,Higher,8.0,8.0,0.349936,Not trusted,5.0,3.0,0.185876
China,156000250,68.0,Rural,Medium,Female,Married,Lower,10.0,10.0,0.270218,Trusted,7.0,9.0,0.277776
China,156000251,22.0,Rural,,Male,Married,Middle,9.0,10.0,0.445775,Trusted,1.0,7.0,0.368097
China,156000252,55.0,Urban,Low,Female,Married,Lower,9.0,3.0,0.199317,Not trusted,10.0,5.0,0.307579
China,156000253,42.0,Urban,Medium,Female,Married,Lower,10.0,7.0,0.217653,Trusted,1.0,10.0,0.200072
China,156000254,61.0,Urban,Medium,Male,Single,Lower,8.0,6.0,0.446636,Trusted,1.0,8.0,0.429744
China,156000255,48.0,Urban,Low,Female,Married,Higher,7.0,7.0,0.400005,Trusted,6.0,6.0,0.584642
China,156000256,52.0,Rural,Low,Female,Married,Lower,8.0,1.0,0.319792,Not trusted,1.0,6.0,0.438488
China,156000257,55.0,Urban,Medium,Male,Single,Lower,10.0,10.0,0.311043,Trusted,1.0,9.0,0.272417
China,156000258,54.0,Urban,Low,Male,Married,Lower,8.0,6.0,0.423805,Trusted,2.0,7.0,0.570409
China,156000259,34.0,Urban,Medium,Male,Married,Middle,8.0,8.0,0.383855,Trusted,5.0,10.0,0.381013
China,156000260,56.0,Urban,Medium,Female,Married,Middle,7.0,7.0,0.281585,Trusted,1.0,7.0,0.217277
China,156000261,32.0,Urban,Low,Male,Married,Middle,5.0,6.0,0.384524,Trusted,2.0,6.0,0.510006
China,156000262,31.0,Urban,Medium,Female,Married,Lower,8.0,8.0,0.435651,Not trusted,1.0,6.0,0.361225
China,156000263,68.0,Urban,Medium,Male,Married,Middle,10.0,8.0,0.201728,Trusted,1.0,8.0,0.414761
China,156000264,34.0,Urban,Medium,Female,Married,Higher,3.0,8.0,0.755045,Trusted,5.0,9.0,0.485425
China,156000265,24.0,Rural,Medium,Female,Married,Lower,7.0,9.0,0.569772,Not trusted,3.0,6.0,0.303800
China,156000266,49.0,Rural,Medium,Male,Single,Higher,9.0,8.0,0.374195,Trusted,1.0,7.0,0.400706
China,156000267,45.0,Urban,Low,Male,Married,Higher,8.0,10.0,0.567147,Trusted,1.0,5.0,0.362042
China,156000268,67.0,Rural,Low,Male,Married,Lower,10.0,8.0,0.308383,Trusted,1.0,8.0,0.512452
China,156000269,51.0,Urban,Medium,Female,Married,Higher,10.0,8.0,0.405934,Not trusted,8.0,9.0,0.266656
China,156000270,21.0,Rural,Medium,Female,Married,Middle,7.0,4.0,0.320866,Trusted,10.0,6.0,0.375649
China,156000271,24.0,Urban,Medium,Female,Married,Lower,7.0,10.0,0.350526,Trusted,1.0,8.0,0.357519
China,156000272,20.0,Urban,Medium,Female,Married,Higher,8.0,8.0,0.437841,Trusted,9.0,7.0,0.406540
China,156000273,53.0,Urban,Low,Male,Married,Lower,5.0,1.0,0.496191,Not trusted,1.0,5.0,0.378094
China,156000274,60.0,Rural,High,Female,Married,Higher,10.0,8.0,0.360715,Trusted,9.0,9.0,0.349987
China,156000275,67.0,Urban,Medium,Female,Married,Lower,10.0,8.0,0.644499,Trusted,2.0,10.0,0.573245
China,156000276,55.0,Urban,Medium,Female,Married,Higher,8.0,8.0,0.483830,Trusted,3.0,8.0,0.562495
China,156000277,42.0,Urban,Low,Male,Single,Lower,8.0,7.0,0.353947,Not trusted,1.0,8.0,0.340113
China,156000278,55.0,Urban,Medium,Female,Married,Lower,8.0,8.0,0.320033,Trusted,5.0,7.0,0.507726
China,156000279,46.0,Urban,Low,Male,Single,Lower,10.0,9.0,0.414627,Trusted,1.0,9.0,0.371921
China,156000280,25.0,Rural,Medium,Female,Married,Middle,3.0,1.0,0.386582,Trusted,2.0,7.0,0.432916
China,156000281,44.0,Urban,Medium,Female,Married,Higher,6.0,8.0,0.482786,Trusted,6.0,8.0,0.550834
China,156000282,58.0,Rural,Medium,Male,Married,Higher,5.0,2.0,0.425505,Trusted,1.0,6.0,0.637262
China,156000283,28.0,Urban,Medium,Female,Married,Middle,5.0,8.0,0.469415,Trusted,1.0,6.0,0.367134
China,156000284,63.0,Urban,Medium,Female,Married,Lower,6.0,6.0,0.404742,Trusted,1.0,5.0,0.319005
China,156000285,62.0,Urban,Medium,Male,Married,Lower,10.0,10.0,0.313277,Not trusted,1.0,8.0,0.362857
China,156000286,63.0,Urban,Low,Female,Married,Lower,9.0,7.0,0.326009,Trusted,1.0,10.0,0.495243
China,156000287,51.0,Urban,Medium,Male,Married,Middle,8.0,5.0,0.450420,Trusted,2.0,6.0,0.293000
China,156000288,69.0,Urban,Low,Female,Married,Lower,10.0,9.0,0.427290,Trusted,1.0,6.0,0.421867
China,156000289,27.0,Urban,Medium,Male,Married,Higher,8.0,8.0,0.600366,Trusted,6.0,7.0,0.407561
China,156000290,33.0,Urban,Medium,Male,Married,Middle,8.0,8.0,0.463000,Trusted,1.0,8.0,0.460954
China,156000291,33.0,Urban,Medium,Male,Married,Lower,8.0,6.0,0.119917,Trusted,1.0,5.0,0.418304
China,156000292,29.0,Rural,Medium,Female,Married,Higher,8.0,6.0,0.472447,Trusted,3.0,8.0,0.496621
China,156000293,47.0,Rural,Medium,Male,Married,Middle,8.0,8.0,0.466875,Not trusted,1.0,7.0,0.579515
China,156000294,42.0,Urban,Medium,Male,Married,Lower,9.0,6.0,0.366004,Trusted,1.0,7.0,0.260697
China,156000295,39.0,Urban,Low,Male,Married,Lower,8.0,8.0,0.148795,Trusted,5.0,5.0,0.535539
China,156000296,65.0,Rural,Low,Female,Married,Lower,10.0,10.0,0.306037,Not trusted,5.0,8.0,0.220070
China,156000297,18.0,Urban,Medium,Female,Single,Higher,9.0,5.0,0.480554,Trusted,9.0,4.0,0.389979
China,156000298,37.0,Urban,Low,Female,Married,Middle,10.0,6.0,0.287988,Not trusted,1.0,8.0,0.443879
China,156000299,45.0,Urban,Medium,Female,Divorced,Higher,9.0,5.0,0.501500,Trusted,1.0,7.0,0.336461
China,156000300,56.0,Urban,Low,Male,Single,Lower,10.0,8.0,0.417654,Not trusted,1.0,8.0,0.327525
China,156000301,26.0,Urban,Medium,Male,Married,Middle,10.0,6.0,0.314981,Trusted,3.0,10.0,0.397504
China,156000302,68.0,Rural,Medium,Female,Married,Middle,7.0,5.0,0.189930,Trusted,2.0,2.0,0.357258
China,156000303,44.0,Urban,Medium,Male,Married,Lower,10.0,8.0,0.234586,Trusted,3.0,7.0,0.369116
China,156000304,45.0,Urban,Medium,Male,Married,Higher,7.0,7.0,0.334978,Trusted,2.0,3.0,0.349193
China,156000305,48.0,Urban,Low,Male,Divorced,Middle,8.0,6.0,0.390903,Trusted,3.0,5.0,0.392304
China,156000306,28.0,Rural,Low,Male,Married,Middle,3.0,5.0,0.757371,Trusted,5.0,7.0,0.358972
China,156000307,50.0,Urban,Medium,Female,Married,Lower,8.0,7.0,0.400327,Not trusted,8.0,6.0,0.481916
China,156000308,64.0,Urban,Low,Female,Married,Lower,4.0,9.0,0.442211,Trusted,1.0,7.0,0.406791
China,156000309,45.0,Urban,High,Female,Married,Higher,10.0,7.0,0.365442,Trusted,2.0,9.0,0.461443
China,156000310,47.0,Urban,Medium,Female,Married,Lower,,10.0,0.329340,Trusted,1.0,9.0,0.249491
China,156000311,62.0,Urban,Medium,Female,Married,Middle,10.0,10.0,0.554012,Trusted,1.0,10.0,0.704689
China,156000312,61.0,Rural,Low,Male,Married,Lower,10.0,6.0,0.411031,Trusted,1.0,6.0,0.171872
China,156000313,37.0,Rural,Medium,Male,Married,Lower,7.0,10.0,0.436729,Trusted,4.0,7.0,0.603070
China,156000314,67.0,Urban,Medium,Male,Married,Lower,8.0,9.0,0.197696,Trusted,7.0,5.0,0.154597
China,156000315,34.0,Urban,Low,Male,Single,Middle,8.0,10.0,0.286551,Trusted,8.0,10.0,0.145941
China,156000316,19.0,Urban,Medium,Female,Married,Lower,6.0,8.0,0.459913,Trusted,1.0,7.0,0.416486
China,156000317,55.0,Rural,Medium,Male,Married,Middle,10.0,10.0,0.563743,Trusted,5.0,8.0,0.334042
China,156000318,28.0,Rural,High,Female,Married,Middle,10.0,10.0,0.495434,Trusted,3.0,9.0,0.593425
China,156000319,29.0,Urban,Medium,Female,Married,Middle,9.0,10.0,0.399549,Trusted,1.0,10.0,0.510126
China,156000320,37.0,Rural,Medium,Female,Married,Middle,8.0,10.0,0.685703,,2.0,5.0,0.311384
China,156000321,41.0,Urban,Low,Male,Married,Lower,10.0,8.0,0.342790,Not trusted,4.0,7.0,0.303280
China,156000322,18.0,Rural,,Female,,Lower,8.0,6.0,0.374437,Not trusted,1.0,10.0,0.326793
China,156000323,31.0,Rural,Low,Male,Married,Middle,10.0,8.0,0.374272,Not trusted,1.0,8.0,0.469128
China,156000324,22.0,Urban,Medium,Female,Married,Middle,10.0,5.0,0.281730,Trusted,1.0,7.0,0.585806
China,156000325,34.0,Rural,Medium,Female,Married,Lower,6.0,3.0,0.367650,Trusted,5.0,7.0,0.370389
China,156000326,62.0,Rural,Medium,Female,Married,Lower,7.0,1.0,0.398579,Not trusted,1.0,9.0,0.341603
China,156000327,51.0,Rural,Medium,Female,Married,Lower,5.0,9.0,0.527290,Trusted,5.0,1.0,0.481934
China,156000328,48.0,Urban,Medium,Male,Married,Lower,7.0,6.0,0.399478,Trusted,4.0,5.0,0.325273
China,156000329,55.0,Urban,Medium,Male,Single,Higher,4.0,6.0,0.500052,Not trusted,4.0,1.0,0.440426
China,156000330,68.0,Rural,Low,Female,Married,Lower,8.0,9.0,0.543406,Not trusted,1.0,6.0,0.554842
China,156000331,40.0,Urban,High,Female,Single,Lower,10.0,8.0,0.404375,Trusted,8.0,7.0,0.239996
China,156000332,18.0,Urban,Medium,Female,Married,Higher,3.0,5.0,0.700314,Not trusted,1.0,4.0,0.369659
China,156000333,36.0,Urban,High,Male,Married,Higher,10.0,6.0,0.482268,Trusted,2.0,8.0,0.134216
China,156000334,67.0,Urban,Medium,Female,Married,Lower,9.0,9.0,0.393191,Trusted,2.0,6.0,0.438418
China,156000335,65.0,Urban,Low,Female,Divorced,Lower,8.0,6.0,0.407566,Trusted,1.0,10.0,0.486757
China,156000336,22.0,Urban,Low,Male,Married,Lower,5.0,5.0,0.553696,Trusted,9.0,6.0,0.538237
China,156000337,63.0,Urban,Low,Female,Married,Lower,10.0,10.0,0.151907,Not trusted,8.0,10.0,0.227282
China,156000338,53.0,Urban,Low,Female,Married,Lower,10.0,8.0,0.414381,Trusted,2.0,7.0,0.691136
China,156000339,56.0,Rural,Low,Female,Single,Lower,10.0,9.0,0.484798,Trusted,1.0,7.0,0.194262
China,156000340,45.0,Rural,Medium,Male,Married,Middle,6.0,10.0,0.242997,Trusted,1.0,6.0,0.387036
China,156000341,52.0,Urban,High,Female,Married,Lower,6.0,5.0,0.514995,Trusted,1.0,6.0,0.408459
China,156000342,30.0,Urban,Medium,Female,Married,Higher,10.0,5.0,0.546653,Trusted,1.0,9.0,0.351426
China,156000343,18.0,Urban,Medium,Female,Married,Middle,2.0,6.0,0.720878,Trusted,2.0,6.0,0.728889
China,156000344,21.0,Urban,Low,Male,Married,Lower,7.0,2.0,0.525826,Not trusted,2.0,5.0,0.646231
China,156000345,35.0,Urban,Medium,Female,Married,Middle,7.0,6.0,0.584584,Trusted,1.0,6.0,0.462922
China,156000346,48.0,Rural,Low,Female,Married,Middle,6.0,8.0,0.442091,Trusted,1.0,4.0,0.359236
China,156000347,38.0,Urban,Low,Female,Married,Lower,10.0,7.0,0.543783,Not trusted,1.0,6.0,0.350374
China,156000348,26.0,Urban,Medium,Female,Married,Lower,10.0,10.0,0.426712,Trusted,1.0,9.0,0.351685
China,156000349,52.0,Urban,Medium,Female,Single,Lower,10.0,10.0,0.341955,Trusted,3.0,10.0,0.391842
China,156000350,53.0,Rural,Low,Female,Married,Lower,5.0,6.0,0.499700,Trusted,1.0,5.0,0.223887
China,156000351,38.0,Rural,,Male,Married,Lower,7.0,8.0,0.365958,Not trusted,1.0,7.0,0.611762
China,156000352,18.0,Rural,Medium,Male,Married,Middle,8.0,5.0,0.491971,Trusted,1.0,6.0,0.265636
China,156000353,42.0,Rural,Medium,Female,Widowed,Lower,2.0,7.0,0.428943,Trusted,1.0,6.0,0.203213
China,156000354,42.0,Urban,Low,Female,Married,Lower,9.0,5.0,0.475275,Not trusted,1.0,7.0,0.416578
China,156000355,56.0,Rural,Low,Male,Single,Lower,8.0,6.0,0.294469,Not trusted,1.0,5.0,0.513445
China,156000356,23.0,Urban,Low,Female,Married,Lower,8.0,6.0,0.225571,Trusted,2.0,5.0,0.442898
China,156000357,66.0,Urban,Low,Female,Married,Lower,7.0,7.0,0.389324,Trusted,1.0,7.0,0.680297
China,156000358,50.0,Urban,Low,Female,Divorced,Lower,7.0,10.0,0.362509,Not trusted,6.0,10.0,0.548129
China,156000359,55.0,Urban,Low,Female,Married,Higher,10.0,6.0,0.380647,Trusted,1.0,7.0,0.415699
China,156000360,38.0,Urban,Medium,Female,Single,Lower,7.0,5.0,0.245352,Not trusted,1.0,8.0,0.429453
China,156000361,50.0,Urban,Medium,Male,Widowed,Lower,5.0,7.0,0.181360,Not trusted,4.0,4.0,0.476530
China,156000362,65.0,Urban,Low,Female,Single,Middle,5.0,2.0,0.345306,Trusted,1.0,7.0,0.537324
China,156000363,63.0,Rural,Low,Female,Single,Lower,1.0,5.0,0.444036,Trusted,9.0,6.0,0.425836
China,156000364,28.0,Urban,Low,Female,Single,Lower,10.0,8.0,0.285365,Trusted,10.0,4.0,0.268785
China,156000365,63.0,Urban,Medium,Female,Married,Middle,7.0,5.0,0.387619,Trusted,1.0,5.0,0.109609
China,156000366,40.0,Urban,Medium,Female,Married,Middle,8.0,5.0,0.283736,Trusted,1.0,1.0,0.514927
China,156000367,42.0,Urban,Medium,Female,Divorced,Middle,6.0,4.0,0.520630,Trusted,1.0,3.0,0.559146
China,156000368,20.0,Rural,Medium,Female,Married,Higher,7.0,6.0,0.371282,Trusted,7.0,,0.434839
China,156000369,58.0,Urban,Medium,Male,Married,Lower,10.0,10.0,0.180539,Trusted,4.0,9.0,0.387349
China,156000370,56.0,Rural,Medium,Male,Married,Lower,7.0,5.0,0.230799,Trusted,5.0,3.0,0.377513
China,156000371,49.0,Urban,Low,Female,Married,Higher,7.0,7.0,0.417394,Trusted,2.0,8.0,0.661573
China,156000372,49.0,Urban,Medium,Male,Married,Higher,8.0,6.0,0.359598,Trusted,1.0,9.0,0.337502
China,156000373,24.0,Urban,Medium,Female,Single,Higher,9.0,7.0,0.421533,Trusted,1.0,7.0,0.307583
China,156000374,22.0,Urban,Medium,Male,Divorced,Middle,8.0,8.0,0.465933,Trusted,1.0,8.0,0.473823
China,156000375,52.0,Urban,Medium,Male,Married,Lower,9.0,9.0,0.387619,Trusted,1.0,7.0,0.414915
China,156000376,34.0,Urban,Low,Female,Married,Lower,5.0,5.0,0.354681,Not trusted,1.0,3.0,0.396757
China,156000377,50.0,Urban,Medium,Male,Married,Lower,7.0,7.0,0.384287,Trusted,1.0,6.0,0.364357
China,156000378,50.0,Urban,Medium,Female,Single,Lower,8.0,10.0,0.430781,Not trusted,2.0,6.0,0.631170
China,156000379,63.0,Rural,Medium,Female,Married,Middle,10.0,10.0,0.191261,Trusted,3.0,10.0,0.248251
China,156000380,55.0,Urban,Medium,Female,Married,Lower,7.0,7.0,0.346485,Not trusted,1.0,6.0,0.291983
China,156000381,38.0,Rural,Low,Female,Married,Lower,5.0,6.0,0.465596,Not trusted,1.0,6.0,0.496713
China,156000382,67.0,Rural,Medium,Female,Married,Lower,9.0,7.0,0.314007,Trusted,3.0,5.0,0.315016
China,156000383,59.0,Urban,,Female,Married,Middle,2.0,7.0,0.314255,Trusted,1.0,3.0,0.337656
China,156000384,53.0,Urban,Medium,Female,Married,Higher,6.0,7.0,0.174620,Trusted,2.0,8.0,0.412990
China,156000385,20.0,Urban,Medium,Female,Married,Higher,6.0,7.0,0.269808,Trusted,6.0,3.0,0.349145
China,156000386,64.0,Urban,Low,Male,Married,Lower,10.0,6.0,0.312565,Trusted,1.0,9.0,0.288682
China,156000387,43.0,Urban,High,Female,Married,Higher,10.0,10.0,0.390046,Trusted,2.0,6.0,0.451683
China,156000388,70.0,Urban,Low,Female,Single,Lower,6.0,8.0,0.247450,Not trusted,1.0,5.0,0.412493
China,156000389,48.0,Urban,Low,Female,Married,Lower,5.0,3.0,0.329352,Not trusted,1.0,5.0,0.558837
China,156000390,43.0,Urban,Low,Female,Married,Lower,8.0,6.0,0.108231,Not trusted,5.0,8.0,0.206503
China,156000391,32.0,Urban,Medium,Female,Married,Lower,10.0,8.0,0.431593,Not trusted,1.0,5.0,0.432713
China,156000392,48.0,Urban,Medium,Female,Married,Higher,7.0,8.0,0.413749,Trusted,1.0,5.0,0.296765
China,156000393,56.0,Rural,Low,Male,Married,Lower,8.0,6.0,0.173229,Not trusted,2.0,7.0,0.299477
China,156000394,48.0,Rural,Medium,Female,Widowed,Higher,8.0,10.0,0.454131,Trusted,1.0,8.0,0.526767
China,156000395,20.0,Rural,Medium,Male,Married,Lower,7.0,8.0,0.474897,Not trusted,2.0,3.0,0.549371
China,156000396,62.0,Rural,Low,Male,Married,Middle,8.0,9.0,0.146697,Not trusted,1.0,5.0,0.493502
China,156000397,40.0,Rural,Low,Male,Married,Lower,8.0,6.0,0.286585,Not trusted,8.0,7.0,0.313335
China,156000398,51.0,Rural,Low,Female,Married,Lower,7.0,9.0,0.427641,Not trusted,1.0,8.0,0.294117
China,156000399,23.0,Urban,Medium,Female,Married,Middle,5.0,6.0,0.458029,Trusted,1.0,4.0,0.412040
China,156000400,27.0,Urban,Low,Female,Married,Middle,8.0,6.0,0.439896,Trusted,10.0,8.0,0.042568
China,156000401,32.0,Urban,Medium,Male,Married,Lower,10.0,10.0,0.189881,Not trusted,1.0,10.0,0.383519
China,156000402,40.0,Rural,Medium,Male,Married,Middle,7.0,8.0,0.384660,Trusted,2.0,5.0,0.202911
China,156000403,65.0,Urban,Medium,Male,Married,Lower,8.0,5.0,0.296855,Trusted,6.0,5.0,0.610127
China,156000404,29.0,Rural,Medium,Male,Married,Higher,8.0,7.0,0.337979,Trusted,1.0,7.0,0.347631
China,156000405,50.0,Urban,Medium,Female,Married,Middle,10.0,7.0,0.246228,Trusted,1.0,8.0,0.333271
China,156000406,35.0,Rural,Medium,Female,Married,Middle,8.0,8.0,0.305046,Trusted,1.0,7.0,0.676286
China,156000407,47.0,Urban,Low,Female,Divorced,Middle,10.0,7.0,0.447495,Trusted,1.0,10.0,0.421071
China,156000408,44.0,Urban,Medium,Male,Single,Lower,9.0,8.0,0.496751,Trusted,8.0,6.0,0.352242
China,156000409,35.0,Urban,Medium,Female,Married,Lower,6.0,8.0,0.344747,Trusted,1.0,7.0,0.408412
China,156000410,65.0,Urban,Medium,Female,Married,Lower,10.0,10.0,0.224910,Trusted,1.0,10.0,0.578140
China,156000411,28.0,Urban,Low,Female,Married,Higher,8.0,8.0,0.528271,Trusted,1.0,6.0,0.316129
China,156000412,30.0,Urban,Medium,Female,Married,Higher,10.0,8.0,0.291396,Not trusted,5.0,10.0,0.592728
China,156000413,57.0,Rural,Medium,Male,Married,Lower,7.0,9.0,0.415751,Trusted,1.0,8.0,0.284419
China,156000414,68.0,Urban,Low,Male,Single,Lower,10.0,10.0,0.454075,Not trusted,1.0,9.0,0.329107
China,156000415,70.0,Rural,Low,Male,Married,Lower,9.0,10.0,0.482770,Trusted,1.0,5.0,0.436105
China,156000416,31.0,Rural,Medium,Male,Married,Higher,10.0,10.0,0.324499,Trusted,1.0,10.0,0.284612
China,156000417,25.0,Rural,Medium,Male,Married,Middle,8.0,8.0,0.182944,Trusted,4.0,8.0,0.592441
China,156000418,43.0,Urban,Medium,Male,Married,Middle,10.0,9.0,0.336344,Trusted,1.0,6.0,0.358002
China,156000419,39.0,Rural,Low,Female,Married,Lower,6.0,3.0,0.369051,Not trusted,2.0,2.0,0.570673
China,156000420,38.0,Rural,Medium,Female,Married,Middle,10.0,10.0,0.249120,Not trusted,1.0,8.0,0.496796
China,156000421,67.0,Urban,Medium,Male,Single,Lower,8.0,8.0,0.350499,Trusted,3.0,7.0,0.301645
China,156000422,33.0,Urban,Medium,Male,Married,Lower,4.0,3.0,0.605201,Trusted,6.0,3.0,0.568518
China,156000423,20.0,Rural,Medium,Male,Married,Middle,10.0,8.0,0.420983,Trusted,1.0,8.0,0.363111
China,156000424,61.0,Rural,Low,Male,Single,Lower,7.0,8.0,0.270560,Not trusted,1.0,5.0,0.444041
China,156000425,53.0,Rural,Low,Male,Married,Middle,6.0,9.0,0.449124,Not trusted,1.0,7.0,0.258627
China,156000426,48.0,Rural,Low,Female,Married,Higher,9.0,6.0,0.369457,Trusted,1.0,6.0,0.539085
China,156000427,18.0,Rural,Low,Male,,Lower,6.0,6.0,0.298571,Trusted,4.0,3.0,0.324448
China,156000428,42.0,Rural,Medium,Female,Married,Lower,7.0,6.0,0.426920,Not trusted,5.0,7.0,0.353374
China,156000429,67.0,Urban,Medium,Male,Married,Lower,9.0,9.0,0.541439,Not trusted,5.0,8.0,0.385231
China,156000430,38.0,Urban,Medium,Female,Married,Higher,7.0,7.0,0.135520,Trusted,3.0,7.0,0.313752
China,156000431,38.0,Rural,Low,Male,Married,Lower,7.0,7.0,0.645804,Trusted,3.0,6.0,0.485709
China,156000432,55.0,Urban,Medium,Female,Married,Higher,10.0,10.0,0.409412,Not trusted,5.0,8.0,0.460693
China,156000433,42.0,Rural,Medium,Male,Married,Middle,,7.0,0.397188,Trusted,10.0,3.0,0.307688
China,156000434,40.0,Urban,Medium,Male,Married,Lower,10.0,10.0,0.605952,Not trusted,1.0,10.0,0.387055
China,156000435,41.0,Urban,Low,Male,Married,Lower,8.0,7.0,0.326365,Trusted,1.0,5.0,0.550665
China,156000436,21.0,Urban,Medium,Male,Married,Lower,6.0,5.0,0.570975,Trusted,1.0,5.0,0.284089
China,156000437,47.0,Rural,Medium,Female,Single,Lower,10.0,8.0,0.210910,Not trusted,7.0,7.0,0.427751
China,156000438,48.0,Rural,Low,Female,Married,Lower,6.0,4.0,0.176340,Not trusted,7.0,5.0,0.387400
China,156000439,41.0,Rural,Medium,Female,Married,Lower,10.0,10.0,0.259817,Trusted,1.0,7.0,0.577899
China,156000440,30.0,Urban,Medium,Female,Married,Lower,8.0,5.0,0.295730,Not trusted,2.0,8.0,0.317705
China,156000441,31.0,Urban,Low,Female,Married,Higher,7.0,4.0,0.452675,Trusted,1.0,5.0,0.378710
China,156000442,22.0,Rural,Medium,Male,Married,Middle,5.0,9.0,0.557800,Trusted,4.0,7.0,0.529771
China,156000443,58.0,Urban,Medium,Male,Married,Middle,10.0,9.0,0.325969,Trusted,1.0,10.0,0.374568
China,156000444,59.0,Rural,Low,Male,Married,Lower,10.0,8.0,0.281013,Trusted,6.0,9.0,0.211321
China,156000445,26.0,Rural,Medium,Male,Married,Higher,9.0,8.0,0.580296,Trusted,8.0,8.0,0.439965
China,156000446,39.0,Urban,Medium,Male,Married,Middle,6.0,7.0,0.454152,Trusted,1.0,3.0,0.558674
China,156000447,65.0,Urban,Medium,Female,Married,Lower,10.0,8.0,0.413146,Trusted,5.0,8.0,0.221142
China,156000448,49.0,Urban,Medium,Male,Married,Lower,5.0,5.0,0.300295,Trusted,1.0,8.0,0.478445
China,156000449,61.0,Rural,Low,Female,Married,Lower,8.0,8.0,0.488638,Trusted,4.0,7.0,0.291015
China,156000450,54.0,Urban,Low,Male,Married,Lower,6.0,4.0,0.416578,Not trusted,1.0,5.0,0.443234
China,156000451,68.0,Rural,Medium,Female,Married,Lower,7.0,8.0,0.367184,Not trusted,1.0,6.0,0.464174
China,156000452,30.0,Rural,Medium,Male,Married,Lower,8.0,10.0,0.378963,Trusted,5.0,6.0,0.307550
China,156000453,49.0,Urban,Medium,Female,Married,Lower,8.0,5.0,0.249991,Not trusted,1.0,9.0,0.375136
China,156000454,53.0,Urban,Low,Female,Married,Lower,7.0,6.0,0.458493,Trusted,5.0,5.0,0.234819
China,156000455,69.0,Rural,Low,Male,Married,Lower,7.0,8.0,0.393127,Not trusted,2.0,8.0,0.322723
China,156000456,44.0,Urban,Medium,Male,Married,Middle,9.0,10.0,0.495017,Trusted,8.0,8.0,0.478489
China,156000457,21.0,Urban,Medium,Female,Single,Higher,4.0,6.0,0.508483,Not trusted,2.0,5.0,0.549841
China,156000458,31.0,Urban,Medium,Female,Married,Middle,6.0,9.0,0.490664,Trusted,1.0,6.0,0.559428
China,156000459,63.0,Urban,Low,Female,Married,Lower,8.0,10.0,0.279905,Trusted,2.0,3.0,0.233096
China,156000460,42.0,Rural,Medium,Female,Married,Higher,10.0,8.0,0.331225,Trusted,1.0,10.0,0.337709
China,156000461,52.0,Urban,Medium,Male,Married,Middle,8.0,7.0,0.483201,Not trusted,1.0,6.0,0.432743
China,156000462,42.0,Urban,Medium,Male,Single,Lower,10.0,8.0,0.449618,Trusted,4.0,8.0,0.442249
China,156000463,46.0,Rural,Low,Female,Married,Lower,10.0,7.0,0.101961,Not trusted,2.0,10.0,0.309350
China,156000464,36.0,Urban,Low,Female,Married,Lower,7.0,8.0,0.485071,Trusted,1.0,8.0,0.630429
China,156000465,36.0,Urban,High,Female,Married,Higher,8.0,10.0,0.492566,Trusted,5.0,10.0,0.498818
China,156000466,26.0,Urban,Low,Female,Married,Lower,6.0,10.0,0.544747,Not trusted,3.0,7.0,0.371357
China,156000467,49.0,Urban,Medium,Male,Married,Middle,7.0,5.0,0.217681,Trusted,3.0,10.0,0.470766
China,156000468,42.0,Urban,Medium,Female,Married,Higher,8.0,6.0,0.298018,Trusted,8.0,6.0,0.374690
China,156000469,36.0,Rural,High,Female,Married,Middle,9.0,10.0,0.507326,Trusted,2.0,10.0,0.563248
China,156000470,53.0,Urban,Low,Male,Married,Lower,8.0,4.0,0.299693,Trusted,1.0,3.0,0.225284
China,156000471,64.0,Urban,Medium,Female,Married,Middle,8.0,3.0,0.592980,Trusted,1.0,8.0,0.601547
China,156000472,67.0,Urban,Low,Female,Married,Lower,9.0,8.0,0.235853,Not trusted,1.0,8.0,0.355099
China,156000473,55.0,Urban,Low,Male,Married,Lower,8.0,10.0,0.320376,Not trusted,2.0,7.0,0.048515
China,156000474,31.0,Rural,Medium,Male,Married,Lower,8.0,10.0,0.274895,Trusted,1.0,8.0,0.731908
China,156000475,21.0,Urban,Low,Male,Married,Lower,10.0,5.0,0.343493,Not trusted,1.0,6.0,0.363080
China,156000476,58.0,Urban,Low,Female,Married,Lower,8.0,10.0,0.306035,Not trusted,2.0,7.0,0.348239
China,156000477,50.0,Rural,Low,Female,Married,Lower,2.0,4.0,0.268645,Not trusted,3.0,3.0,0.691351
China,156000478,55.0,Urban,Medium,Female,Divorced,Middle,8.0,8.0,0.399657,Not trusted,2.0,7.0,0.421009
China,156000479,67.0,Urban,Medium,Male,Married,Lower,7.0,7.0,0.379066,Not trusted,1.0,7.0,0.241362
China,156000480,22.0,Rural,Medium,Female,Widowed,Middle,9.0,10.0,0.396423,Not trusted,1.0,8.0,0.349142
China,156000481,54.0,Rural,Low,Female,Married,Lower,9.0,7.0,0.351694,Trusted,2.0,9.0,0.315394
China,156000482,43.0,Rural,Low,Male,Married,Lower,5.0,4.0,0.403208,Not trusted,1.0,5.0,0.480418
China,156000483,42.0,Rural,Medium,Male,Married,Middle,8.0,8.0,0.292141,Trusted,10.0,9.0,0.385722
China,156000484,68.0,Urban,Low,Male,Married,Lower,6.0,5.0,0.295855,Trusted,1.0,5.0,0.317194
China,156000485,30.0,Urban,Medium,Female,Single,Lower,6.0,5.0,0.467339,Not trusted,1.0,6.0,0.596018
China,156000486,52.0,Urban,Medium,Female,Single,Middle,6.0,4.0,0.413354,Trusted,3.0,8.0,0.407771
China,156000487,33.0,Rural,Medium,Female,Married,Lower,10.0,10.0,0.388375,Trusted,4.0,10.0,0.357697
China,156000488,31.0,Urban,Medium,Female,Single,Lower,7.0,3.0,0.523260,Trusted,3.0,7.0,0.464949
China,156000489,32.0,Urban,Medium,Female,Married,Lower,9.0,10.0,0.244458,Trusted,8.0,8.0,0.476603
China,156000490,67.0,Urban,Low,Female,Single,Lower,8.0,8.0,0.250346,Trusted,7.0,10.0,0.338534
China,156000491,41.0,Urban,Medium,Male,Married,Higher,9.0,10.0,0.308387,Trusted,1.0,10.0,0.268906
China,156000492,68.0,Urban,Medium,Female,Living together as married,Lower,8.0,6.0,0.236505,Not trusted,2.0,9.0,0.361431
China,156000493,52.0,Rural,Low,Male,Married,Lower,7.0,8.0,0.220950,Not trusted,1.0,3.0,0.435486
China,156000494,52.0,Rural,Low,Female,Married,Lower,7.0,10.0,0.403704,Not trusted,1.0,6.0,0.229923
China,156000495,58.0,Rural,Medium,Male,Living together as married,Higher,6.0,8.0,0.451945,Trusted,7.0,6.0,0.236320
China,156000496,31.0,Rural,Medium,Male,Single,Middle,10.0,7.0,0.365635,Trusted,4.0,8.0,0.155978
China,156000497,35.0,Urban,Low,Female,Married,Higher,10.0,8.0,0.433831,Trusted,2.0,8.0,0.451801
China,156000498,44.0,Rural,Low,Male,,Lower,7.0,10.0,0.508290,Not trusted,1.0,5.0,0.422554
China,156000499,48.0,Urban,Medium,Female,Married,Lower,8.0,7.0,0.436558,Trusted,8.0,6.0,0.605291
China,156000500,66.0,Urban,Low,Female,Married,Middle,8.0,10.0,0.339336,Trusted,3.0,6.0,0.280176
China,156000501,30.0,Urban,Medium,Female,Married,Lower,8.0,7.0,0.573332,Trusted,3.0,7.0,0.618344
China,156000502,33.0,Urban,Low,Female,Married,Lower,6.0,5.0,0.310982,Not trusted,1.0,10.0,0.313416
China,156000503,55.0,Rural,Medium,Male,Married,Middle,9.0,8.0,0.428054,Trusted,1.0,8.0,0.662777
China,156000504,37.0,Urban,Medium,Male,Married,Higher,8.0,5.0,0.755553,Trusted,1.0,3.0,0.485301
China,156000505,56.0,Rural,Medium,Male,,Lower,9.0,8.0,0.346974,Not trusted,2.0,8.0,0.297472
China,156000506,50.0,Rural,Medium,Male,Married,Lower,7.0,8.0,0.307862,Not trusted,1.0,6.0,0.429891
China,156000507,57.0,Urban,Medium,Female,Married,Lower,9.0,7.0,0.337694,Trusted,1.0,6.0,0.336010
China,156000508,49.0,Urban,,Female,Married,Lower,10.0,7.0,0.306149,Not trusted,8.0,7.0,0.414700
China,156000509,40.0,Urban,Low,Male,Widowed,Lower,8.0,8.0,0.354202,Not trusted,2.0,5.0,0.342163
China,156000510,39.0,Urban,Low,Female,Married,Lower,8.0,8.0,0.408089,Not trusted,1.0,4.0,0.204494
China,156000511,31.0,Rural,Medium,Female,Married,Lower,9.0,6.0,0.349832,Trusted,6.0,7.0,0.283284
China,156000512,60.0,Urban,Low,Female,Married,Lower,9.0,9.0,0.143516,Trusted,1.0,7.0,0.335370
China,156000513,70.0,Rural,Low,Female,Married,Lower,6.0,6.0,0.132324,Trusted,1.0,5.0,0.424612
China,156000514,34.0,Urban,Medium,Male,Married,Lower,5.0,1.0,0.471345,Trusted,3.0,6.0,0.519531
China,156000515,55.0,Rural,Medium,Male,Married,Middle,6.0,8.0,0.466051,Trusted,3.0,6.0,0.304948
China,156000516,60.0,Urban,Low,Female,Single,Lower,5.0,5.0,0.319571,Not trusted,1.0,2.0,0.411932
China,156000517,40.0,Urban,Medium,Female,Married,Middle,5.0,6.0,0.482585,Not trusted,5.0,4.0,0.523186
China,156000518,18.0,Rural,Medium,Male,Married,Higher,7.0,10.0,0.530542,Trusted,10.0,7.0,0.562761
China,156000519,29.0,Urban,Medium,Female,Married,Lower,8.0,10.0,0.393002,Trusted,1.0,8.0,0.419382
China,156000520,36.0,Rural,Medium,Female,Single,Higher,7.0,5.0,0.304776,Trusted,2.0,8.0,0.484259
China,156000521,51.0,Urban,Low,Female,Married,Lower,5.0,8.0,0.343846,Not trusted,1.0,5.0,0.135639
China,156000522,32.0,Rural,Medium,Female,Married,Higher,,9.0,0.315345,Trusted,8.0,7.0,0.458503
China,156000523,63.0,Urban,Low,Female,Married,Higher,8.0,6.0,0.519266,Trusted,1.0,4.0,0.266322
China,156000524,33.0,Rural,Medium,Female,Married,Middle,7.0,6.0,0.401392,Trusted,2.0,3.0,0.675017
China,156000525,24.0,Urban,Low,Female,Married,Middle,9.0,10.0,0.294085,Not trusted,4.0,7.0,0.355220
China,156000526,49.0,Urban,Low,Male,Married,Lower,9.0,8.0,0.259330,Trusted,3.0,7.0,0.341852
China,156000527,48.0,Urban,Low,Female,Married,Lower,7.0,6.0,0.329546,Not trusted,1.0,6.0,0.532650
China,156000528,43.0,Urban,Medium,Female,Married,Lower,9.0,6.0,0.527705,Not trusted,1.0,7.0,0.214233
China,156000529,29.0,Urban,Medium,Male,Married,Lower,6.0,7.0,0.224613,Trusted,3.0,3.0,0.347736
China,156000530,55.0,Urban,Medium,Male,Divorced,Lower,9.0,5.0,0.276612,Trusted,1.0,8.0,0.537570
China,156000531,48.0,Urban,Low,Male,Married,Middle,8.0,7.0,0.377982,Trusted,1.0,7.0,0.682246
China,156000532,60.0,Urban,Medium,Female,Married,Higher,10.0,9.0,0.310332,Trusted,7.0,10.0,0.362685
China,156000533,49.0,Urban,Medium,Male,Married,Lower,8.0,10.0,0.464413,Not trusted,3.0,8.0,0.523768
China,156000534,37.0,Urban,Medium,Female,Married,Lower,10.0,10.0,0.362478,Not trusted,5.0,10.0,0.514461
China,156000535,40.0,Rural,Medium,Female,Single,Lower,7.0,5.0,0.572961,Not trusted,1.0,2.0,0.342049
China,156000536,54.0,Urban,Low,Female,Married,Lower,8.0,10.0,0.338053,Trusted,1.0,8.0,0.365013
China,156000537,68.0,Rural,Medium,Female,Married,Lower,7.0,5.0,0.269806,Trusted,1.0,3.0,0.399639
China,156000538,47.0,Rural,Medium,Female,Married,Lower,9.0,10.0,0.387255,Not trusted,8.0,3.0,0.070854
China,156000539,25.0,Urban,High,Male,Married,Higher,8.0,8.0,0.306567,Trusted,10.0,7.0,0.336822
China,156000540,64.0,Rural,Medium,Female,Married,Lower,8.0,8.0,0.388359,Trusted,3.0,9.0,0.501985
China,156000541,60.0,Rural,Medium,Female,Married,Higher,9.0,8.0,0.232583,Trusted,1.0,7.0,0.357983
China,156000542,61.0,Urban,Low,Male,Single,Lower,7.0,5.0,0.133059,Trusted,1.0,6.0,0.433267
China,156000543,60.0,Urban,Medium,Male,Married,Lower,7.0,7.0,0.391493,Trusted,1.0,5.0,0.249749
China,156000544,68.0,Rural,Low,Female,Married,Lower,10.0,8.0,0.331706,Trusted,4.0,8.0,0.317730
China,156000545,63.0,Urban,Medium,Female,Married,Lower,7.0,8.0,0.289343,Trusted,1.0,4.0,0.688878
China,156000546,22.0,Rural,Low,Male,Married,Higher,4.0,2.0,0.508531,Trusted,4.0,1.0,0.401011
China,156000547,62.0,Rural,Low,Female,Married,Lower,7.0,5.0,0.222472,Not trusted,1.0,7.0,0.241702
China,156000548,42.0,Rural,Low,Female,Married,Lower,3.0,5.0,0.319550,Not trusted,8.0,1.0,0.340627
China,156000549,36.0,Urban,Medium,Male,Single,Middle,7.0,6.0,0.488338,Not trusted,10.0,6.0,0.377677
China,156000550,55.0,Urban,Medium,Female,Married,Lower,5.0,8.0,0.554435,Trusted,1.0,6.0,0.327029
China,156000551,57.0,Urban,Low,Female,Married,Middle,3.0,10.0,0.506451,Trusted,3.0,6.0,0.341830
China,156000552,49.0,Urban,,Male,Married,Lower,10.0,6.0,0.382302,Trusted,2.0,8.0,0.374888
China,156000553,54.0,Rural,Medium,Female,Married,Higher,7.0,10.0,0.401532,Trusted,1.0,6.0,0.528156
China,156000554,27.0,Urban,Medium,Male,Married,Higher,1.0,6.0,0.746466,Trusted,6.0,5.0,0.454709
China,156000555,37.0,Urban,Medium,Female,Married,Lower,7.0,8.0,0.329015,Trusted,1.0,5.0,0.412933
China,156000556,53.0,Rural,Medium,Male,Married,Higher,5.0,10.0,0.516796,Trusted,3.0,2.0,0.270857
China,156000557,40.0,Urban,Medium,Male,Married,Higher,8.0,10.0,0.416117,Trusted,3.0,8.0,0.471989
China,156000558,41.0,Rural,Low,Female,Married,Higher,5.0,6.0,0.490201,Not trusted,6.0,3.0,0.511258
China,156000559,22.0,Urban,Medium,Female,Single,Lower,10.0,9.0,0.432167,Trusted,1.0,8.0,0.274259
China,156000560,27.0,Rural,Medium,Female,Married,Middle,4.0,6.0,0.469647,Trusted,8.0,3.0,0.520276
China,156000561,44.0,Urban,Medium,Female,Married,Higher,5.0,9.0,0.566618,Trusted,5.0,6.0,0.228982
China,156000562,33.0,Rural,Medium,Female,Married,Middle,5.0,5.0,0.346528,Trusted,10.0,1.0,0.403723
China,156000563,53.0,Rural,Medium,Female,Married,Higher,9.0,8.0,0.279457,Trusted,1.0,8.0,0.244088
China,156000564,68.0,Rural,Medium,Male,Single,Middle,10.0,9.0,0.417268,Trusted,1.0,7.0,0.525389
China,156000565,31.0,Rural,Medium,Female,Married,Middle,8.0,5.0,0.276997,Trusted,7.0,9.0,0.606688
China,156000566,54.0,Rural,Medium,Male,Married,Middle,6.0,5.0,0.411424,Trusted,1.0,6.0,0.524063
China,156000567,44.0,Urban,Medium,Female,Married,Higher,10.0,8.0,0.359430,Trusted,2.0,10.0,0.420924
China,156000568,44.0,Rural,Low,Female,Divorced,Lower,8.0,6.0,0.405370,Trusted,1.0,6.0,0.444121
China,156000569,50.0,Urban,Medium,Male,Married,Lower,9.0,8.0,0.326362,Trusted,8.0,7.0,0.530822
China,156000570,21.0,Urban,Medium,Female,Married,Higher,8.0,10.0,0.483240,Trusted,1.0,8.0,0.360515
China,156000571,18.0,Urban,Medium,Male,Married,Higher,10.0,9.0,0.302189,Trusted,5.0,8.0,0.339799
China,156000572,53.0,Urban,Low,Male,Married,Lower,8.0,7.0,0.342682,Not trusted,1.0,,0.218657
China,156000573,28.0,Urban,Medium,Female,Married,Lower,9.0,10.0,0.234440,Trusted,1.0,5.0,0.475775
China,156000574,46.0,Urban,Low,Female,Married,Lower,5.0,7.0,0.316429,Not trusted,1.0,3.0,0.323510
China,156000575,65.0,Urban,Medium,Female,Living together as married,Lower,10.0,10.0,0.374026,Trusted,4.0,9.0,0.492979
China,156000576,39.0,Rural,Medium,Male,Married,Lower,5.0,5.0,0.330995,Not trusted,10.0,4.0,0.363256
China,156000577,20.0,Urban,Low,Male,Married,Lower,9.0,8.0,0.339773,Trusted,3.0,10.0,0.398860
China,156000578,69.0,Urban,Low,Female,Married,Lower,8.0,5.0,0.330755,Not trusted,1.0,9.0,0.373232
China,156000579,32.0,Urban,Low,Female,Married,Lower,10.0,6.0,0.320631,Trusted,1.0,6.0,0.590796
China,156000580,21.0,Urban,Medium,Male,Married,Middle,9.0,7.0,0.437448,Trusted,1.0,6.0,0.551595
China,156000581,41.0,Rural,High,Male,Married,Lower,2.0,5.0,0.537980,Trusted,3.0,7.0,0.325020
China,156000582,37.0,Urban,Medium,Female,Married,Middle,10.0,8.0,0.581579,Trusted,6.0,8.0,0.465081
China,156000583,43.0,Urban,Medium,Male,Married,Higher,8.0,7.0,0.395749,Trusted,1.0,3.0,0.329919
China,156000584,31.0,Rural,Medium,Male,Widowed,Middle,9.0,7.0,0.390056,Trusted,6.0,10.0,0.313126
China,156000585,52.0,Rural,Low,Female,Married,Lower,5.0,5.0,0.263264,Trusted,6.0,1.0,0.260973
China,156000586,37.0,Urban,Low,Female,Married,Lower,5.0,1.0,0.419282,Not trusted,1.0,6.0,0.341081
China,156000587,55.0,Rural,Medium,Female,Married,Higher,9.0,9.0,0.370514,Trusted,1.0,8.0,0.415654
China,156000588,55.0,Urban,Medium,Male,Married,Lower,8.0,6.0,0.408591,Not trusted,1.0,5.0,0.318779
China,156000589,18.0,Urban,High,Male,Single,Higher,5.0,8.0,0.557963,Trusted,1.0,5.0,0.695167
China,156000590,52.0,Rural,Medium,Male,Single,Lower,7.0,7.0,0.534243,Trusted,5.0,6.0,0.531052
China,156000591,68.0,Urban,Medium,Female,Married,Middle,9.0,8.0,0.277776,Trusted,2.0,6.0,0.388952
China,156000592,51.0,Urban,Medium,Female,Married,Lower,10.0,10.0,0.187662,Trusted,3.0,10.0,0.155840
China,156000593,36.0,Urban,Medium,Female,Single,Higher,8.0,10.0,0.653868,Trusted,3.0,7.0,0.488898
China,156000594,66.0,Urban,Low,Male,Married,Lower,3.0,6.0,0.335196,Trusted,1.0,1.0,0.612867
China,156000595,28.0,Rural,Low,Male,Single,Middle,10.0,10.0,0.334773,Not trusted,2.0,10.0,0.251766
China,156000596,18.0,Rural,Medium,Female,Single,Higher,5.0,6.0,0.300394,Trusted,1.0,6.0,0.348541
China,156000597,21.0,Rural,Medium,Female,Married,Higher,9.0,9.0,0.370529,Trusted,6.0,8.0,0.331601
China,156000598,39.0,Urban,Medium,Male,Married,Higher,6.0,6.0,0.473830,Trusted,10.0,7.0,0.266017
China,156000599,56.0,Rural,Medium,Female,Married,Lower,6.0,8.0,0.432309,Trusted,1.0,7.0,0.603223
China,156000600,55.0,Urban,Low,Female,Married,Lower,10.0,8.0,0.354779,Trusted,2.0,6.0,0.486973
China,156000601,53.0,Rural,Medium,Female,Widowed,Lower,9.0,10.0,0.437020,Trusted,1.0,7.0,0.403715
China,156000602,54.0,Urban,Medium,Male,Married,Middle,9.0,8.0,0.545193,Not trusted,5.0,10.0,0.331849
China,156000603,65.0,Rural,Medium,Female,Married,Lower,8.0,9.0,0.408807,Trusted,2.0,8.0,0.355377
China,156000604,59.0,Urban,Medium,Female,Married,Lower,8.0,10.0,0.440343,Not trusted,1.0,8.0,0.326903
China,156000605,53.0,Rural,Medium,Male,Married,Higher,9.0,9.0,0.457686,Trusted,7.0,7.0,0.301796
China,156000606,45.0,Rural,Low,Female,Married,Lower,5.0,7.0,0.307363,Not trusted,1.0,6.0,0.597186
China,156000607,40.0,Urban,Low,Female,Married,Lower,9.0,10.0,0.272410,Not trusted,2.0,6.0,0.364516
China,156000608,27.0,Urban,Medium,Male,Married,Higher,10.0,6.0,0.506308,Trusted,5.0,8.0,0.380898
China,156000609,22.0,Urban,Low,Female,Married,Higher,6.0,8.0,0.303286,Trusted,1.0,6.0,0.397542
China,156000610,65.0,Rural,Medium,Female,Married,Lower,6.0,10.0,0.397357,,1.0,6.0,0.516322
China,156000611,50.0,Rural,Medium,Male,Married,Lower,8.0,7.0,0.238952,Not trusted,1.0,10.0,0.117347
China,156000612,51.0,Urban,Medium,Female,Married,Higher,10.0,10.0,0.404715,Trusted,1.0,10.0,0.679677
China,156000613,20.0,Urban,Medium,Male,,Higher,7.0,4.0,0.577955,Trusted,10.0,8.0,0.340495
China,156000614,30.0,Urban,Medium,Male,Married,Higher,7.0,6.0,0.477921,Not trusted,1.0,8.0,0.661761
China,156000615,68.0,Urban,Medium,Female,Married,Lower,10.0,9.0,0.369340,Not trusted,2.0,10.0,0.289669
China,156000616,65.0,Urban,Low,Female,Married,Middle,8.0,6.0,0.463979,Trusted,1.0,5.0,0.266215
China,156000617,44.0,Rural,Low,Female,Married,Lower,10.0,10.0,0.486690,Not trusted,1.0,6.0,0.478239
China,156000618,69.0,Urban,Medium,Female,Married,Middle,10.0,8.0,0.409933,Trusted,1.0,7.0,0.409278
China,156000619,24.0,Rural,Medium,Female,Married,Middle,10.0,10.0,0.429345,Trusted,5.0,8.0,0.609539
China,156000620,22.0,Urban,Medium,Male,Widowed,Middle,10.0,8.0,0.637290,Not trusted,5.0,8.0,0.256586
China,156000621,65.0,Rural,Low,Female,Married,Lower,7.0,5.0,0.282739,Not trusted,2.0,8.0,0.407925
China,156000622,18.0,Rural,Medium,Male,Married,Middle,8.0,8.0,0.600953,Trusted,1.0,10.0,0.380657
China,156000623,30.0,Urban,Medium,Female,Single,Higher,8.0,9.0,0.386222,Trusted,8.0,8.0,0.312554
China,156000624,39.0,Rural,Medium,Female,Married,Middle,8.0,6.0,0.217722,Trusted,1.0,8.0,0.175369
China,156000625,45.0,Urban,Low,Female,Married,Lower,1.0,7.0,0.448030,Trusted,1.0,4.0,0.306346
China,156000626,30.0,Rural,Low,Male,Married,Lower,4.0,8.0,0.246832,,1.0,7.0,0.366541
China,156000627,65.0,Urban,Medium,Female,Married,Lower,7.0,8.0,0.269615,Trusted,1.0,7.0,0.289607
China,156000628,45.0,Urban,Low,Male,Married,Lower,10.0,8.0,0.417218,Trusted,1.0,9.0,0.308815
China,156000629,37.0,Rural,Medium,Male,Married,Lower,10.0,10.0,0.559556,Trusted,1.0,10.0,0.408800
China,156000630,51.0,Urban,Low,Male,Single,Higher,7.0,4.0,0.417281,Not trusted,1.0,6.0,0.542909
China,156000631,62.0,Urban,Low,Female,Married,Lower,8.0,7.0,0.276620,Not trusted,6.0,4.0,0.267884
China,156000632,28.0,Urban,Medium,Female,Married,Higher,7.0,8.0,0.280039,Trusted,1.0,6.0,0.494625
China,156000633,18.0,Rural,Medium,Female,Married,Higher,7.0,8.0,0.509166,Trusted,1.0,5.0,0.450293
China,156000634,20.0,Urban,Low,Male,Married,Higher,8.0,6.0,0.502483,Not trusted,2.0,6.0,0.616946
China,156000635,60.0,Urban,Low,Male,Married,Higher,9.0,10.0,0.361039,Trusted,1.0,7.0,0.544102
China,156000636,45.0,Urban,Medium,Male,Married,Higher,7.0,10.0,0.391876,Trusted,3.0,8.0,0.299957
China,156000637,23.0,Rural,Low,Female,Married,Middle,7.0,8.0,0.334604,Trusted,5.0,9.0,0.396838
China,156000638,45.0,Urban,Medium,Male,Married,Middle,5.0,6.0,0.599687,Trusted,2.0,5.0,0.470620
China,156000639,54.0,Rural,Low,Female,Married,Lower,7.0,6.0,0.280070,Not trusted,1.0,5.0,0.273957
China,156000640,58.0,Urban,Medium,Male,Married,Middle,7.0,10.0,0.506702,Not trusted,1.0,10.0,0.370245
China,156000641,70.0,Urban,Medium,Female,Married,Lower,9.0,10.0,0.557319,Trusted,2.0,8.0,0.386535
China,156000642,48.0,Urban,Medium,Female,Married,Lower,8.0,5.0,0.229813,Trusted,2.0,5.0,0.376206
China,156000643,55.0,Urban,Medium,Female,Married,Middle,10.0,7.0,0.314962,Trusted,1.0,10.0,0.434702
China,156000644,52.0,Rural,Medium,Female,Married,Lower,4.0,5.0,0.146104,Trusted,2.0,1.0,0.211100
China,156000645,32.0,Rural,Medium,Female,Married,Lower,9.0,8.0,0.387739,Trusted,1.0,8.0,0.376900
China,156000646,49.0,Urban,Low,Male,Married,Lower,8.0,6.0,0.427678,Not trusted,1.0,7.0,0.545627
China,156000647,41.0,Rural,Medium,Female,Single,Lower,2.0,1.0,0.408002,Not trusted,1.0,4.0,0.680384
China,156000648,37.0,Urban,Medium,Male,Married,Higher,6.0,9.0,0.332591,Trusted,1.0,6.0,0.672125
China,156000649,33.0,Urban,Low,Male,Married,Higher,7.0,6.0,0.320322,Trusted,8.0,2.0,0.174205
China,156000650,35.0,Rural,Low,Female,Living together as married,Lower,7.0,5.0,0.126518,Trusted,8.0,5.0,0.390346
China,156000651,35.0,Rural,Medium,Female,Married,Higher,8.0,10.0,0.481739,Not trusted,4.0,5.0,0.425932
China,156000652,65.0,Urban,Low,Female,Married,Middle,8.0,5.0,0.344958,Trusted,1.0,5.0,0.217489
China,156000653,36.0,Urban,Medium,Female,Widowed,Middle,8.0,7.0,0.316281,Trusted,5.0,6.0,0.423320
China,156000654,40.0,Rural,Low,Female,Married,Higher,8.0,8.0,0.451977,Trusted,1.0,9.0,0.376990
China,156000655,27.0,Urban,Medium,Male,Married,Higher,9.0,7.0,0.572628,Trusted,6.0,5.0,0.214353
China,156000656,70.0,Urban,Low,Male,Married,Lower,7.0,8.0,0.140303,Trusted,2.0,6.0,0.431649
China,156000657,38.0,Urban,Medium,Male,Married,Lower,7.0,8.0,0.292560,Trusted,1.0,5.0,0.236800
China,156000658,60.0,Rural,Low,Female,Married,Lower,6.0,9.0,0.465663,Trusted,8.0,5.0,0.277832
China,156000659,62.0,Urban,Low,Male,Married,Lower,8.0,8.0,0.493238,Trusted,1.0,7.0,0.449842
China,156000660,56.0,Urban,Medium,Female,Married,Lower,7.0,4.0,0.250206,Not trusted,1.0,8.0,0.348407
China,156000661,66.0,Urban,Low,Male,Single,Lower,7.0,9.0,0.409529,Trusted,1.0,6.0,0.595031
China,156000662,43.0,Urban,Medium,Male,Married,Lower,9.0,7.0,0.422501,Trusted,5.0,7.0,0.312052
China,156000663,54.0,Urban,Medium,Female,Married,Middle,9.0,8.0,0.353330,Trusted,1.0,8.0,0.466833
China,156000664,20.0,Urban,Medium,Male,Married,Higher,8.0,10.0,0.428556,Trusted,5.0,6.0,0.368529
China,156000665,25.0,Urban,Medium,Male,Married,Middle,10.0,10.0,0.264061,,1.0,7.0,0.534891
China,156000666,44.0,Rural,Low,Female,Married,Higher,5.0,5.0,0.664294,Trusted,3.0,7.0,0.443325
China,156000667,23.0,Rural,Medium,Female,Married,Lower,8.0,10.0,0.407837,Trusted,3.0,9.0,0.624490
China,156000668,57.0,Urban,High,Female,Married,Middle,9.0,8.0,0.456763,Trusted,2.0,8.0,0.346468
China,156000669,31.0,Urban,Medium,Female,Married,Middle,5.0,8.0,0.415293,Trusted,9.0,5.0,0.642804
China,156000670,52.0,Urban,Medium,Female,Married,Lower,6.0,7.0,0.382180,Not trusted,1.0,4.0,0.453267
China,156000671,22.0,Urban,Medium,Male,Married,Middle,2.0,5.0,0.483295,Not trusted,1.0,4.0,0.482553
China,156000672,44.0,Urban,Medium,Female,Married,Lower,7.0,6.0,0.302821,Not trusted,3.0,7.0,0.394472
China,156000673,18.0,Rural,Medium,Male,Married,Higher,9.0,7.0,0.422489,Trusted,1.0,9.0,0.609146
China,156000674,66.0,Rural,Medium,Male,Married,Middle,10.0,10.0,0.324751,Not trusted,1.0,10.0,0.396701
China,156000675,65.0,Rural,Low,Female,Married,Lower,9.0,10.0,0.445000,Trusted,3.0,5.0,0.281181
China,156000676,20.0,Urban,Medium,Male,Married,Lower,6.0,4.0,0.309975,Trusted,5.0,5.0,0.397996
China,156000677,54.0,Rural,Medium,Male,Married,Higher,8.0,8.0,0.275896,Trusted,1.0,10.0,0.665166
China,156000678,22.0,Urban,Medium,Female,Married,Middle,6.0,7.0,0.266967,Not trusted,1.0,8.0,0.541572
China,156000679,39.0,Urban,Low,Female,Married,Middle,6.0,8.0,0.412972,Trusted,1.0,8.0,0.445558
China,156000680,42.0,Urban,Low,Male,Married,Lower,8.0,9.0,0.350786,Trusted,1.0,3.0,0.573980
China,156000681,62.0,Urban,Low,Male,Married,Lower,5.0,3.0,0.223226,Not trusted,1.0,7.0,0.349048
China,156000682,54.0,Rural,Low,Male,Married,Higher,7.0,5.0,0.601768,Trusted,2.0,9.0,0.256042
China,156000683,47.0,Rural,Medium,Female,Married,Lower,6.0,9.0,0.437832,Trusted,7.0,3.0,0.389526
China,156000684,37.0,Urban,Low,Female,Married,Middle,10.0,9.0,0.437835,Trusted,1.0,6.0,0.345764
China,156000685,30.0,Urban,Low,Male,Married,Higher,6.0,8.0,0.459062,Not trusted,8.0,7.0,0.396700
China,156000686,60.0,Urban,Medium,Male,Single,Lower,6.0,7.0,0.311447,Trusted,6.0,5.0,0.466430
China,156000687,20.0,Rural,Medium,Male,Married,Higher,4.0,3.0,0.505743,Not trusted,2.0,6.0,0.629668
China,156000688,67.0,Urban,Medium,Female,Married,Lower,7.0,8.0,0.169841,Trusted,7.0,3.0,0.375405
China,156000689,36.0,Urban,Medium,Male,Single,Lower,8.0,4.0,0.315213,Not trusted,1.0,5.0,0.237400
China,156000690,31.0,Rural,Low,Female,Widowed,Lower,8.0,5.0,0.358422,Trusted,2.0,5.0,0.360866
China,156000691,18.0,Rural,Low,Male,Married,Middle,8.0,6.0,0.503424,Trusted,1.0,8.0,0.602545
China,156000692,38.0,Urban,Medium,Male,Single,Lower,1.0,5.0,0.265897,Trusted,1.0,3.0,0.333276
China,156000693,35.0,Rural,Low,Female,Married,Lower,9.0,6.0,0.274463,Trusted,4.0,7.0,0.284138
China,156000694,19.0,Urban,Low,Male,Married,Higher,5.0,3.0,0.596199,Not trusted,1.0,8.0,0.401177
China,156000695,45.0,Urban,Low,Female,Married,Lower,6.0,7.0,0.427048,Trusted,5.0,1.0,0.498581
China,156000696,61.0,Rural,Low,Female,Married,Lower,7.0,7.0,0.264116,Not trusted,1.0,9.0,0.237764
China,156000697,26.0,Urban,Medium,Male,Married,,5.0,7.0,0.375119,Not trusted,1.0,7.0,0.461478
China,156000698,67.0,Rural,Medium,Male,Widowed,Lower,8.0,7.0,0.275353,Trusted,1.0,6.0,0.289860
China,156000699,19.0,Urban,Medium,Female,Single,Middle,7.0,10.0,0.321875,Trusted,1.0,5.0,0.382295
China,156000700,55.0,Urban,Low,Female,Married,Lower,9.0,10.0,0.464921,Trusted,3.0,10.0,0.261187
China,156000701,38.0,Urban,Medium,Female,Married,Lower,8.0,7.0,0.505204,Trusted,1.0,10.0,0.238812
China,156000702,39.0,Urban,Medium,Female,Married,Lower,5.0,3.0,0.471627,Trusted,3.0,5.0,0.556011
China,156000703,20.0,Urban,High,Female,Single,Middle,7.0,9.0,0.410445,Trusted,1.0,5.0,0.300639
China,156000704,48.0,Rural,Medium,Male,Married,Middle,8.0,8.0,0.559810,Not trusted,7.0,7.0,0.521371
China,156000705,21.0,Urban,Medium,Female,Married,Middle,7.0,7.0,0.262130,Trusted,1.0,8.0,0.342136
China,156000706,40.0,Rural,Medium,Male,Married,Lower,4.0,8.0,0.476005,Trusted,6.0,1.0,0.190161
China,156000707,57.0,Urban,Medium,Male,Single,Higher,7.0,4.0,0.605758,Trusted,1.0,7.0,0.404839
China,156000708,54.0,Urban,Low,Male,Single,Middle,6.0,10.0,0.512115,Trusted,3.0,8.0,0.353018
China,156000709,34.0,Urban,Low,Male,Married,Lower,8.0,6.0,0.647283,Not trusted,2.0,7.0,0.436435
China,156000710,47.0,Urban,Medium,Female,Married,Lower,6.0,6.0,0.285165,Not trusted,1.0,6.0,0.348980
China,156000711,48.0,Urban,Medium,Female,Married,Lower,10.0,10.0,0.392288,Trusted,2.0,7.0,0.514984
China,156000712,29.0,Rural,,Female,Married,Lower,8.0,5.0,0.287495,Trusted,2.0,2.0,0.492159
China,156000713,62.0,Rural,Medium,Female,Single,Lower,10.0,8.0,0.213006,Trusted,1.0,6.0,0.305062
China,156000714,47.0,Rural,Medium,Male,Married,Lower,10.0,10.0,0.404249,Not trusted,1.0,9.0,0.558572
China,156000715,64.0,Urban,Medium,Female,Married,Lower,6.0,5.0,0.500150,Trusted,1.0,6.0,0.640742
China,156000716,20.0,Urban,Low,Female,Married,Lower,6.0,7.0,0.346008,Trusted,1.0,7.0,0.531653
China,156000717,30.0,Urban,Low,Male,Married,Middle,3.0,4.0,0.273694,Not trusted,5.0,7.0,0.332399
China,156000718,39.0,Rural,Medium,Female,Divorced,Lower,8.0,6.0,0.421873,Trusted,6.0,6.0,0.336966
China,156000719,48.0,Rural,Low,Male,Married,Lower,3.0,3.0,0.297164,Not trusted,1.0,7.0,0.489782
China,156000720,52.0,Urban,Medium,Female,Married,Higher,8.0,10.0,0.506442,Not trusted,1.0,5.0,0.404083
China,156000721,28.0,Urban,High,Male,Single,Higher,8.0,5.0,0.448219,Trusted,3.0,5.0,0.519192
China,156000722,50.0,Urban,Low,Male,Single,Lower,8.0,9.0,0.379281,Trusted,7.0,4.0,0.401476
China,156000723,36.0,Urban,Medium,Female,Married,Higher,10.0,7.0,0.161070,Trusted,3.0,8.0,0.339714
China,156000724,30.0,Rural,Medium,Female,Married,Lower,10.0,10.0,0.412489,Trusted,1.0,8.0,0.417441
China,156000725,47.0,Urban,Medium,Male,Married,Lower,8.0,9.0,0.290943,Trusted,1.0,6.0,0.447084
China,156000726,38.0,Urban,Medium,Male,Married,Middle,10.0,9.0,0.425104,Trusted,2.0,10.0,0.245765
China,156000727,61.0,Urban,Low,Male,Married,Lower,7.0,2.0,0.435292,Not trusted,1.0,7.0,0.500533
China,156000728,52.0,Rural,Medium,Female,Married,Higher,10.0,6.0,0.462682,Trusted,1.0,8.0,0.683014
China,156000729,43.0,Urban,Medium,Male,Married,Middle,7.0,8.0,0.691924,Trusted,2.0,7.0,0.386192
China,156000730,46.0,Rural,Medium,Female,Single,Lower,7.0,8.0,0.205527,Trusted,1.0,6.0,0.680640
China,156000731,62.0,Rural,Low,Female,Single,Lower,9.0,5.0,0.312573,Trusted,1.0,6.0,0.346336
China,156000732,44.0,Urban,,Male,Married,Higher,8.0,10.0,0.426225,Trusted,2.0,7.0,0.691097
China,156000733,43.0,Urban,Low,Male,Married,Higher,8.0,10.0,0.259315,Not trusted,1.0,9.0,0.228206
China,156000734,61.0,Urban,,Female,Married,Middle,8.0,8.0,0.401899,Trusted,1.0,9.0,0.384319
China,156000735,56.0,Urban,Medium,Female,Married,Lower,9.0,6.0,0.280339,Not trusted,1.0,8.0,0.322379
China,156000736,32.0,Urban,Medium,Female,Married,Higher,7.0,6.0,0.457613,Trusted,1.0,8.0,0.635552
China,156000737,43.0,Urban,Low,Female,Married,Lower,5.0,6.0,0.435100,Not trusted,1.0,3.0,0.588635
China,156000738,34.0,Rural,Medium,Male,Married,Lower,8.0,8.0,0.569623,Trusted,1.0,6.0,0.429769
China,156000739,32.0,Rural,Medium,Female,Married,Middle,7.0,8.0,0.298556,Trusted,7.0,6.0,0.395286
China,156000740,55.0,Urban,Medium,Male,Married,Lower,8.0,8.0,0.375359,Trusted,1.0,8.0,0.449167
China,156000741,37.0,Urban,Medium,Female,Married,Middle,8.0,3.0,0.576648,Trusted,3.0,7.0,0.498854
China,156000742,41.0,Urban,Medium,Female,Single,Higher,8.0,8.0,0.314925,Trusted,1.0,9.0,0.455814
China,156000743,36.0,Urban,Medium,Male,Married,Middle,9.0,8.0,0.502168,Trusted,6.0,7.0,0.485402
China,156000744,64.0,Rural,Medium,Female,Married,Lower,4.0,1.0,0.216233,Not trusted,2.0,1.0,0.405407
China,156000745,44.0,Rural,Medium,Female,Married,Higher,8.0,7.0,0.286619,Trusted,1.0,8.0,0.570726
China,156000746,41.0,Urban,Medium,Female,Single,Lower,7.0,7.0,0.512134,Trusted,7.0,6.0,0.537440
China,156000747,43.0,Urban,Low,Male,Single,Middle,9.0,8.0,0.348136,Not trusted,1.0,7.0,0.410444
China,156000748,29.0,Urban,Low,Male,Married,Lower,7.0,5.0,0.356654,Trusted,1.0,6.0,0.438042
China,156000749,48.0,Urban,Medium,Female,Married,Lower,9.0,4.0,0.279842,Trusted,1.0,7.0,0.704932
China,156000750,59.0,Urban,Medium,Male,Married,Lower,9.0,10.0,0.446805,Trusted,2.0,8.0,0.235676
China,156000751,53.0,Urban,Medium,Male,Married,Lower,8.0,5.0,0.245656,Trusted,1.0,5.0,0.201115
China,156000752,53.0,Urban,Medium,Male,Married,Higher,9.0,8.0,0.488119,Trusted,5.0,5.0,0.549531
China,156000753,37.0,Urban,Medium,Female,Married,Lower,9.0,7.0,0.761587,Not trusted,1.0,9.0,0.510266
China,156000754,68.0,Rural,Medium,Female,Married,Higher,9.0,9.0,0.310277,Trusted,1.0,8.0,0.294734
China,156000755,27.0,Rural,Medium,Male,Married,Middle,6.0,10.0,0.350420,Trusted,1.0,6.0,0.588911
China,156000756,50.0,Urban,Low,Male,Married,Higher,5.0,7.0,0.532954,Trusted,6.0,5.0,0.608232
China,156000757,46.0,Urban,Medium,Female,Married,Lower,9.0,6.0,0.138139,Trusted,5.0,10.0,0.325905
China,156000758,54.0,Rural,Medium,Male,Widowed,Lower,6.0,6.0,0.270061,Trusted,1.0,5.0,0.593489
China,156000759,63.0,Urban,Medium,Female,Married,Middle,8.0,7.0,0.495621,Trusted,2.0,6.0,0.296452
China,156000760,44.0,Urban,Medium,Male,Married,Higher,8.0,8.0,0.332270,Trusted,8.0,8.0,0.684180
China,156000761,48.0,Urban,Medium,Male,Married,,10.0,7.0,0.385211,Trusted,1.0,8.0,0.392409
China,156000762,53.0,Urban,Medium,Male,Married,Lower,8.0,3.0,0.536824,Not trusted,1.0,6.0,0.405457
China,156000763,30.0,Rural,Low,Female,Married,Lower,3.0,6.0,0.267564,Not trusted,1.0,5.0,0.408916
China,156000764,69.0,Urban,Medium,Male,Married,Higher,9.0,8.0,0.561974,Trusted,3.0,8.0,0.351977
China,156000765,48.0,Rural,Medium,Female,Married,Higher,5.0,5.0,0.345763,Trusted,2.0,2.0,0.295199
China,156000766,66.0,Rural,Medium,Male,Divorced,Lower,9.0,8.0,0.434898,Trusted,3.0,7.0,0.259808
China,156000767,23.0,Urban,Medium,Female,Widowed,Lower,7.0,8.0,0.422602,Not trusted,1.0,8.0,0.343207
China,156000768,49.0,Rural,Medium,Female,Married,Lower,10.0,10.0,0.469725,Trusted,2.0,9.0,0.358855
China,156000769,30.0,Urban,Low,Female,Single,Lower,10.0,10.0,0.685730,Not trusted,1.0,9.0,0.326437
China,156000770,68.0,Urban,Medium,Female,Married,Lower,5.0,8.0,0.244603,Trusted,1.0,3.0,0.478050
China,156000771,43.0,Rural,Low,Female,Married,Lower,8.0,6.0,0.324316,Not trusted,1.0,5.0,0.270676
China,156000772,66.0,Urban,Medium,Female,Single,Lower,8.0,9.0,0.305455,Not trusted,1.0,8.0,0.342233
China,156000773,50.0,Urban,Medium,Male,Married,Higher,8.0,10.0,0.467272,Trusted,10.0,10.0,0.330463
China,156000774,43.0,Urban,Medium,Male,Single,Higher,8.0,8.0,0.400012,Not trusted,5.0,9.0,0.138408
China,156000775,63.0,Urban,Low,Male,Married,Lower,6.0,8.0,0.374732,Not trusted,1.0,7.0,0.490635
China,156000776,42.0,Urban,Medium,Female,Married,Higher,8.0,9.0,0.249608,Trusted,1.0,10.0,0.321247
China,156000777,38.0,Urban,Medium,Male,Married,Higher,8.0,9.0,0.421775,Trusted,9.0,9.0,0.491041
China,156000778,69.0,Urban,Medium,Female,Married,Lower,9.0,9.0,0.254733,Trusted,1.0,8.0,0.694002
China,156000779,60.0,Urban,Medium,Female,Married,Lower,5.0,5.0,0.503768,Trusted,7.0,8.0,0.514098
China,156000780,35.0,Rural,Low,Female,Single,Lower,1.0,1.0,0.427310,Not trusted,2.0,2.0,0.553887
China,156000781,65.0,Urban,Medium,Female,Married,Lower,9.0,10.0,0.254665,Not trusted,1.0,6.0,0.168293
China,156000782,47.0,Urban,Medium,Male,Married,Higher,7.0,8.0,0.274857,Trusted,1.0,8.0,0.412733
China,156000783,30.0,Rural,Medium,Male,Married,Middle,8.0,5.0,0.373096,Trusted,6.0,10.0,0.488157
China,156000784,67.0,Urban,Medium,Male,Living together as married,Lower,10.0,10.0,0.223784,Trusted,1.0,10.0,0.299749
China,156000785,53.0,Urban,Medium,Male,Married,Lower,8.0,8.0,0.253213,Trusted,5.0,5.0,0.398696
China,156000786,50.0,Rural,Low,Male,Single,Middle,8.0,6.0,0.294903,Trusted,1.0,6.0,0.369098
China,156000787,43.0,Rural,Medium,Male,Married,Middle,9.0,8.0,0.362660,Trusted,1.0,7.0,0.436253
China,156000788,45.0,Rural,Medium,Female,Married,Lower,9.0,7.0,0.678907,Not trusted,2.0,7.0,0.246195
China,156000789,22.0,Urban,Low,Female,Married,Lower,5.0,6.0,0.394286,Not trusted,5.0,8.0,0.530021
China,156000790,40.0,Rural,Low,Female,Married,Lower,7.0,6.0,0.639045,Trusted,1.0,6.0,0.552751
China,156000791,29.0,Rural,Medium,Male,Married,Middle,7.0,1.0,0.411237,Trusted,1.0,9.0,0.411429
China,156000792,24.0,Urban,Low,Female,Single,Lower,9.0,8.0,0.699152,Not trusted,1.0,5.0,0.513290
China,156000793,67.0,Rural,Low,Male,Married,Lower,6.0,7.0,0.278658,Not trusted,1.0,4.0,0.318224
China,156000794,62.0,Rural,Medium,Female,Married,Middle,8.0,8.0,0.254152,Trusted,3.0,7.0,0.356979
China,156000795,40.0,Rural,Medium,Female,Married,Lower,5.0,6.0,0.616637,Not trusted,3.0,7.0,0.472490
China,156000796,36.0,Urban,Medium,Female,Married,Middle,5.0,5.0,0.452674,Trusted,1.0,6.0,0.356187
China,156000797,24.0,Rural,Low,Female,Married,Middle,6.0,5.0,0.388139,Trusted,1.0,8.0,0.696330
China,156000798,44.0,Rural,Medium,Female,Married,Higher,8.0,9.0,0.545539,Trusted,3.0,6.0,0.425392
China,156000799,30.0,Rural,Medium,Male,Single,Higher,8.0,10.0,0.325467,Trusted,1.0,5.0,0.531647
China,156000800,37.0,Rural,Medium,Male,Married,Higher,8.0,10.0,0.503731,Trusted,1.0,10.0,0.299655
China,156000801,48.0,Rural,Low,Female,Married,Lower,9.0,8.0,0.354205,Not trusted,4.0,5.0,0.245189
China,156000802,39.0,Urban,Low,Female,Married,Lower,3.0,5.0,0.238918,Not trusted,3.0,1.0,0.479077
China,156000803,47.0,Rural,Medium,Female,Married,Higher,8.0,8.0,0.319381,Trusted,1.0,8.0,0.256506
China,156000804,68.0,Urban,Low,Female,Married,Lower,9.0,10.0,0.385476,Trusted,1.0,7.0,0.397270
China,156000805,39.0,Urban,Medium,Female,Married,Lower,6.0,6.0,0.357064,Trusted,4.0,4.0,0.101785
China,156000806,45.0,Urban,Medium,Male,Single,Lower,7.0,5.0,0.575795,Trusted,1.0,7.0,0.599874
China,156000807,47.0,Urban,Medium,Female,Married,Middle,8.0,10.0,0.354883,Trusted,7.0,8.0,0.370746
China,156000808,56.0,Rural,Low,Female,Married,Lower,,6.0,0.144334,Not trusted,5.0,7.0,0.115870
China,156000809,57.0,Urban,Medium,Female,Married,Lower,9.0,9.0,0.316411,Trusted,1.0,5.0,0.301734
China,156000810,31.0,Urban,Medium,Male,Married,,1.0,1.0,0.509596,Trusted,4.0,3.0,0.640338
China,156000811,41.0,Urban,Low,Male,Married,Lower,8.0,6.0,0.397501,Not trusted,2.0,2.0,0.385889
China,156000812,37.0,Rural,Medium,Female,Married,Higher,4.0,6.0,0.388385,Trusted,3.0,4.0,0.446946
China,156000813,29.0,Urban,Medium,Female,Married,Lower,8.0,8.0,0.760326,Not trusted,4.0,8.0,0.399341
China,156000814,62.0,Rural,Low,Female,Married,Lower,6.0,5.0,0.318740,Trusted,5.0,5.0,0.482261
China,156000815,59.0,Rural,Low,Female,Married,Lower,7.0,7.0,0.678403,Not trusted,1.0,8.0,0.648125
China,156000816,55.0,Rural,Medium,Male,Married,Middle,8.0,8.0,0.348743,Trusted,1.0,10.0,0.422393
China,156000817,30.0,Urban,Medium,Female,Married,Higher,4.0,4.0,0.416379,Not trusted,2.0,6.0,0.337583
China,156000818,67.0,Rural,Medium,Male,Single,Lower,8.0,10.0,0.325292,Trusted,7.0,7.0,0.493626
China,156000819,40.0,Urban,Medium,Male,Married,Lower,8.0,7.0,0.596088,Trusted,3.0,8.0,0.403684
China,156000820,18.0,Urban,Medium,Female,Married,Middle,9.0,10.0,0.457746,Not trusted,1.0,10.0,0.304222
China,156000821,59.0,Rural,Low,Female,Married,Lower,8.0,7.0,0.416303,Trusted,1.0,7.0,0.353121
China,156000822,59.0,Urban,Medium,Female,Married,Lower,9.0,10.0,0.270461,Not trusted,2.0,6.0,0.416103
China,156000823,50.0,Urban,Medium,Female,Married,Higher,7.0,8.0,0.393215,Trusted,1.0,8.0,0.561345
China,156000824,40.0,Rural,Low,Male,Married,Lower,6.0,5.0,0.344869,Not trusted,1.0,6.0,0.318605
China,156000825,42.0,Rural,Medium,Female,Married,Higher,6.0,7.0,0.490451,Trusted,1.0,6.0,0.219079
China,156000826,49.0,Urban,Low,Female,Married,Lower,10.0,9.0,0.314544,Not trusted,2.0,8.0,0.202370
China,156000827,42.0,Rural,Medium,Female,Married,Middle,10.0,7.0,0.456068,Trusted,1.0,6.0,0.246050
China,156000828,39.0,Urban,Medium,Male,Married,Middle,8.0,2.0,0.416753,Trusted,1.0,8.0,0.425686
China,156000829,30.0,Urban,Medium,Female,Married,Higher,5.0,8.0,0.634292,Trusted,2.0,6.0,0.252540
China,156000830,50.0,Urban,Low,Male,Married,Lower,3.0,7.0,0.307566,Not trusted,1.0,1.0,0.322067
China,156000831,64.0,Urban,Medium,Female,Married,Middle,8.0,7.0,0.382862,Trusted,1.0,9.0,0.452638
China,156000832,50.0,Urban,Low,Female,Married,Middle,7.0,8.0,0.499530,Trusted,5.0,7.0,0.279220
China,156000833,55.0,Rural,Low,Male,Married,Lower,9.0,9.0,0.344926,Trusted,6.0,10.0,0.369416
China,156000834,18.0,Urban,Low,Male,Widowed,Lower,8.0,7.0,0.672446,Trusted,3.0,3.0,0.422010
China,156000835,54.0,Urban,Medium,Male,Single,Lower,8.0,7.0,0.329745,Not trusted,5.0,9.0,0.471780
China,156000836,18.0,Urban,Medium,Female,Married,Higher,6.0,7.0,0.483386,Trusted,5.0,5.0,0.357978
China,156000837,48.0,Urban,Low,Female,Married,Lower,7.0,6.0,0.351760,Not trusted,1.0,5.0,0.388594
China,156000838,65.0,Urban,Low,Female,Married,Lower,7.0,10.0,0.274681,Not trusted,1.0,6.0,0.329195
China,156000839,45.0,Urban,Low,Male,Married,Lower,9.0,10.0,0.433432,Trusted,1.0,7.0,0.285861
China,156000840,68.0,Rural,Medium,Male,Divorced,Lower,8.0,6.0,0.306192,Not trusted,1.0,3.0,0.427025
China,156000841,52.0,Urban,Medium,Male,Single,Higher,7.0,10.0,0.492951,Trusted,4.0,4.0,0.411889
China,156000842,61.0,Urban,Low,Male,Married,Lower,6.0,9.0,0.578806,Not trusted,8.0,4.0,0.358539
China,156000843,41.0,Rural,Medium,Male,Married,Lower,10.0,8.0,0.238805,Not trusted,1.0,8.0,0.499480
China,156000844,26.0,Rural,Low,Male,Married,Middle,10.0,8.0,0.460218,Trusted,5.0,8.0,0.624074
China,156000845,50.0,Urban,Medium,Female,Married,Lower,3.0,6.0,0.581787,Trusted,2.0,2.0,0.390157
China,156000846,52.0,Rural,Medium,Male,Married,Higher,7.0,7.0,0.421562,Trusted,2.0,1.0,0.554370
China,156000847,19.0,Urban,Medium,Male,Married,Lower,9.0,8.0,0.496803,Not trusted,5.0,8.0,0.358769
China,156000848,21.0,Rural,Medium,Male,Married,Higher,6.0,8.0,0.311854,Trusted,1.0,7.0,0.414857
China,156000849,28.0,Urban,Medium,Male,Married,Middle,7.0,7.0,0.606931,Trusted,8.0,7.0,0.404448
China,156000850,47.0,Urban,Medium,Male,Widowed,Lower,10.0,6.0,0.168808,Trusted,1.0,10.0,0.399592
China,156000851,67.0,Urban,Medium,Female,Married,Lower,7.0,1.0,0.438888,Trusted,9.0,4.0,0.424468
China,156000852,67.0,Urban,Low,Female,Married,Lower,8.0,7.0,0.338284,Trusted,1.0,5.0,0.257084
China,156000853,44.0,Urban,Medium,Female,Married,Middle,4.0,5.0,0.334679,Trusted,1.0,4.0,0.518229
China,156000854,28.0,Urban,Medium,Male,Married,Lower,8.0,8.0,0.339587,Trusted,1.0,6.0,0.540129
China,156000855,64.0,Rural,Medium,Male,Married,Lower,10.0,9.0,0.328021,Trusted,1.0,8.0,0.293133
China,156000856,47.0,Urban,Low,Female,Married,Middle,6.0,7.0,0.346061,Trusted,2.0,6.0,0.327583
China,156000857,47.0,Rural,Medium,Male,Married,Lower,6.0,5.0,0.814656,Not trusted,5.0,7.0,0.420271
China,156000858,31.0,Rural,Medium,Female,Married,Lower,7.0,8.0,0.255834,Trusted,3.0,4.0,0.458798
China,156000859,36.0,Urban,Medium,Female,Married,Higher,6.0,6.0,0.447730,Trusted,2.0,6.0,0.415546
China,156000860,31.0,Urban,Medium,Male,Married,Middle,9.0,9.0,0.468830,Trusted,3.0,7.0,0.421389
China,156000861,29.0,Rural,Medium,Male,Married,Middle,9.0,9.0,0.364583,Not trusted,2.0,7.0,0.322737
China,156000862,50.0,Rural,Low,Male,Married,Lower,4.0,8.0,0.446246,Not trusted,1.0,7.0,0.449470
China,156000863,54.0,Urban,Medium,Female,Married,Lower,9.0,8.0,0.234840,Trusted,1.0,8.0,0.412419
China,156000864,62.0,Urban,Medium,Male,Married,Lower,8.0,6.0,0.252961,Trusted,9.0,7.0,0.413268
China,156000865,62.0,Urban,Low,Male,Married,Higher,10.0,10.0,0.340328,Not trusted,3.0,10.0,0.513172
China,156000866,68.0,Urban,Low,Male,Married,Lower,8.0,8.0,0.385832,Not trusted,2.0,6.0,0.364854
China,156000867,48.0,Rural,Medium,Female,Single,Lower,8.0,8.0,0.434048,Not trusted,2.0,8.0,0.438365
China,156000868,36.0,Urban,Low,Male,Married,Lower,6.0,5.0,0.426400,Not trusted,5.0,1.0,0.343586
China,156000869,40.0,Urban,Low,Female,Married,Lower,8.0,10.0,0.259061,Not trusted,1.0,6.0,0.348409
China,156000870,46.0,Rural,Medium,Female,Married,Lower,5.0,9.0,0.480408,Not trusted,3.0,6.0,0.514430
China,156000871,50.0,Rural,Medium,Male,Married,Lower,8.0,6.0,0.292609,Trusted,4.0,6.0,0.458998
China,156000872,48.0,Urban,Medium,Male,Single,Higher,8.0,5.0,0.425166,Not trusted,1.0,10.0,0.354830
China,156000873,64.0,Rural,Low,Female,Single,Middle,8.0,7.0,0.386844,Not trusted,1.0,5.0,0.510900
China,156000874,54.0,Urban,Medium,Female,Married,Lower,8.0,8.0,0.260775,Trusted,5.0,5.0,0.386064
China,156000875,43.0,Urban,Low,Male,Married,Higher,3.0,3.0,0.346219,Trusted,10.0,1.0,0.356980
China,156000876,45.0,Rural,Low,Male,Married,Middle,9.0,9.0,0.280432,Not trusted,1.0,9.0,0.311053
China,156000877,44.0,Urban,Low,Male,Widowed,Middle,6.0,2.0,0.603856,Trusted,1.0,4.0,0.416480
China,156000878,44.0,Rural,Medium,Male,Married,Lower,9.0,6.0,0.455342,Not trusted,1.0,7.0,0.445628
China,156000879,54.0,Urban,Low,Female,Married,Lower,10.0,6.0,0.578288,Trusted,1.0,8.0,0.438325
China,156000880,18.0,Urban,High,Male,Married,Higher,8.0,10.0,0.496586,Trusted,2.0,8.0,0.316158
China,156000881,35.0,Urban,Low,Female,Married,Middle,8.0,8.0,0.466622,Trusted,1.0,9.0,0.478336
China,156000882,30.0,Urban,Medium,Female,Single,Higher,8.0,8.0,0.326671,Trusted,5.0,9.0,0.426806
China,156000883,20.0,Urban,Medium,Female,Married,,8.0,6.0,0.602652,Trusted,1.0,8.0,0.572315
China,156000884,19.0,Urban,Medium,Female,Married,Higher,8.0,8.0,0.810908,Trusted,10.0,8.0,0.731173
China,156000885,38.0,Urban,Low,Female,Married,Lower,5.0,5.0,0.405090,Not trusted,5.0,5.0,0.470813
China,156000886,46.0,Urban,Low,Female,Married,Lower,3.0,9.0,0.407307,Not trusted,1.0,5.0,0.261183
China,156000887,56.0,Urban,Low,Male,Married,Middle,10.0,7.0,0.440221,Trusted,10.0,10.0,0.402237
China,156000888,40.0,Urban,Medium,Female,Married,Lower,10.0,10.0,0.308013,Not trusted,1.0,10.0,0.362352
China,156000889,60.0,Urban,Medium,Female,Married,Higher,10.0,7.0,0.218697,Trusted,5.0,9.0,0.489703
China,156000890,42.0,Urban,Medium,Female,Married,Middle,8.0,10.0,0.404504,Not trusted,1.0,10.0,0.446047
China,156000891,43.0,Urban,Medium,Female,Single,Lower,9.0,7.0,0.461718,Trusted,3.0,7.0,0.543598
China,156000892,65.0,Rural,Low,Male,Married,Lower,5.0,6.0,0.357090,Trusted,1.0,4.0,0.458789
China,156000893,25.0,Rural,Medium,Female,Single,Middle,6.0,2.0,0.470383,Not trusted,1.0,8.0,0.373700
China,156000894,34.0,Urban,Medium,Female,Married,Lower,7.0,5.0,0.491827,Trusted,2.0,6.0,0.276993
China,156000895,35.0,Urban,Medium,Male,Married,Higher,5.0,7.0,0.602505,Trusted,2.0,5.0,0.640929
China,156000896,40.0,Urban,Medium,Female,Married,Higher,10.0,8.0,0.349953,Trusted,9.0,5.0,0.284142
China,156000897,32.0,Rural,Medium,Female,Married,Middle,10.0,8.0,0.406092,Trusted,1.0,8.0,0.442385
China,156000898,28.0,Urban,Medium,Female,Single,Higher,8.0,6.0,0.419426,Trusted,1.0,8.0,0.332904
China,156000899,67.0,Urban,Medium,Male,Married,Lower,10.0,10.0,0.314794,Trusted,2.0,8.0,0.395417
China,156000900,24.0,Urban,Low,Male,Single,Middle,7.0,6.0,0.578586,Not trusted,2.0,6.0,0.322939
China,156000901,68.0,Urban,Low,Male,Married,Lower,10.0,9.0,0.207399,Trusted,1.0,7.0,0.089783
China,156000902,48.0,Urban,Medium,Female,Married,Lower,8.0,8.0,0.185613,Trusted,7.0,8.0,0.359529
China,156000903,48.0,Rural,Low,Male,Widowed,Lower,5.0,4.0,0.378902,Not trusted,1.0,5.0,0.409997
China,156000904,26.0,Urban,Medium,Male,Married,Middle,9.0,8.0,0.428270,Trusted,10.0,7.0,0.401934
China,156000905,58.0,Urban,Low,Female,Living together as married,Lower,1.0,5.0,0.317783,Not trusted,1.0,7.0,0.380163
China,156000906,31.0,Urban,Medium,Female,Married,Lower,6.0,7.0,0.422736,Trusted,5.0,4.0,0.272412
China,156000907,56.0,Rural,Low,Female,Married,Middle,9.0,7.0,0.362658,Trusted,1.0,8.0,0.426821
China,156000908,56.0,Urban,Medium,Female,Separated,Middle,10.0,9.0,0.473977,Trusted,3.0,9.0,0.421264
China,156000909,38.0,Urban,Medium,Male,Married,Higher,8.0,8.0,0.379138,Trusted,2.0,9.0,0.259432
China,156000910,69.0,Urban,Medium,Male,Married,Lower,8.0,8.0,0.161427,Trusted,2.0,7.0,0.382944
China,156000911,19.0,Rural,Medium,Female,Married,Lower,7.0,5.0,0.419642,Trusted,1.0,8.0,0.565884
China,156000912,37.0,Urban,Medium,Female,Married,Higher,8.0,4.0,0.441649,Trusted,10.0,4.0,0.370576
China,156000913,32.0,Urban,Medium,Male,Married,Higher,9.0,8.0,0.512018,Trusted,8.0,9.0,0.397754
China,156000914,39.0,Rural,Medium,Male,Married,,6.0,7.0,0.564889,Not trusted,1.0,5.0,0.616888
China,156000915,59.0,Rural,Low,Female,Married,Lower,8.0,5.0,0.514787,Not trusted,3.0,5.0,0.290518
China,156000916,58.0,Urban,Medium,Male,Married,Lower,10.0,8.0,0.492308,Not trusted,1.0,8.0,0.348462
China,156000917,48.0,Urban,Medium,Female,Married,Higher,8.0,7.0,0.571844,Trusted,5.0,7.0,0.466728
China,156000918,45.0,Urban,Low,Male,Married,Lower,5.0,6.0,0.508817,Not trusted,1.0,8.0,0.407696
China,156000919,34.0,Rural,Low,Female,Single,Lower,10.0,10.0,0.287755,Trusted,1.0,9.0,0.362052
China,156000920,62.0,Rural,Low,Female,Married,Higher,6.0,7.0,0.471396,Trusted,8.0,8.0,0.580218
China,156000921,45.0,Urban,Medium,Male,Single,Higher,6.0,8.0,0.631046,Trusted,1.0,5.0,0.397842
China,156000922,39.0,Urban,Medium,Male,Married,Lower,8.0,5.0,0.734293,Trusted,2.0,7.0,0.253506
China,156000923,36.0,Urban,Low,Male,Married,Lower,6.0,5.0,0.317373,Not trusted,2.0,6.0,0.377983
China,156000924,30.0,Urban,Low,Male,Married,Lower,9.0,7.0,0.401698,Not trusted,1.0,7.0,0.315426
China,156000925,20.0,Urban,Low,Female,Married,Higher,3.0,5.0,0.436519,Not trusted,2.0,6.0,0.530406
China,156000926,62.0,Rural,Medium,Female,Married,Lower,10.0,10.0,0.247469,Trusted,5.0,10.0,0.530573
China,156000927,52.0,Urban,Medium,Female,Married,Middle,8.0,6.0,0.462959,Trusted,7.0,4.0,0.216892
China,156000928,46.0,Rural,Low,Male,Married,Lower,8.0,7.0,0.302358,Trusted,7.0,8.0,0.330080
China,156000929,61.0,Urban,Medium,Female,Married,Lower,7.0,9.0,0.373223,Trusted,6.0,6.0,0.280292
China,156000930,41.0,Rural,Medium,Female,Married,Middle,9.0,5.0,0.300082,Trusted,,7.0,0.415611
China,156000931,67.0,Urban,Low,Male,Single,Middle,7.0,10.0,0.445904,Not trusted,2.0,4.0,0.268936
China,156000932,35.0,Rural,Medium,Female,Married,Lower,2.0,4.0,0.384142,Not trusted,1.0,5.0,0.341613
China,156000933,45.0,Rural,Low,Male,Married,Lower,1.0,7.0,0.447471,Not trusted,6.0,4.0,0.302902
China,156000934,64.0,Urban,Low,Female,Married,Lower,8.0,7.0,0.339472,,2.0,3.0,0.313283
China,156000935,47.0,Rural,Low,Female,Married,Middle,9.0,8.0,0.283924,Not trusted,1.0,7.0,0.570215
China,156000936,39.0,Urban,Medium,Male,Married,Lower,5.0,6.0,0.561092,Not trusted,3.0,8.0,0.329074
China,156000937,44.0,Rural,Medium,Female,Married,Higher,8.0,8.0,0.409997,Trusted,2.0,7.0,0.323440
China,156000938,18.0,Rural,Low,Female,Married,Higher,6.0,5.0,0.536480,Trusted,6.0,5.0,0.501509
China,156000939,31.0,Urban,Medium,Male,Single,Higher,9.0,9.0,0.657819,Trusted,6.0,10.0,0.359078
China,156000940,26.0,Rural,Medium,Female,Married,Middle,7.0,5.0,0.558219,Trusted,5.0,8.0,0.420572
China,156000941,49.0,Urban,Medium,Female,Single,Middle,10.0,8.0,0.438263,Trusted,1.0,5.0,0.213899
China,156000942,32.0,Urban,Low,Male,Married,Lower,5.0,6.0,0.489222,Trusted,1.0,4.0,0.666740
China,156000943,45.0,Urban,Low,Male,Married,Lower,8.0,8.0,0.343677,Trusted,8.0,7.0,0.212035
China,156000944,49.0,Urban,Low,Female,Married,Middle,10.0,2.0,0.291448,Not trusted,1.0,9.0,0.392262
China,156000945,31.0,Rural,Low,Female,Married,Lower,10.0,6.0,0.392977,Trusted,1.0,6.0,0.319897
China,156000946,69.0,Urban,Low,Male,Married,Lower,8.0,8.0,0.295762,Not trusted,1.0,3.0,0.375459
China,156000947,46.0,Urban,Medium,Male,Married,Higher,6.0,8.0,0.448926,Trusted,3.0,5.0,0.446554
China,156000948,18.0,Urban,Medium,Female,Married,Higher,7.0,5.0,0.518300,Trusted,1.0,7.0,0.576567
China,156000949,62.0,Rural,Medium,Female,Married,Lower,10.0,10.0,0.219036,Trusted,1.0,8.0,0.312687
China,156000950,44.0,Urban,Medium,Female,Married,Lower,8.0,7.0,0.407065,Trusted,10.0,6.0,0.396280
China,156000951,22.0,Urban,Medium,Male,Married,Middle,4.0,8.0,0.347932,Not trusted,2.0,7.0,0.236181
China,156000952,56.0,Urban,Low,Female,Married,Lower,7.0,5.0,0.414682,Trusted,1.0,3.0,0.353613
China,156000953,20.0,Rural,Medium,Female,Married,Higher,8.0,9.0,0.418257,Trusted,10.0,7.0,0.226624
China,156000954,60.0,Rural,Medium,Female,Married,Lower,10.0,10.0,0.379941,Trusted,3.0,9.0,0.514882
China,156000955,38.0,Urban,Medium,Female,Married,Middle,8.0,9.0,0.286117,Trusted,10.0,8.0,0.191891
China,156000956,58.0,Urban,Medium,Male,Married,Higher,7.0,5.0,0.465004,Trusted,1.0,5.0,0.487738
China,156000957,30.0,Rural,Medium,Male,Married,Higher,7.0,7.0,0.348013,Trusted,2.0,8.0,0.417416
China,156000958,29.0,Urban,Low,Female,Married,Higher,9.0,7.0,0.439109,Trusted,3.0,5.0,0.667707
China,156000959,57.0,Urban,Low,Female,Married,Lower,3.0,5.0,0.590070,Not trusted,1.0,3.0,0.523261
China,156000960,46.0,Rural,High,Female,Married,Higher,8.0,8.0,0.559421,Trusted,1.0,8.0,0.610633
China,156000961,38.0,Urban,Low,Male,Single,Middle,5.0,8.0,0.526489,Trusted,1.0,7.0,0.439883
China,156000962,61.0,Urban,Medium,Male,Single,Lower,7.0,4.0,0.304476,Trusted,2.0,7.0,0.712349
China,156000963,67.0,Urban,Medium,Male,Single,Lower,10.0,8.0,0.331674,Not trusted,3.0,7.0,0.315998
China,156000964,38.0,Urban,Medium,Female,Married,Middle,8.0,8.0,0.418302,Trusted,1.0,8.0,0.349677
China,156000965,22.0,Rural,Low,Female,Married,Middle,6.0,10.0,0.434389,Trusted,1.0,10.0,0.382383
China,156000966,30.0,Urban,Medium,Female,,Higher,7.0,8.0,0.579520,Trusted,4.0,7.0,0.359566
China,156000967,67.0,Urban,Medium,Female,Married,Lower,8.0,9.0,0.511704,Trusted,1.0,7.0,0.359833
China,156000968,27.0,Rural,Medium,Female,Married,Middle,7.0,7.0,0.237428,Trusted,2.0,9.0,0.387549
China,156000969,48.0,Urban,Medium,Male,Married,Lower,9.0,7.0,0.354583,Trusted,2.0,5.0,0.275821
China,156000970,19.0,Urban,Medium,Male,Married,Higher,8.0,7.0,0.503354,Trusted,5.0,6.0,0.428209
China,156000971,38.0,Rural,Medium,Female,Married,Middle,10.0,8.0,0.593309,Trusted,8.0,5.0,0.441093
China,156000972,61.0,Urban,Low,Male,Married,Lower,8.0,10.0,0.228513,Not trusted,2.0,7.0,0.354257
China,156000973,46.0,Urban,Low,Female,Single,Lower,6.0,6.0,0.296031,Trusted,1.0,3.0,0.387322
China,156000974,54.0,Rural,Medium,Female,Married,Middle,7.0,8.0,0.468681,Trusted,1.0,6.0,0.331661
China,156000975,45.0,Urban,Medium,Female,Married,Lower,8.0,8.0,0.420953,Not trusted,1.0,9.0,0.348962
China,156000976,45.0,Urban,Medium,Female,Married,Higher,9.0,10.0,0.368763,Trusted,2.0,10.0,0.305126
China,156000977,40.0,Urban,Medium,Female,Married,Higher,7.0,10.0,0.312024,Trusted,8.0,10.0,0.451744
China,156000978,47.0,Urban,Medium,Female,Single,Lower,5.0,7.0,0.384911,Trusted,1.0,6.0,0.505888
China,156000979,68.0,Urban,Low,Male,Married,Lower,7.0,1.0,0.263295,Trusted,1.0,5.0,0.689361
China,156000980,62.0,Urban,Medium,Male,Married,Lower,10.0,9.0,0.418844,Not trusted,1.0,10.0,0.257610
China,156000981,28.0,Urban,Medium,Male,Married,Lower,7.0,4.0,0.339356,Trusted,2.0,3.0,0.389149
China,156000982,60.0,Rural,Medium,Female,Married,Middle,8.0,7.0,0.407169,Trusted,1.0,8.0,0.402480
China,156000983,29.0,Urban,Medium,Male,Married,Middle,7.0,5.0,0.383418,Not trusted,2.0,8.0,0.453469
China,156000984,21.0,Urban,Medium,Female,Married,Lower,3.0,9.0,0.485517,Not trusted,2.0,6.0,0.397387
China,156000985,50.0,Urban,Medium,Female,Married,Lower,2.0,2.0,0.319870,Trusted,7.0,4.0,0.298756
China,156000986,38.0,Urban,Low,Female,Married,Lower,7.0,10.0,0.345021,Trusted,1.0,4.0,0.359806
China,156000987,28.0,Rural,Medium,Female,Married,Higher,6.0,8.0,0.564488,Trusted,5.0,6.0,0.481041
China,156000988,46.0,Urban,Medium,Female,Married,Lower,10.0,8.0,0.470367,Not trusted,3.0,10.0,0.422194
China,156000989,56.0,Urban,Medium,Male,Married,Lower,5.0,10.0,0.370976,Trusted,7.0,4.0,0.229913
China,156000990,50.0,Urban,Medium,Male,Married,Lower,1.0,6.0,0.375229,Trusted,4.0,3.0,0.391585
China,156000991,27.0,Urban,Medium,Female,Married,Higher,8.0,4.0,0.541606,Not trusted,1.0,8.0,0.388411
China,156000992,62.0,Urban,Low,Male,Married,Lower,5.0,3.0,0.491394,Trusted,1.0,2.0,0.339379
China,156000993,21.0,Rural,Medium,Male,Married,Higher,5.0,3.0,0.411363,Not trusted,1.0,7.0,0.357321
China,156000994,45.0,Urban,Medium,Female,Married,Middle,6.0,7.0,0.334328,Not trusted,3.0,5.0,0.502963
China,156000995,34.0,Urban,Medium,Female,Married,Lower,6.0,3.0,0.484764,Not trusted,4.0,7.0,0.300518
China,156000996,28.0,Urban,Low,Male,Married,Lower,7.0,6.0,0.413175,Not trusted,5.0,7.0,0.300710
China,156000997,53.0,Urban,Low,Female,Single,Lower,8.0,9.0,0.423765,Trusted,5.0,7.0,0.309977
China,156000998,47.0,Urban,Low,Male,Single,Lower,9.0,7.0,0.445611,Trusted,1.0,5.0,0.625128
China,156000999,69.0,Urban,Low,Female,Married,Lower,10.0,10.0,0.315697,Trusted,1.0,7.0,0.298904
China,156001000,43.0,Urban,Medium,Male,Single,Higher,8.0,6.0,0.459466,Trusted,6.0,7.0,0.538523
China,156001001,63.0,Urban,Medium,Female,Married,Middle,7.0,6.0,0.336891,Trusted,1.0,8.0,0.622603
China,156001002,31.0,Rural,Medium,Female,Married,Higher,7.0,6.0,0.499056,Trusted,7.0,6.0,0.549429
China,156001003,69.0,Urban,Medium,Male,Married,Lower,6.0,8.0,0.298380,Not trusted,1.0,8.0,0.288911
China,156001004,65.0,Rural,Medium,Male,Married,Higher,8.0,9.0,0.493477,Trusted,6.0,7.0,0.475875
China,156001005,60.0,Rural,Low,Male,Married,Lower,7.0,7.0,0.404153,Trusted,1.0,6.0,0.322620
China,156001006,68.0,Rural,Low,Female,Married,Middle,10.0,8.0,0.262947,Trusted,1.0,7.0,0.269161
China,156001007,40.0,Urban,Medium,Female,Married,Lower,10.0,10.0,0.373854,Trusted,1.0,8.0,0.441212
China,156001008,34.0,Urban,Low,Male,Single,Lower,7.0,10.0,0.304835,Not trusted,1.0,8.0,0.344050
China,156001009,55.0,Urban,Medium,Female,Married,Middle,9.0,10.0,0.454573,Trusted,6.0,5.0,0.143621
China,156001010,67.0,Rural,Medium,Female,Married,Lower,10.0,10.0,0.590149,Not trusted,1.0,10.0,0.441521
China,156001011,24.0,Rural,Low,Male,Married,Middle,5.0,4.0,0.499097,Trusted,2.0,6.0,0.680236
China,156001012,48.0,Urban,Low,Female,Divorced,Lower,9.0,10.0,0.329156,Not trusted,1.0,8.0,0.118889
China,156001013,64.0,Urban,Medium,Female,Married,Lower,7.0,5.0,0.323106,Not trusted,1.0,7.0,0.342966
China,156001014,27.0,Urban,Medium,Female,Married,Lower,6.0,6.0,0.530429,Trusted,6.0,6.0,0.463160
China,156001015,32.0,Urban,Low,Male,,Lower,8.0,8.0,0.593148,Trusted,1.0,10.0,0.445639
China,156001016,23.0,Rural,Medium,Male,Married,Lower,9.0,9.0,0.313011,Trusted,5.0,10.0,0.482587
China,156001017,46.0,Urban,Medium,Female,Widowed,Higher,8.0,5.0,0.519834,Trusted,1.0,6.0,0.569236
China,156001018,39.0,Urban,Low,Female,Married,Lower,7.0,7.0,0.342506,Not trusted,1.0,5.0,0.364642
China,156001019,18.0,Rural,Medium,Male,Married,Higher,1.0,8.0,0.547535,Not trusted,1.0,1.0,0.396881
China,156001020,44.0,Rural,Medium,Male,Married,Lower,7.0,8.0,0.404470,Trusted,1.0,6.0,0.605268
China,156001021,70.0,Urban,Low,Female,Single,Lower,8.0,3.0,0.247865,Trusted,1.0,8.0,0.376475
China,156001022,40.0,Urban,Medium,Male,Married,Higher,10.0,10.0,0.401016,Trusted,4.0,10.0,0.240375
China,156001023,31.0,Urban,Medium,Female,Married,Lower,2.0,6.0,0.428763,Trusted,1.0,3.0,0.420194
China,156001024,44.0,Rural,Low,Female,Married,Middle,7.0,5.0,0.484975,Not trusted,2.0,7.0,0.301614
China,156001025,49.0,Urban,Low,Female,Married,Lower,8.0,7.0,0.436937,Not trusted,2.0,6.0,0.322101
China,156001026,68.0,Urban,Low,Male,Single,Lower,7.0,5.0,0.308522,Trusted,1.0,8.0,0.398561
China,156001027,28.0,Rural,Medium,Female,Married,Middle,7.0,8.0,0.416504,Trusted,3.0,3.0,0.245252
China,156001028,37.0,Urban,Low,Female,Married,Lower,5.0,5.0,0.478629,Not trusted,2.0,2.0,0.406406
China,156001029,42.0,Urban,Low,Male,,Middle,10.0,2.0,0.509828,Trusted,1.0,8.0,0.314357
China,156001030,46.0,Rural,Medium,Male,Married,Lower,7.0,9.0,0.441215,Trusted,7.0,6.0,0.466341
China,156001031,66.0,Rural,Medium,Female,Married,Lower,6.0,5.0,0.422101,Trusted,1.0,6.0,0.505161
China,156001032,36.0,Urban,Low,Male,Single,Higher,8.0,9.0,0.612128,Trusted,1.0,10.0,0.258823
China,156001033,28.0,Urban,Medium,Female,Married,Higher,7.0,7.0,0.402104,Trusted,2.0,1.0,0.358703
China,156001034,25.0,Urban,Medium,Male,Married,Higher,3.0,4.0,0.603308,Trusted,10.0,10.0,0.591841
China,156001035,35.0,Rural,Low,Male,Married,Lower,10.0,7.0,0.356954,Trusted,1.0,8.0,0.379494
China,156001036,35.0,Rural,Low,Female,Married,Lower,10.0,8.0,0.358431,Trusted,2.0,8.0,0.385504
China,156001037,25.0,Urban,Medium,Male,Married,Lower,10.0,8.0,0.426635,Trusted,1.0,8.0,0.589625
China,156001038,29.0,Rural,Medium,Male,Married,Higher,10.0,10.0,0.398869,Trusted,1.0,10.0,0.412671
China,156001039,48.0,Rural,Low,Male,Married,Lower,7.0,6.0,0.362424,Not trusted,1.0,8.0,0.350360
China,156001040,41.0,Urban,Medium,Female,Married,Lower,5.0,5.0,0.388115,Not trusted,1.0,1.0,0.448637
China,156001041,23.0,Rural,Low,Female,Widowed,Higher,8.0,6.0,0.686678,Trusted,2.0,7.0,0.509616
China,156001042,68.0,Urban,Low,Male,Married,Middle,10.0,8.0,0.400187,Trusted,5.0,8.0,0.473389
China,156001043,32.0,Rural,Low,Female,Married,Lower,5.0,9.0,0.328745,Not trusted,1.0,8.0,0.455175
China,156001044,31.0,Rural,Medium,Male,Married,Lower,10.0,8.0,0.233930,Trusted,9.0,7.0,0.218149
China,156001045,40.0,Urban,Medium,Female,Living together as married,Lower,9.0,8.0,0.466383,Trusted,3.0,6.0,0.415403
China,156001046,53.0,Rural,Medium,Female,Married,Lower,8.0,8.0,0.589450,Trusted,1.0,10.0,0.588744
China,156001047,69.0,Rural,Medium,Male,Married,Lower,10.0,7.0,0.362101,Trusted,2.0,10.0,0.212059
China,156001048,62.0,Rural,Low,Female,Married,Middle,6.0,2.0,0.254506,Trusted,1.0,4.0,0.448534
China,156001049,38.0,Urban,Low,Male,Married,Middle,8.0,6.0,0.450348,Trusted,2.0,6.0,0.393302
China,156001050,68.0,Urban,Low,Female,Married,Lower,6.0,8.0,0.386762,Trusted,2.0,7.0,0.414712
China,156001051,42.0,Rural,Low,Male,Married,Lower,5.0,4.0,0.268445,Trusted,5.0,3.0,0.335715
China,156001052,20.0,Rural,Low,Male,Married,Higher,6.0,7.0,0.396570,Trusted,4.0,6.0,0.290833
China,156001053,41.0,Rural,Low,Female,Married,Higher,7.0,4.0,0.595119,Not trusted,1.0,6.0,0.422914
China,156001054,62.0,Urban,Medium,Female,Married,Lower,7.0,3.0,0.315711,Not trusted,1.0,7.0,0.317735
China,156001055,51.0,Urban,Low,Female,Married,Lower,4.0,3.0,0.251506,Trusted,5.0,1.0,0.260823
China,156001056,64.0,Urban,Medium,Female,Married,Higher,10.0,9.0,0.470830,Trusted,7.0,9.0,0.576789
China,156001057,20.0,Rural,Medium,Female,Married,Lower,8.0,5.0,0.318499,Not trusted,1.0,8.0,0.503255
China,156001058,44.0,Urban,Medium,Female,Married,Lower,9.0,10.0,0.406212,Trusted,1.0,7.0,0.318987
China,156001059,52.0,Urban,Medium,Male,Married,Lower,8.0,7.0,0.531327,Not trusted,2.0,4.0,0.596495
China,156001060,45.0,Urban,Medium,Male,Married,Middle,8.0,8.0,0.439637,Trusted,1.0,6.0,0.616987
China,156001061,27.0,Urban,Low,Female,Single,Lower,9.0,8.0,0.334911,Not trusted,1.0,7.0,0.265257
China,156001062,44.0,Rural,Medium,Male,Married,Lower,5.0,6.0,0.368577,Not trusted,1.0,1.0,0.564852
China,156001063,54.0,Urban,Low,Male,Married,Lower,5.0,7.0,0.329418,Trusted,1.0,5.0,0.379523
China,156001064,29.0,Rural,Low,Female,Widowed,Lower,8.0,5.0,0.298622,Not trusted,6.0,8.0,0.333864
China,156001065,45.0,Urban,Low,Male,Married,Lower,8.0,7.0,0.409509,Not trusted,1.0,4.0,0.396527
China,156001066,67.0,Rural,Low,Male,Married,Lower,5.0,9.0,0.358988,Not trusted,1.0,7.0,0.386064
China,156001067,57.0,Urban,Medium,Male,Married,Higher,10.0,10.0,0.287061,Trusted,1.0,10.0,0.358533
China,156001068,48.0,Urban,Medium,Male,Married,Higher,7.0,8.0,0.646742,Trusted,2.0,7.0,0.371569
China,156001069,26.0,Rural,Medium,Female,Married,Lower,5.0,5.0,0.461530,Trusted,4.0,5.0,0.371833
China,156001070,49.0,Urban,Medium,Male,Married,Higher,6.0,7.0,0.596469,Not trusted,1.0,5.0,0.739000
China,156001071,46.0,Urban,Low,Female,Married,Lower,8.0,7.0,0.287798,Not trusted,1.0,8.0,0.376456
China,156001072,59.0,Urban,Medium,Female,Married,Lower,10.0,8.0,0.286407,Not trusted,1.0,8.0,0.223622
China,156001073,46.0,Urban,Medium,Female,Single,Lower,8.0,9.0,0.433751,Not trusted,2.0,8.0,0.306567
China,156001074,46.0,Urban,Low,Female,Married,Lower,4.0,2.0,0.581923,Not trusted,9.0,2.0,0.435483
China,156001075,60.0,Rural,Medium,Male,Married,Lower,9.0,5.0,0.322937,Trusted,1.0,3.0,0.373414
China,156001076,59.0,Urban,Low,Female,Married,Lower,7.0,7.0,0.252967,Trusted,1.0,6.0,0.413195
China,156001077,31.0,Urban,Medium,Female,Married,Lower,8.0,9.0,0.371117,Trusted,1.0,8.0,0.415597
China,156001078,32.0,Rural,Medium,Female,Married,Higher,8.0,7.0,0.454120,Trusted,4.0,8.0,0.486302
China,156001079,46.0,Rural,Low,Female,Widowed,Higher,5.0,5.0,0.296152,Trusted,9.0,5.0,0.234259
China,156001080,60.0,Urban,Medium,Female,Married,Lower,10.0,10.0,0.477490,Trusted,9.0,10.0,0.429542
China,156001081,32.0,Rural,Medium,Female,Married,Higher,8.0,8.0,0.646182,Not trusted,1.0,6.0,0.335364
China,156001082,58.0,Rural,Low,Male,Married,Lower,7.0,7.0,0.204038,Not trusted,1.0,7.0,0.380192
China,156001083,42.0,Rural,Low,Male,Married,Middle,5.0,6.0,0.433107,Trusted,2.0,4.0,0.565484
China,156001084,66.0,Rural,High,Male,Single,Higher,10.0,10.0,0.526913,Trusted,1.0,10.0,0.369358
China,156001085,24.0,Rural,Medium,Female,Married,Lower,7.0,8.0,0.415180,Not trusted,1.0,7.0,0.217021
China,156001086,29.0,Urban,Medium,Male,Single,Lower,7.0,6.0,0.632724,Trusted,1.0,6.0,0.440882
China,156001087,38.0,Urban,Medium,Female,Married,Middle,6.0,5.0,0.305180,Not trusted,1.0,6.0,0.422167
China,156001088,31.0,Rural,Medium,Male,Married,Higher,8.0,5.0,0.410696,Trusted,2.0,5.0,0.397618
China,156001089,48.0,Rural,Medium,Female,Married,Higher,9.0,9.0,0.348947,Trusted,1.0,8.0,0.588936
China,156001090,22.0,Rural,Medium,Female,Married,Lower,8.0,5.0,0.362234,Trusted,4.0,8.0,0.454605
China,156001091,26.0,Urban,Medium,Female,Married,Middle,9.0,5.0,0.327476,Trusted,10.0,8.0,0.286275
China,156001092,39.0,Rural,Low,Female,Married,Lower,7.0,6.0,0.418272,,1.0,1.0,0.361668
China,156001093,31.0,Urban,Medium,Female,Married,Higher,9.0,7.0,0.371729,Trusted,1.0,9.0,0.511671
China,156001094,28.0,Rural,Medium,Female,Married,Higher,8.0,9.0,0.410144,Trusted,1.0,10.0,0.311512
China,156001095,34.0,Urban,Medium,Male,Married,Lower,5.0,5.0,0.233239,Trusted,9.0,10.0,0.433448
China,156001096,52.0,Urban,Medium,Female,Single,Middle,10.0,10.0,0.408987,Trusted,1.0,10.0,0.426941
China,156001097,37.0,Urban,Medium,Male,Married,Lower,8.0,8.0,0.288540,Trusted,2.0,10.0,0.226426
China,156001098,62.0,Rural,Medium,Female,Widowed,Middle,6.0,5.0,0.337160,Not trusted,1.0,5.0,0.527167
China,156001099,50.0,Urban,Medium,Male,Married,Lower,8.0,8.0,0.598346,Not trusted,1.0,9.0,0.473530
China,156001100,28.0,Rural,Medium,Female,Married,Lower,8.0,8.0,0.497070,Trusted,1.0,3.0,0.455547
China,156001101,66.0,Urban,Low,Male,Married,Lower,4.0,6.0,0.411096,Not trusted,10.0,2.0,0.237522
China,156001102,63.0,Urban,Low,Male,Married,Higher,7.0,7.0,0.342829,Not trusted,1.0,5.0,0.453248
China,156001103,47.0,Urban,Medium,Female,Married,Lower,5.0,7.0,0.322632,Trusted,1.0,2.0,0.313286
China,156001104,68.0,Urban,Medium,Male,Married,Lower,10.0,8.0,0.432470,Trusted,1.0,10.0,0.210126
China,156001105,52.0,Urban,Low,Female,Married,Lower,5.0,6.0,0.359297,Trusted,1.0,3.0,0.643967
China,156001106,65.0,Urban,Medium,Female,Single,Middle,5.0,9.0,0.450188,Trusted,1.0,7.0,0.351643
China,156001107,65.0,Urban,Medium,Female,Married,Lower,5.0,5.0,0.356478,Trusted,2.0,1.0,0.500435
China,156001108,68.0,Urban,Medium,Female,Divorced,Lower,7.0,8.0,0.439339,Trusted,1.0,7.0,0.425228
China,156001109,30.0,Rural,Medium,Male,Married,Middle,8.0,10.0,0.372097,Trusted,1.0,8.0,0.387308
China,156001110,19.0,Urban,Medium,Female,Married,,6.0,8.0,0.740136,Trusted,1.0,8.0,0.430812
China,156001111,49.0,Urban,Low,Female,Married,Middle,8.0,9.0,0.655877,Trusted,10.0,10.0,0.453701
China,156001112,54.0,Rural,Medium,Female,Widowed,Lower,8.0,9.0,0.308994,Not trusted,4.0,10.0,0.449426
China,156001113,45.0,Rural,Medium,Male,Married,Lower,9.0,10.0,0.425077,Trusted,4.0,8.0,0.500881
China,156001114,24.0,Urban,Medium,Female,Married,Lower,9.0,10.0,0.496388,Trusted,7.0,8.0,0.461780
China,156001115,20.0,Urban,Medium,Male,Married,Lower,5.0,5.0,0.500146,Trusted,1.0,2.0,0.542365
China,156001116,26.0,Urban,Medium,Female,Married,Lower,8.0,3.0,0.520743,Not trusted,3.0,5.0,0.561597
China,156001117,40.0,Urban,Low,Female,Married,Lower,10.0,8.0,0.419109,Not trusted,1.0,9.0,0.352024
China,156001118,61.0,Urban,Low,Male,Married,Middle,10.0,7.0,0.279341,Trusted,3.0,8.0,0.214751
China,156001119,41.0,Rural,Medium,Female,Married,Lower,9.0,8.0,0.338166,Trusted,1.0,8.0,0.403019
China,156001120,50.0,Urban,Medium,Female,Married,Lower,10.0,10.0,0.469546,Trusted,1.0,10.0,0.355451
China,156001121,64.0,Rural,Low,Male,Single,Middle,10.0,8.0,0.288581,Trusted,1.0,8.0,0.385997
China,156001122,48.0,Urban,Low,Male,Married,Lower,7.0,10.0,0.253318,Trusted,1.0,5.0,0.362820
China,156001123,65.0,Urban,Medium,Male,Married,Middle,9.0,10.0,0.408472,Trusted,1.0,6.0,0.403523
China,156001124,21.0,Urban,Low,Male,Single,Middle,8.0,7.0,0.428349,Trusted,1.0,5.0,0.395523
China,156001125,39.0,Urban,Low,Female,Married,Higher,8.0,5.0,0.451474,Trusted,5.0,9.0,0.213285
China,156001126,46.0,Urban,Low,Female,Widowed,Lower,10.0,8.0,0.379262,Not trusted,1.0,8.0,0.281222
China,156001127,46.0,Rural,High,Female,Married,Middle,8.0,10.0,0.375704,Not trusted,2.0,5.0,0.360171
China,156001128,53.0,Urban,Low,Male,Married,Lower,7.0,8.0,0.440078,Not trusted,1.0,5.0,0.439947
China,156001129,49.0,Urban,Medium,Female,Married,Middle,10.0,7.0,0.356260,Trusted,1.0,5.0,0.401572
China,156001130,34.0,Rural,Low,Female,Married,Lower,5.0,5.0,0.430729,Not trusted,1.0,6.0,0.568725
China,156001131,60.0,Urban,Low,Female,Married,Lower,10.0,9.0,0.268119,Trusted,1.0,8.0,0.385049
China,156001132,28.0,Rural,,Female,Married,Higher,8.0,8.0,0.474937,Trusted,7.0,7.0,0.334600
China,156001133,46.0,Urban,High,Female,Married,Lower,10.0,7.0,0.621107,Not trusted,2.0,10.0,0.357441
China,156001134,54.0,Urban,Medium,Male,Single,Lower,8.0,5.0,0.284462,Trusted,1.0,7.0,0.398071
China,156001135,31.0,Urban,Low,Male,Married,Higher,9.0,8.0,0.368010,Trusted,8.0,10.0,0.454411
China,156001136,63.0,Urban,Medium,Female,Single,Middle,9.0,8.0,0.400016,Trusted,1.0,7.0,0.554472
China,156001137,44.0,Rural,Medium,Female,Married,Higher,6.0,9.0,0.383635,Not trusted,1.0,5.0,0.819339
China,156001138,43.0,Rural,Medium,Male,Married,Lower,10.0,8.0,0.275975,Not trusted,8.0,,0.415961
China,156001139,30.0,Urban,Low,Male,Married,Middle,5.0,7.0,0.327919,Trusted,7.0,4.0,0.563268
China,156001140,29.0,Urban,Low,Female,Widowed,Middle,8.0,5.0,0.432150,Trusted,3.0,10.0,0.349747
China,156001141,39.0,Rural,Medium,Male,Married,Lower,10.0,10.0,0.418481,Trusted,1.0,10.0,0.244352
China,156001142,53.0,Urban,Medium,Female,Married,Middle,8.0,7.0,0.475352,Trusted,1.0,7.0,0.431287
China,156001143,41.0,Rural,Medium,Male,Married,Lower,7.0,5.0,0.253933,Trusted,5.0,5.0,0.204845
China,156001144,44.0,Urban,Low,Female,Married,Lower,8.0,5.0,0.320855,Trusted,5.0,8.0,0.433301
China,156001145,26.0,Urban,Medium,Female,Married,Middle,6.0,7.0,0.675748,Trusted,1.0,7.0,0.411075
China,156001146,51.0,Urban,Medium,Male,Married,Middle,10.0,6.0,0.432601,Not trusted,4.0,8.0,0.259712
China,156001147,30.0,Urban,Medium,Female,Single,Lower,6.0,9.0,0.292369,Trusted,1.0,10.0,0.437120
China,156001148,63.0,Rural,Medium,Female,Married,Lower,6.0,8.0,0.286296,Trusted,7.0,6.0,0.605821
China,156001149,69.0,Rural,Medium,Female,Married,Lower,9.0,6.0,0.532600,Trusted,1.0,8.0,0.477879
China,156001150,37.0,Rural,Medium,Female,Single,Higher,8.0,7.0,0.276244,Trusted,1.0,8.0,0.413286
China,156001151,67.0,Rural,Medium,Male,Married,Lower,7.0,5.0,0.256381,Trusted,6.0,3.0,0.315191
China,156001152,52.0,Urban,High,Female,Married,Higher,9.0,8.0,0.396294,Trusted,1.0,10.0,0.426289
China,156001153,45.0,Urban,Low,Female,Single,Lower,7.0,6.0,0.313326,Not trusted,1.0,5.0,0.262525
China,156001154,55.0,Rural,Low,Female,Married,Middle,7.0,8.0,0.604281,Trusted,2.0,6.0,0.579773
China,156001155,55.0,Rural,Low,Female,Married,Lower,7.0,8.0,0.254119,Not trusted,1.0,3.0,0.246131
China,156001156,63.0,Urban,Low,Male,Widowed,Lower,3.0,1.0,0.451039,Not trusted,1.0,2.0,0.422861
China,156001157,44.0,Urban,Medium,Male,Single,Lower,8.0,7.0,0.446226,Trusted,2.0,10.0,0.229487
China,156001158,61.0,Urban,Medium,Female,Married,Lower,8.0,8.0,0.274388,Trusted,1.0,5.0,0.578804
China,156001159,58.0,Rural,High,Male,Married,Lower,8.0,7.0,0.343791,Trusted,10.0,7.0,0.438764
China,156001160,58.0,Rural,Medium,Female,Married,Middle,8.0,8.0,0.333927,Not trusted,1.0,10.0,0.365286
China,156001161,47.0,Urban,Medium,Male,Married,Lower,8.0,5.0,0.284313,Trusted,8.0,7.0,0.396406
China,156001162,40.0,Rural,Medium,Female,Married,Higher,10.0,10.0,0.472287,Trusted,10.0,10.0,0.345258
China,156001163,65.0,Urban,Medium,Male,Married,Lower,10.0,7.0,0.405853,Not trusted,1.0,10.0,0.353507
China,156001164,30.0,Rural,Low,Female,Married,Lower,8.0,8.0,0.566513,Not trusted,1.0,5.0,0.320999
China,156001165,22.0,Rural,Medium,Male,Married,Higher,7.0,10.0,0.392788,Trusted,1.0,7.0,0.378236
China,156001166,54.0,Urban,Medium,Male,Married,Lower,3.0,7.0,0.243238,Not trusted,3.0,5.0,0.246169
China,156001167,34.0,Urban,Medium,Male,Single,Middle,10.0,5.0,0.362911,Trusted,1.0,7.0,0.640742
China,156001168,46.0,Rural,Low,Male,Single,Lower,6.0,7.0,0.388487,Not trusted,7.0,5.0,0.354381
China,156001169,52.0,Urban,Low,Female,Married,Lower,10.0,7.0,0.242050,Not trusted,1.0,10.0,0.269950
China,156001170,66.0,Urban,Medium,Female,Single,Lower,6.0,5.0,0.564798,Trusted,1.0,5.0,0.519193
China,156001171,32.0,Rural,Medium,Male,Married,Higher,10.0,10.0,0.353720,Trusted,5.0,10.0,0.383378
China,156001172,44.0,Urban,Low,Female,Married,Middle,8.0,7.0,0.344998,Trusted,4.0,7.0,0.649310
China,156001173,44.0,Urban,Low,Female,Married,,9.0,9.0,0.415509,Trusted,1.0,8.0,0.352701
China,156001174,44.0,Urban,Medium,Female,Married,Lower,9.0,7.0,0.333759,Trusted,5.0,6.0,0.582563
China,156001175,50.0,Urban,Low,Female,Married,Lower,8.0,6.0,0.291906,,2.0,5.0,0.081970
China,156001176,48.0,Urban,Low,Male,Married,Lower,8.0,5.0,0.253024,Not trusted,5.0,5.0,0.531690
China,156001177,21.0,Rural,Low,Female,Married,Lower,5.0,2.0,0.252886,Not trusted,1.0,2.0,0.470684
China,156001178,34.0,Rural,Medium,Male,Married,Higher,7.0,5.0,0.408002,Trusted,10.0,3.0,0.494548
China,156001179,27.0,Urban,Low,Female,Married,Higher,6.0,5.0,0.497039,Trusted,2.0,4.0,0.571454
China,156001180,33.0,Urban,High,Female,Married,Higher,8.0,8.0,0.557118,Trusted,1.0,10.0,0.353580
China,156001181,49.0,Urban,Medium,Male,Single,Lower,7.0,10.0,0.429222,Trusted,1.0,8.0,0.564597
China,156001182,51.0,Urban,Low,Male,Widowed,Higher,9.0,10.0,0.233784,Trusted,1.0,7.0,0.342216
China,156001183,55.0,Urban,Low,Female,Married,Lower,5.0,5.0,0.336650,Not trusted,2.0,7.0,0.471278
China,156001184,61.0,Rural,Low,Female,Married,Lower,8.0,6.0,0.422202,Trusted,1.0,8.0,0.487939
China,156001185,21.0,Urban,Low,Male,Married,Higher,8.0,,0.514336,Trusted,4.0,8.0,0.451041
China,156001186,62.0,Urban,Low,Female,Married,Lower,8.0,8.0,0.267368,Trusted,2.0,6.0,0.396598
China,156001187,67.0,Rural,Medium,Male,Widowed,Middle,6.0,5.0,0.327191,Not trusted,1.0,7.0,0.261415
China,156001188,40.0,Rural,Low,Male,Married,Lower,4.0,1.0,0.448090,Not trusted,1.0,5.0,0.591704
China,156001189,68.0,Urban,Low,Female,Single,Lower,10.0,10.0,0.299815,Not trusted,1.0,8.0,0.431132
China,156001190,27.0,Urban,Low,Male,Married,Middle,6.0,4.0,0.601320,Not trusted,1.0,4.0,0.316326
China,156001191,68.0,Urban,Medium,Female,Married,Lower,10.0,9.0,0.377572,Trusted,1.0,8.0,0.753753
China,156001192,26.0,Urban,Medium,Female,Married,Lower,10.0,8.0,0.521978,,1.0,10.0,0.110377
China,156001193,25.0,Urban,Low,Male,Single,Lower,8.0,7.0,0.097662,Not trusted,6.0,8.0,0.267965
China,156001194,60.0,Urban,Medium,Female,Married,Lower,10.0,6.0,0.395335,Trusted,2.0,7.0,0.332938
China,156001195,43.0,Urban,Medium,Male,Single,Lower,7.0,8.0,0.284176,Not trusted,1.0,4.0,0.407690
China,156001196,57.0,Urban,Medium,Male,Married,Middle,8.0,8.0,0.324115,Trusted,1.0,7.0,0.564976
China,156001197,33.0,Urban,Medium,Female,Divorced,Lower,6.0,5.0,0.266941,Not trusted,1.0,5.0,0.582040
China,156001198,66.0,Urban,Low,Female,Married,Lower,7.0,8.0,0.334005,Not trusted,2.0,10.0,0.182484
China,156001199,32.0,Urban,Low,Female,Married,Lower,6.0,3.0,0.472719,Not trusted,1.0,7.0,0.464243
China,156001200,34.0,Rural,Low,Female,Married,Lower,7.0,6.0,0.390125,Trusted,1.0,5.0,0.326292
China,156001201,55.0,Rural,Low,Female,Married,Lower,10.0,9.0,0.396601,Not trusted,1.0,7.0,0.246502
China,156001202,19.0,Urban,Low,Female,Married,Lower,8.0,6.0,0.399811,Trusted,1.0,10.0,0.411265
China,156001203,49.0,Urban,Medium,Female,Widowed,Lower,7.0,6.0,0.321350,Trusted,3.0,8.0,0.296839
China,156001204,61.0,Rural,Medium,Female,Married,Higher,8.0,10.0,0.432714,Trusted,4.0,10.0,0.298421
China,156001205,50.0,Rural,Medium,Female,Married,Higher,8.0,1.0,0.376455,Not trusted,5.0,5.0,0.378764
China,156001206,56.0,Urban,Low,Male,Married,Lower,7.0,7.0,0.391000,Not trusted,5.0,6.0,0.349102
China,156001207,29.0,Urban,Medium,Female,Married,Higher,6.0,6.0,0.185237,Trusted,8.0,6.0,0.179955
China,156001208,30.0,Urban,Low,Female,Married,Lower,10.0,10.0,0.336577,Not trusted,1.0,7.0,0.156999
China,156001209,52.0,Urban,Medium,Male,Married,Higher,10.0,10.0,0.410739,Trusted,4.0,6.0,0.270965
China,156001210,35.0,Rural,Medium,Male,Married,Lower,7.0,8.0,0.461329,Not trusted,1.0,6.0,0.770456
China,156001211,58.0,Urban,Low,Female,Married,Lower,7.0,5.0,0.512918,Not trusted,1.0,5.0,0.225793
China,156001212,43.0,Rural,Medium,Female,Married,Middle,8.0,9.0,0.499065,Trusted,1.0,7.0,0.409019
China,156001213,29.0,Urban,Medium,Female,Married,Middle,10.0,10.0,0.369593,Trusted,5.0,10.0,0.246082
China,156001214,65.0,Urban,Medium,Male,Married,Middle,10.0,7.0,0.447262,Trusted,9.0,8.0,0.385258
China,156001215,58.0,Urban,Medium,Female,Married,Lower,9.0,8.0,0.414619,Not trusted,1.0,10.0,0.589032
China,156001216,64.0,Rural,Medium,Male,Married,Middle,10.0,5.0,0.301855,Trusted,5.0,5.0,0.353336
China,156001217,33.0,Rural,Medium,Female,Single,Middle,5.0,10.0,0.287743,Trusted,5.0,8.0,0.397739
China,156001218,50.0,Rural,Low,Male,Married,Lower,10.0,6.0,0.254678,Not trusted,1.0,7.0,0.283412
China,156001219,31.0,Urban,Medium,Male,Married,Higher,8.0,5.0,0.468469,Trusted,1.0,9.0,0.433189
China,156001220,40.0,Urban,Low,Female,Married,Middle,6.0,6.0,0.357464,Not trusted,1.0,6.0,0.414408
China,156001221,27.0,Rural,Low,Female,Married,Lower,9.0,8.0,0.364131,Not trusted,1.0,8.0,0.449802
China,156001222,65.0,Rural,Medium,Female,Married,Middle,2.0,6.0,0.590207,Trusted,3.0,1.0,0.364046
China,156001223,19.0,Urban,Medium,Female,Single,Lower,7.0,7.0,0.438099,Trusted,6.0,10.0,0.449387
China,156001224,64.0,Rural,Medium,Female,Married,Lower,8.0,8.0,0.351138,Trusted,3.0,8.0,0.252763
China,156001225,33.0,Urban,Medium,Male,Single,Lower,4.0,6.0,0.600432,Not trusted,1.0,5.0,0.423022
China,156001226,18.0,Urban,Low,Female,Married,Lower,9.0,8.0,0.271796,Not trusted,1.0,7.0,0.332334
China,156001227,66.0,Rural,Medium,Male,Married,Lower,9.0,8.0,0.280969,Trusted,1.0,10.0,0.376918
China,156001228,69.0,Urban,Low,Female,Married,Lower,10.0,7.0,0.327326,Trusted,9.0,8.0,0.440452
China,156001229,30.0,Rural,Low,Female,Living together as married,Lower,10.0,10.0,0.449438,Trusted,1.0,8.0,0.421475
China,156001230,28.0,Urban,Low,Male,Married,Lower,7.0,8.0,0.390505,Not trusted,1.0,6.0,0.344105
China,156001231,70.0,Urban,Medium,Male,Married,Lower,9.0,10.0,0.217840,Trusted,3.0,8.0,0.319967
China,156001232,18.0,Rural,Medium,Female,Married,Higher,8.0,6.0,0.689610,Not trusted,1.0,8.0,0.489615
China,156001233,24.0,Rural,Medium,Male,Married,Middle,8.0,8.0,0.480495,Trusted,1.0,7.0,0.400703
China,156001234,56.0,Rural,Low,Female,Married,Lower,8.0,9.0,0.297079,Trusted,1.0,1.0,0.416933
China,156001235,38.0,Urban,Medium,Female,Married,Middle,10.0,10.0,0.293761,Trusted,3.0,6.0,0.432099
China,156001236,68.0,Urban,Low,Male,Married,Lower,10.0,9.0,0.285043,Not trusted,1.0,8.0,0.542249
China,156001237,24.0,Urban,Medium,Female,Married,Middle,5.0,10.0,0.641717,Trusted,10.0,3.0,0.489988
China,156001238,18.0,Rural,Low,Female,Married,Lower,8.0,6.0,0.458551,Not trusted,1.0,5.0,0.464493
China,156001239,61.0,Rural,Low,Male,Married,Middle,4.0,3.0,0.456483,Not trusted,1.0,4.0,0.690831
China,156001240,46.0,Urban,Medium,Female,Married,Lower,9.0,9.0,0.374464,Trusted,1.0,8.0,0.446340
China,156001241,34.0,Urban,Low,Female,Widowed,Higher,7.0,9.0,0.506562,Not trusted,1.0,6.0,0.367016
China,156001242,36.0,Urban,Medium,Female,Married,Higher,10.0,10.0,0.406328,Trusted,8.0,10.0,0.268927
China,156001243,38.0,Urban,Medium,Male,Married,Higher,9.0,8.0,0.350879,Trusted,1.0,8.0,0.321946
China,156001244,43.0,Urban,Medium,Male,Single,Lower,10.0,10.0,0.205113,Not trusted,1.0,10.0,0.226644
China,156001245,19.0,Urban,Medium,Male,Married,Middle,6.0,8.0,0.421189,Trusted,5.0,6.0,0.350851
China,156001246,23.0,Rural,Medium,Male,Married,Higher,7.0,9.0,0.297961,Trusted,5.0,7.0,0.513175
China,156001247,65.0,Urban,Low,Female,Single,Lower,7.0,6.0,0.284608,Trusted,3.0,7.0,0.237126
China,156001248,67.0,Urban,Low,Female,Married,Middle,8.0,7.0,0.491994,Trusted,6.0,6.0,0.316634
China,156001249,26.0,Urban,Medium,Female,Married,Middle,8.0,8.0,0.495161,Trusted,5.0,8.0,0.296212
China,156001250,48.0,Urban,Medium,Female,Married,,8.0,8.0,0.322253,Trusted,8.0,4.0,0.316555
China,156001251,22.0,Rural,Low,Male,Single,Lower,6.0,7.0,0.396790,Trusted,1.0,6.0,0.348502
China,156001252,20.0,Urban,Low,Male,Married,Lower,7.0,8.0,0.483392,Not trusted,4.0,7.0,0.294697
China,156001253,29.0,Urban,Low,Male,Married,Middle,7.0,3.0,0.313774,Trusted,2.0,7.0,0.343911
China,156001254,66.0,Rural,Medium,Male,Married,Lower,3.0,6.0,0.100718,Trusted,1.0,1.0,0.282093
China,156001255,37.0,Urban,Medium,Female,Married,Lower,10.0,10.0,0.714132,Trusted,8.0,8.0,0.648474
China,156001256,67.0,Urban,Medium,Female,Married,Lower,7.0,7.0,0.331967,Trusted,1.0,8.0,0.381017
China,156001257,33.0,Urban,Low,Female,Married,Lower,8.0,8.0,0.478176,Trusted,3.0,7.0,0.340219
China,156001258,37.0,Urban,Medium,Male,Single,Middle,9.0,9.0,0.232210,Trusted,1.0,7.0,0.403848
China,156001259,28.0,Urban,Medium,Male,Married,Middle,8.0,6.0,0.264486,Not trusted,1.0,6.0,0.362259
China,156001260,59.0,Rural,Medium,Female,Single,,6.0,8.0,0.447218,Trusted,1.0,1.0,0.242422
China,156001261,40.0,Rural,Low,Male,Married,Lower,5.0,1.0,0.425139,Trusted,3.0,5.0,0.533852
China,156001262,69.0,Rural,Medium,Female,Married,Middle,9.0,10.0,0.242149,Trusted,1.0,5.0,0.453060
China,156001263,53.0,Urban,Low,Female,Married,Lower,3.0,7.0,0.442165,Trusted,1.0,4.0,0.570876
China,156001264,49.0,Rural,Low,Female,Married,Higher,6.0,7.0,0.332270,Not trusted,1.0,8.0,0.731201
China,156001265,18.0,Rural,Medium,Male,Married,Middle,8.0,7.0,0.489462,Trusted,1.0,8.0,0.379305
China,156001266,68.0,Rural,Low,Female,Married,Lower,5.0,3.0,0.255782,Trusted,2.0,6.0,0.395945
China,156001267,66.0,Urban,Low,Male,Widowed,Lower,10.0,10.0,0.397538,Trusted,1.0,10.0,0.447017
China,156001268,34.0,Urban,Medium,Female,Married,Lower,10.0,6.0,0.265714,Trusted,5.0,7.0,0.231583
China,156001269,23.0,Urban,Low,Male,Married,Higher,5.0,8.0,0.266144,Not trusted,1.0,5.0,0.499862
China,156001270,40.0,Urban,Low,Female,Married,Lower,7.0,7.0,0.256020,Trusted,2.0,6.0,0.339784
China,156001271,40.0,Urban,Medium,Female,Married,Higher,8.0,7.0,0.336626,Trusted,1.0,10.0,0.352709
China,156001272,30.0,Rural,Medium,Female,Married,Higher,8.0,8.0,0.611992,,2.0,8.0,0.442277
China,156001273,33.0,Urban,Medium,Female,Married,Lower,10.0,8.0,0.170531,Trusted,3.0,10.0,0.203981
China,156001274,48.0,Urban,Low,Male,Married,Lower,1.0,3.0,0.370406,Trusted,9.0,1.0,0.416512
China,156001275,32.0,Rural,Medium,Female,Divorced,Higher,9.0,10.0,0.635691,Not trusted,1.0,9.0,0.315491
China,156001276,58.0,Urban,Low,Female,Married,Lower,10.0,5.0,0.471045,Not trusted,2.0,8.0,0.248152
China,156001277,61.0,Urban,Low,Female,Married,Lower,7.0,5.0,0.443050,Not trusted,1.0,6.0,0.443726
China,156001278,61.0,Urban,Low,Male,Married,Lower,10.0,10.0,0.445509,Not trusted,7.0,5.0,0.285341
China,156001279,49.0,Rural,Medium,Female,Married,Lower,8.0,7.0,0.403367,Trusted,1.0,8.0,0.229720
China,156001280,63.0,Urban,Medium,Female,Married,Lower,10.0,10.0,0.347773,Trusted,5.0,8.0,0.151232
China,156001281,65.0,Rural,Low,Female,Single,Lower,8.0,8.0,0.302713,,5.0,6.0,0.451406
China,156001282,65.0,Urban,Medium,Female,Married,Lower,10.0,10.0,0.260113,Not trusted,1.0,8.0,0.405092
China,156001283,67.0,Rural,Low,Male,Single,Lower,9.0,8.0,0.420055,Trusted,3.0,8.0,0.407370
China,156001284,52.0,Rural,Medium,Female,Married,Middle,10.0,7.0,0.488369,Trusted,3.0,10.0,0.378138
China,156001285,62.0,Rural,Low,Female,Married,Lower,6.0,5.0,0.396511,Not trusted,1.0,4.0,0.437428
China,156001286,59.0,Rural,Medium,Male,Married,Middle,7.0,5.0,0.338013,Trusted,1.0,1.0,0.168539
China,156001287,48.0,Urban,Medium,Female,Married,Lower,8.0,10.0,0.434886,Trusted,2.0,8.0,0.356676
China,156001288,22.0,Rural,Medium,Female,Married,Middle,8.0,8.0,0.384535,Trusted,5.0,8.0,0.262115
China,156001289,68.0,Rural,Low,Female,,Middle,8.0,10.0,0.331016,Not trusted,1.0,7.0,0.416793
China,156001290,59.0,Urban,Low,Female,Married,Lower,10.0,10.0,0.600160,Trusted,1.0,8.0,0.489914
China,156001291,62.0,Urban,Low,Female,Divorced,Lower,6.0,7.0,0.448371,Not trusted,2.0,8.0,0.447465
China,156001292,19.0,Urban,Medium,Male,Married,Middle,6.0,6.0,0.211979,Trusted,4.0,8.0,0.209244
China,156001293,33.0,Urban,Low,Female,Married,Lower,6.0,7.0,0.774276,Trusted,3.0,5.0,0.616415
China,156001294,56.0,Urban,Medium,Male,Married,Lower,10.0,,0.530224,Not trusted,2.0,8.0,0.356251
China,156001295,49.0,Urban,Medium,Female,Married,Middle,9.0,7.0,0.415637,Not trusted,3.0,7.0,0.550246
China,156001296,44.0,Urban,Low,Female,Married,Middle,7.0,7.0,0.361551,Not trusted,4.0,6.0,0.415278
China,156001297,53.0,Rural,Medium,Male,Married,Middle,4.0,8.0,0.351939,Trusted,10.0,7.0,0.393398
China,156001298,40.0,Rural,Medium,Female,Married,Lower,10.0,7.0,0.215071,Not trusted,1.0,8.0,0.352513
China,156001299,29.0,Urban,Low,Male,Married,Lower,8.0,9.0,0.542652,Not trusted,1.0,8.0,0.465619
China,156001300,20.0,Rural,Medium,Female,Married,Middle,3.0,7.0,0.291823,Not trusted,1.0,4.0,0.645901
China,156001301,69.0,Rural,Medium,Male,Divorced,Lower,6.0,8.0,0.220547,Not trusted,5.0,6.0,0.275147
China,156001302,57.0,Rural,Low,Female,Married,Middle,6.0,8.0,0.283471,Trusted,4.0,4.0,0.643066
China,156001303,23.0,Urban,Medium,Male,Married,Lower,8.0,8.0,0.304952,Trusted,7.0,8.0,0.536217
China,156001304,51.0,Urban,Low,Male,Married,Lower,7.0,5.0,0.362715,Trusted,5.0,5.0,0.276972
China,156001305,61.0,Urban,Medium,Female,Married,Lower,7.0,3.0,0.386515,Trusted,10.0,5.0,0.370760
China,156001306,50.0,Rural,Medium,Male,Married,Higher,10.0,10.0,0.432973,Trusted,3.0,9.0,0.571509
China,156001307,63.0,Rural,Low,Female,Married,Lower,8.0,9.0,0.302223,Not trusted,3.0,6.0,0.220951
China,156001308,22.0,Urban,Medium,Female,Married,Higher,8.0,7.0,0.456061,Trusted,1.0,8.0,0.340537
China,156001309,28.0,Rural,Low,Male,Married,,5.0,2.0,0.472456,Not trusted,2.0,3.0,0.353194
China,156001310,62.0,Rural,Low,Male,Married,Lower,9.0,7.0,0.400195,Not trusted,1.0,6.0,0.494941
China,156001311,23.0,Urban,Medium,Male,Single,Lower,7.0,7.0,0.332623,Trusted,1.0,10.0,0.613609
China,156001312,58.0,Rural,Medium,Female,Married,Middle,9.0,10.0,0.340875,Trusted,1.0,9.0,0.481474
China,156001313,58.0,Urban,Low,Male,Married,Lower,6.0,6.0,0.312435,Not trusted,1.0,5.0,0.404034
China,156001314,49.0,Rural,Low,Female,Single,Lower,9.0,8.0,0.460978,Trusted,1.0,8.0,0.604533
China,156001315,47.0,Urban,Low,Male,Married,Lower,9.0,9.0,0.302590,Not trusted,1.0,10.0,0.344112
China,156001316,49.0,Urban,Medium,Female,Married,Middle,9.0,8.0,0.371912,Trusted,3.0,10.0,0.494162
China,156001317,30.0,Urban,Medium,Male,Married,Middle,7.0,8.0,0.368056,Trusted,1.0,7.0,0.439798
China,156001318,56.0,Urban,Low,Female,Single,Lower,5.0,1.0,0.497985,Trusted,8.0,5.0,0.462162
China,156001319,20.0,Rural,Medium,Male,Married,Higher,7.0,8.0,0.476564,Trusted,6.0,6.0,0.687024
China,156001320,43.0,Rural,,Female,Married,Middle,7.0,8.0,0.515840,Not trusted,1.0,2.0,0.359241
China,156001321,24.0,Rural,Medium,Male,Married,Higher,10.0,8.0,0.475815,Trusted,1.0,10.0,0.489504
China,156001322,30.0,Urban,Medium,Female,Married,Higher,5.0,3.0,0.393301,Not trusted,9.0,4.0,0.321435
China,156001323,21.0,Rural,Low,Female,Married,Lower,10.0,9.0,0.545562,Trusted,1.0,8.0,0.569312
China,156001324,65.0,Urban,Medium,Female,Married,Lower,8.0,7.0,0.099395,Not trusted,1.0,4.0,0.330581
China,156001325,42.0,Urban,Medium,Male,Married,Middle,8.0,8.0,0.371416,Trusted,1.0,5.0,0.467141
China,156001326,21.0,Urban,Medium,Female,Married,Higher,7.0,6.0,0.617057,Trusted,1.0,6.0,0.743954
China,156001327,31.0,Urban,Medium,Female,Married,Lower,4.0,7.0,0.313267,Trusted,1.0,9.0,0.516336
China,156001328,47.0,Urban,Medium,Male,Married,Lower,8.0,7.0,0.518725,Trusted,1.0,10.0,0.323363
China,156001329,27.0,Urban,Medium,Female,Married,Middle,7.0,5.0,0.338566,Trusted,1.0,,0.571822
China,156001330,40.0,Urban,Low,Female,Married,Middle,2.0,6.0,0.479983,Not trusted,1.0,6.0,0.397445
China,156001331,21.0,Rural,Medium,Male,Married,Middle,10.0,8.0,0.370092,Trusted,3.0,7.0,0.232831
China,156001332,26.0,Rural,Medium,Female,Married,Lower,7.0,7.0,0.333376,Trusted,2.0,6.0,0.514318
China,156001333,19.0,Urban,Low,Male,Married,Higher,4.0,3.0,0.619966,Not trusted,1.0,3.0,0.577354
China,156001334,58.0,Rural,Medium,Male,Married,Higher,6.0,6.0,0.651642,Trusted,5.0,7.0,0.652684
China,156001335,63.0,Rural,Low,Female,Married,Lower,10.0,10.0,0.442763,Trusted,6.0,8.0,0.208468
China,156001336,57.0,Urban,Medium,Male,Married,Lower,8.0,10.0,0.452866,Trusted,1.0,5.0,0.514437
China,156001337,26.0,Urban,Medium,Female,Married,Lower,9.0,10.0,0.495269,Trusted,7.0,7.0,0.330704
China,156001338,65.0,Urban,Low,Male,Married,Lower,7.0,7.0,0.426475,Not trusted,1.0,6.0,0.443004
China,156001339,70.0,Rural,Medium,Female,Married,Lower,8.0,9.0,0.415428,Trusted,3.0,9.0,0.422859
China,156001340,34.0,Urban,Medium,Female,Married,Higher,9.0,8.0,0.510519,Trusted,1.0,8.0,0.200107
China,156001341,52.0,Urban,Low,Male,Married,Lower,4.0,6.0,0.279158,Not trusted,1.0,1.0,0.403461
China,156001342,63.0,Rural,Low,Female,Married,Lower,10.0,10.0,0.360822,Trusted,2.0,9.0,0.427470
China,156001343,39.0,Rural,Low,Male,Married,Lower,10.0,7.0,0.299418,Not trusted,1.0,10.0,0.515672
China,156001344,64.0,Rural,Medium,Female,Married,Higher,7.0,8.0,0.368240,Trusted,1.0,1.0,0.639656
China,156001345,20.0,Urban,Medium,Female,Single,Higher,6.0,8.0,0.523454,Trusted,5.0,9.0,0.350241
China,156001346,68.0,Urban,Medium,Male,Married,,3.0,6.0,0.305042,Not trusted,3.0,1.0,0.402635
China,156001347,42.0,Rural,Medium,Female,Single,Higher,9.0,7.0,0.425494,Trusted,5.0,10.0,0.556930
China,156001348,48.0,Urban,Medium,Male,Single,Lower,10.0,10.0,0.268717,Trusted,1.0,10.0,0.421738
China,156001349,61.0,Urban,Low,Female,Married,Lower,1.0,1.0,0.451992,Trusted,1.0,3.0,0.468345
China,156001350,69.0,Urban,Medium,Female,Married,Higher,8.0,7.0,0.424268,Trusted,1.0,8.0,0.456512
China,156001351,21.0,Urban,Medium,Male,Married,Lower,6.0,4.0,0.360672,Not trusted,3.0,2.0,0.443943
China,156001352,57.0,Urban,Medium,Female,Married,Lower,5.0,8.0,0.345814,Trusted,1.0,8.0,0.442698
China,156001353,18.0,Rural,High,Female,Married,Higher,7.0,8.0,0.596977,Trusted,5.0,8.0,0.606408
China,156001354,64.0,Rural,Medium,Female,Married,Lower,10.0,8.0,0.324869,Trusted,4.0,8.0,0.389389
China,156001355,42.0,Rural,Low,Female,Married,Lower,6.0,6.0,0.190892,Not trusted,1.0,,0.537971
China,156001356,65.0,Rural,Medium,Female,Married,Lower,9.0,,0.298026,Trusted,1.0,8.0,0.496056
China,156001357,24.0,Urban,Low,Female,Married,Higher,7.0,8.0,0.398334,Not trusted,1.0,6.0,0.409826
China,156001358,40.0,Urban,Low,Female,Married,Lower,6.0,8.0,0.474252,Trusted,9.0,7.0,0.311431
China,156001359,65.0,Urban,Medium,Female,Married,Higher,9.0,7.0,0.415420,Not trusted,1.0,10.0,0.438422
China,156001360,19.0,Urban,Medium,Female,Divorced,Higher,7.0,7.0,0.280847,Trusted,1.0,9.0,0.351311
China,156001361,56.0,Rural,Medium,Female,Married,Middle,3.0,3.0,0.472899,Not trusted,1.0,1.0,0.649059
China,156001362,61.0,Rural,Low,Male,Married,Lower,8.0,8.0,0.383208,Trusted,1.0,8.0,0.475100
China,156001363,54.0,Urban,Medium,Female,Married,Lower,10.0,8.0,0.483567,Not trusted,2.0,10.0,0.435074
China,156001364,51.0,Urban,Low,Female,Married,Lower,8.0,7.0,0.388091,Not trusted,2.0,7.0,0.498341
China,156001365,46.0,Urban,Low,Male,Married,Middle,9.0,10.0,0.616930,Trusted,1.0,7.0,0.617154
China,156001366,18.0,Urban,Low,Male,Married,Middle,4.0,3.0,0.353063,Trusted,5.0,4.0,0.225392
China,156001367,42.0,Urban,Low,Female,Single,Middle,8.0,6.0,0.450485,Trusted,1.0,6.0,0.348124
China,156001368,50.0,Urban,High,Female,Married,Higher,8.0,9.0,0.388242,Trusted,6.0,9.0,0.264670
China,156001369,50.0,Urban,Low,Female,Married,Lower,10.0,10.0,0.418787,Trusted,1.0,9.0,0.347557
China,156001370,22.0,Urban,Medium,Female,Married,Lower,2.0,5.0,0.547383,Trusted,3.0,1.0,0.436091
China,156001371,51.0,Urban,Medium,Female,Married,Lower,6.0,8.0,0.447087,Trusted,1.0,9.0,0.448022
China,156001372,30.0,Urban,Medium,Male,Married,Middle,5.0,8.0,0.426644,Trusted,3.0,5.0,0.331543
China,156001373,56.0,Rural,Medium,Female,Married,Lower,8.0,8.0,0.390046,Trusted,5.0,9.0,0.380102
China,156001374,50.0,Rural,Low,Female,Single,Lower,7.0,8.0,0.326838,Trusted,1.0,5.0,0.545057
China,156001375,60.0,Urban,Low,Female,Married,Lower,6.0,7.0,0.470345,Trusted,1.0,2.0,0.350671
China,156001376,38.0,Urban,High,Female,Married,Lower,9.0,10.0,0.366803,Trusted,8.0,8.0,0.273817
China,156001377,35.0,Rural,Medium,Female,Married,Middle,9.0,,0.534701,Trusted,3.0,7.0,0.296952
China,156001378,53.0,Rural,Medium,Female,Married,Lower,7.0,5.0,0.436753,Trusted,4.0,9.0,0.494946
China,156001379,70.0,Urban,Medium,Male,Single,Middle,9.0,6.0,0.417919,Trusted,1.0,5.0,0.470364
China,156001380,54.0,Urban,Medium,Male,Married,Middle,10.0,10.0,0.482470,Trusted,2.0,10.0,0.388236
China,156001381,35.0,Rural,Low,Female,Married,Lower,7.0,10.0,0.354433,Not trusted,7.0,2.0,0.108777
China,156001382,50.0,Urban,Medium,Female,Married,Higher,10.0,9.0,0.216540,Trusted,1.0,9.0,0.485444
China,156001383,45.0,Rural,Medium,Female,Married,Middle,5.0,6.0,0.622857,Trusted,1.0,8.0,0.689711
China,156001384,23.0,Urban,Low,Female,Single,Lower,9.0,8.0,0.466219,Trusted,5.0,6.0,0.276763
China,156001385,40.0,Urban,Low,Male,Married,Lower,6.0,10.0,0.261779,Not trusted,3.0,5.0,0.452895
China,156001386,20.0,Urban,Medium,Female,Married,Higher,8.0,6.0,0.372391,Trusted,2.0,7.0,0.552142
China,156001387,26.0,Urban,Medium,Male,Single,Lower,10.0,9.0,0.472458,Not trusted,6.0,8.0,0.305860
China,156001388,70.0,Urban,Medium,Female,Married,Lower,4.0,4.0,0.345439,Trusted,1.0,1.0,0.383318
China,156001389,45.0,Urban,Low,Male,Married,Middle,10.0,8.0,0.474112,Trusted,1.0,8.0,0.324125
China,156001390,53.0,Rural,High,Male,Married,Higher,10.0,5.0,0.324461,Trusted,5.0,10.0,0.245170
China,156001391,49.0,Urban,Medium,Female,Married,Lower,8.0,5.0,0.482059,Trusted,1.0,10.0,0.359182
China,156001392,54.0,Urban,Low,Male,Married,Lower,7.0,7.0,0.335867,Not trusted,1.0,8.0,0.252296
China,156001393,47.0,Urban,Low,Male,Single,Lower,,8.0,0.334390,Not trusted,4.0,6.0,0.365287
China,156001394,30.0,Urban,Medium,Female,Married,Higher,9.0,10.0,0.547884,Trusted,1.0,8.0,0.309614
China,156001395,58.0,Rural,Low,Female,Married,Lower,3.0,8.0,0.300239,Not trusted,1.0,2.0,0.612635
China,156001396,39.0,Urban,Medium,Male,Single,Higher,7.0,8.0,0.197170,Not trusted,1.0,8.0,0.323267
China,156001397,22.0,Urban,Low,Female,Married,Higher,7.0,7.0,0.425090,Trusted,1.0,5.0,0.240777
China,156001398,28.0,Urban,Low,Male,Married,Lower,7.0,7.0,0.529057,Trusted,1.0,6.0,0.433179
China,156001399,34.0,Urban,Low,Male,Married,Lower,7.0,9.0,0.424301,Trusted,,6.0,0.094411
China,156001400,69.0,Urban,Low,Male,Single,Lower,7.0,8.0,0.278792,,1.0,5.0,0.365628
China,156001401,45.0,Rural,Medium,Male,Married,Higher,5.0,5.0,0.472204,Trusted,2.0,1.0,0.135818
China,156001402,22.0,Rural,Medium,Female,Married,Higher,6.0,7.0,0.321490,Trusted,1.0,7.0,0.321808
China,156001403,19.0,Rural,Medium,Male,Married,Middle,8.0,8.0,0.613106,,4.0,6.0,0.384812
China,156001404,32.0,Urban,Low,Male,Married,Middle,10.0,10.0,0.727456,Not trusted,10.0,8.0,0.402801
China,156001405,63.0,Urban,Medium,Male,Married,Lower,8.0,7.0,0.376326,Not trusted,1.0,10.0,0.544400
China,156001406,18.0,Rural,Medium,Male,Married,Higher,6.0,5.0,0.438350,Trusted,1.0,7.0,0.558287
China,156001407,49.0,Urban,Medium,Female,Married,Lower,8.0,10.0,0.391867,Trusted,1.0,5.0,0.334086
China,156001408,66.0,Urban,Medium,Female,Married,Lower,9.0,6.0,0.212113,Trusted,7.0,9.0,0.236363
China,156001409,39.0,Urban,Medium,Female,Married,Middle,8.0,8.0,0.325651,Trusted,3.0,6.0,0.462424
China,156001410,30.0,Urban,Medium,Female,Married,Higher,6.0,5.0,0.679324,Trusted,1.0,7.0,0.428172
China,156001411,70.0,Rural,Low,Male,Married,Lower,9.0,7.0,0.301792,Trusted,1.0,7.0,0.350306
China,156001412,40.0,Rural,Low,Male,Married,Lower,10.0,10.0,0.424630,Trusted,1.0,8.0,0.484617
China,156001413,36.0,Urban,Medium,Female,Married,Higher,4.0,6.0,0.213296,Trusted,1.0,2.0,0.626986
China,156001414,28.0,Urban,Low,Male,Married,Lower,6.0,7.0,0.252014,Trusted,1.0,5.0,0.407285
China,156001415,46.0,Rural,Low,Male,Married,Lower,3.0,5.0,0.558092,Not trusted,1.0,4.0,0.367292
China,156001416,65.0,Urban,Low,Female,Single,Lower,4.0,5.0,0.275605,Not trusted,1.0,6.0,0.622923
China,156001417,52.0,Urban,Low,Male,Married,Lower,10.0,10.0,0.444645,Trusted,1.0,10.0,0.419835
China,156001418,18.0,Rural,Low,Male,Single,Higher,6.0,6.0,0.641492,Not trusted,1.0,1.0,0.455544
China,156001419,24.0,Urban,Medium,Female,Married,Lower,10.0,8.0,0.475253,Trusted,6.0,8.0,0.264468
China,156001420,52.0,Rural,Medium,Female,Single,Lower,8.0,7.0,0.338913,Trusted,2.0,5.0,0.454450
China,156001421,21.0,Urban,Medium,Male,Married,Higher,10.0,7.0,0.383647,Trusted,6.0,8.0,0.460234
China,156001422,45.0,Urban,Medium,Female,Married,Lower,8.0,8.0,0.290324,Not trusted,1.0,6.0,0.349736
China,156001423,31.0,Rural,Low,Male,Married,Middle,6.0,7.0,0.386067,Not trusted,1.0,7.0,0.519342
China,156001424,38.0,Urban,Medium,Female,Married,Lower,10.0,8.0,0.208598,Trusted,1.0,10.0,0.379143
China,156001425,40.0,Rural,Low,Female,Married,Lower,9.0,5.0,0.429271,Not trusted,1.0,8.0,0.327769
China,156001426,40.0,Urban,Medium,Female,Married,Higher,7.0,7.0,0.348406,Not trusted,2.0,8.0,0.344921
China,156001427,65.0,Urban,Low,Male,Widowed,Lower,10.0,9.0,0.424614,Trusted,4.0,8.0,0.522168
China,156001428,64.0,Rural,Low,Male,Married,,9.0,5.0,0.360185,Trusted,1.0,8.0,0.346122
China,156001429,45.0,Rural,Medium,Male,Married,Lower,9.0,10.0,0.465631,Trusted,1.0,10.0,0.484015
China,156001430,37.0,Rural,Medium,Male,Married,Higher,8.0,5.0,0.468917,Trusted,1.0,2.0,0.444875
China,156001431,52.0,Rural,Low,Female,Married,Lower,10.0,8.0,0.380481,Trusted,1.0,10.0,0.383960
China,156001432,44.0,Rural,Low,Male,Married,Lower,5.0,5.0,0.433229,Trusted,1.0,6.0,0.549832
China,156001433,66.0,Urban,Low,Female,Single,Lower,5.0,5.0,0.302673,Trusted,3.0,7.0,0.328489
China,156001434,27.0,Urban,Low,Male,Married,Lower,9.0,7.0,0.220381,Not trusted,1.0,9.0,0.209270
China,156001435,42.0,Urban,Low,Female,Married,Lower,9.0,6.0,0.289048,Trusted,3.0,8.0,0.419530
China,156001436,51.0,Urban,Low,Female,Married,Lower,7.0,7.0,0.110314,Not trusted,1.0,5.0,0.346753
China,156001437,58.0,Rural,Low,Female,Married,Lower,7.0,6.0,0.480158,Trusted,1.0,7.0,0.493274
China,156001438,50.0,Rural,Medium,Female,Married,Middle,8.0,5.0,0.403523,,1.0,8.0,0.363105
China,156001439,32.0,Urban,Low,Female,Married,Lower,10.0,10.0,0.335986,Not trusted,1.0,8.0,0.274579
China,156001440,35.0,Rural,Medium,Male,Married,Middle,8.0,6.0,0.319993,Not trusted,10.0,8.0,0.452211
China,156001441,47.0,Urban,Low,Male,Married,Lower,10.0,8.0,0.463972,Not trusted,1.0,8.0,0.435109
China,156001442,23.0,Urban,Medium,Female,Married,Middle,8.0,8.0,0.499012,Trusted,4.0,7.0,0.567154
China,156001443,65.0,Urban,Medium,Male,Married,Lower,10.0,6.0,0.284101,Not trusted,1.0,8.0,0.492755
China,156001444,30.0,Rural,Low,Female,Married,Middle,7.0,8.0,0.418493,Not trusted,10.0,6.0,0.306339
China,156001445,48.0,Rural,Medium,Female,Married,Lower,7.0,7.0,0.582775,Not trusted,1.0,7.0,0.461588
China,156001446,39.0,Urban,Medium,Female,Divorced,Lower,8.0,7.0,0.397315,Trusted,2.0,8.0,0.477807
China,156001447,35.0,Urban,Medium,Female,Married,Higher,7.0,8.0,0.305055,Trusted,4.0,8.0,0.519038
China,156001448,43.0,Urban,Medium,Female,Married,Lower,9.0,8.0,0.318478,Trusted,6.0,8.0,0.007548
China,156001449,41.0,Rural,Low,Female,Married,Higher,10.0,10.0,0.454785,Trusted,1.0,8.0,0.363225
China,156001450,18.0,Urban,High,Female,Married,Higher,8.0,8.0,0.567866,Trusted,5.0,10.0,0.402566
China,156001451,50.0,Urban,Medium,Female,Separated,Lower,10.0,8.0,0.488524,Trusted,1.0,8.0,0.318161
China,156001452,45.0,Urban,Medium,Female,Single,Lower,4.0,5.0,0.307077,Not trusted,1.0,3.0,0.483519
China,156001453,52.0,Rural,Medium,Male,Married,Higher,8.0,8.0,0.379992,Trusted,1.0,8.0,0.145197
China,156001454,31.0,Urban,Medium,Male,Married,Lower,9.0,5.0,0.368544,Not trusted,5.0,9.0,0.297642
China,156001455,24.0,Urban,Medium,Female,Married,Lower,6.0,5.0,0.477870,Not trusted,1.0,3.0,0.577066
China,156001456,54.0,Urban,Low,Male,Married,Higher,7.0,5.0,0.404191,Trusted,2.0,5.0,0.566482
China,156001457,58.0,Rural,Medium,Male,Single,Lower,9.0,10.0,0.181092,Not trusted,1.0,8.0,0.380868
China,156001458,59.0,Rural,Low,Male,Married,Middle,8.0,5.0,0.435150,Not trusted,1.0,7.0,0.316560
China,156001459,53.0,Rural,Medium,Male,Married,Lower,8.0,10.0,0.237169,Not trusted,6.0,8.0,0.406757
China,156001460,66.0,Urban,Low,Female,Married,Lower,6.0,5.0,0.463185,Not trusted,3.0,6.0,0.308217
China,156001461,47.0,Urban,Low,Female,Married,Lower,7.0,2.0,0.401176,Trusted,4.0,3.0,0.325116
China,156001462,45.0,Urban,Medium,Female,Widowed,Lower,7.0,7.0,0.258535,Trusted,3.0,5.0,0.289555
China,156001463,29.0,Urban,Medium,Female,Single,Lower,8.0,9.0,0.440572,Trusted,1.0,6.0,0.415433
China,156001464,35.0,Rural,Medium,Male,Married,Lower,7.0,6.0,0.423584,Not trusted,5.0,7.0,0.414909
China,156001465,20.0,Urban,Low,Female,Married,Higher,5.0,4.0,0.538821,Not trusted,1.0,3.0,0.762078
China,156001466,24.0,Urban,Low,Female,Married,Higher,8.0,8.0,0.257418,Not trusted,1.0,4.0,0.465902
China,156001467,26.0,Rural,Medium,Female,Married,Middle,6.0,4.0,0.747287,Not trusted,5.0,3.0,0.641614
China,156001468,60.0,Rural,Medium,Female,Married,Lower,9.0,7.0,0.369691,Trusted,5.0,7.0,0.206122
China,156001469,18.0,Urban,Low,Female,Married,Higher,8.0,9.0,0.328199,Trusted,1.0,7.0,0.293073
China,156001470,50.0,Urban,Low,Female,Married,Middle,8.0,7.0,0.202107,Trusted,1.0,6.0,0.386674
China,156001471,54.0,Rural,Low,Female,Married,Lower,9.0,8.0,0.499931,Not trusted,1.0,9.0,0.417966
China,156001472,45.0,Rural,Medium,Male,Single,Lower,6.0,9.0,0.328774,Not trusted,3.0,8.0,0.336988
China,156001473,46.0,Urban,Medium,Male,Divorced,Middle,8.0,8.0,0.282844,Trusted,1.0,9.0,0.344620
China,156001474,47.0,Urban,Medium,Male,Married,Lower,7.0,5.0,0.324901,Trusted,3.0,5.0,0.593468
China,156001475,21.0,Rural,Medium,Female,Single,Lower,5.0,5.0,0.521167,Not trusted,1.0,6.0,0.413175
China,156001476,39.0,Rural,Medium,Female,Married,Higher,7.0,8.0,0.480720,Not trusted,1.0,4.0,0.621795
China,156001477,61.0,Urban,Low,Male,Married,Lower,1.0,8.0,0.319283,Trusted,1.0,6.0,0.434349
China,156001478,18.0,Urban,Medium,Male,Single,Higher,5.0,7.0,0.461401,Trusted,1.0,5.0,0.455562
China,156001479,51.0,Rural,Medium,Female,Married,Middle,3.0,9.0,0.485398,Trusted,2.0,3.0,0.567363
China,156001480,55.0,Rural,Low,Male,Married,Lower,7.0,5.0,0.418076,Not trusted,2.0,6.0,0.206952
China,156001481,63.0,Urban,Medium,Female,Living together as married,Lower,9.0,10.0,0.386568,Not trusted,1.0,8.0,0.315930
China,156001482,42.0,Rural,Medium,Female,Married,Lower,10.0,10.0,0.356242,Not trusted,7.0,5.0,0.433104
China,156001483,57.0,Rural,Medium,Male,Married,Lower,8.0,6.0,0.324464,Trusted,10.0,5.0,0.237152
China,156001484,26.0,Urban,Medium,Female,Married,Higher,8.0,7.0,0.644140,Trusted,1.0,9.0,0.447093
China,156001485,25.0,Urban,Medium,Female,Married,Middle,6.0,4.0,0.314720,Not trusted,3.0,5.0,0.386794
China,156001486,35.0,Rural,Medium,Male,Single,Higher,7.0,7.0,0.392492,Trusted,1.0,10.0,0.306484
China,156001487,67.0,Urban,Low,Male,Married,Lower,6.0,5.0,0.246344,Trusted,1.0,1.0,0.265783
China,156001488,50.0,Urban,Medium,Male,Married,Higher,9.0,10.0,0.563828,Trusted,5.0,8.0,0.632784
China,156001489,32.0,Urban,Medium,Male,Married,Higher,8.0,10.0,0.330168,Trusted,10.0,10.0,0.355953
China,156001490,19.0,Urban,Low,Male,Married,Lower,6.0,5.0,0.344468,Not trusted,1.0,5.0,0.243401
China,156001491,54.0,Rural,High,Male,Married,Higher,10.0,10.0,0.275767,Trusted,1.0,10.0,0.490546
China,156001492,48.0,Urban,Low,Female,Married,Lower,8.0,8.0,0.271514,Not trusted,2.0,6.0,0.312763
China,156001493,46.0,Rural,Medium,Female,Married,Middle,8.0,9.0,0.266764,Trusted,10.0,3.0,0.347116
China,156001494,37.0,Urban,Medium,Female,Married,Higher,7.0,8.0,0.361634,Trusted,1.0,8.0,0.199955
China,156001495,42.0,Rural,Medium,Female,Married,Higher,6.0,4.0,0.417907,Trusted,3.0,5.0,0.256890
China,156001496,41.0,Rural,Medium,Female,Single,Higher,4.0,3.0,0.424223,Trusted,6.0,6.0,0.266007
China,156001497,67.0,Urban,Medium,Female,Married,Lower,10.0,10.0,0.210369,Not trusted,10.0,10.0,0.214429
China,156001498,34.0,Rural,Medium,Female,Married,Middle,3.0,8.0,0.344961,Trusted,1.0,1.0,0.406800
China,156001499,50.0,Rural,Medium,Male,Married,Lower,10.0,10.0,0.341082,Not trusted,4.0,7.0,0.659982
China,156001500,64.0,Rural,Medium,Male,Married,Lower,8.0,7.0,0.413932,Not trusted,8.0,6.0,0.184663
China,156001501,64.0,Urban,Medium,Male,Divorced,Lower,8.0,8.0,0.432119,Trusted,1.0,10.0,0.322853
China,156001502,26.0,Rural,Medium,Female,Married,Lower,9.0,10.0,0.505064,Trusted,1.0,10.0,0.292740
China,156001503,41.0,Rural,Low,Male,Married,Lower,8.0,7.0,0.415358,Not trusted,1.0,9.0,0.237871
China,156001504,40.0,Urban,Low,Male,Married,Lower,10.0,8.0,0.422431,Trusted,2.0,7.0,0.322084
China,156001505,28.0,Urban,Low,Male,,Middle,9.0,7.0,0.430216,Trusted,1.0,9.0,0.375920
China,156001506,22.0,Urban,Medium,Male,Married,Middle,10.0,10.0,0.320958,Trusted,10.0,6.0,0.268619
China,156001507,43.0,Urban,Medium,Female,Married,Higher,5.0,6.0,0.648953,Trusted,5.0,1.0,0.681064
China,156001508,66.0,Urban,Medium,Female,Married,Lower,9.0,7.0,0.406627,Not trusted,1.0,8.0,0.314906
China,156001509,47.0,Rural,Medium,Female,Married,Lower,6.0,6.0,0.373179,Trusted,10.0,2.0,0.385227
China,156001510,20.0,Urban,Medium,Female,Married,Middle,8.0,8.0,0.471732,Trusted,1.0,6.0,0.516855
China,156001511,62.0,Rural,Low,Male,Married,Lower,10.0,8.0,0.151577,Not trusted,1.0,6.0,0.223684
China,156001512,51.0,Urban,Medium,Male,Married,Lower,9.0,7.0,0.553755,Trusted,3.0,6.0,0.421007
China,156001513,52.0,Rural,Medium,Female,Married,,9.0,8.0,0.497350,Not trusted,7.0,8.0,0.276329
China,156001514,66.0,Rural,Medium,Female,Widowed,Lower,8.0,8.0,0.442709,Not trusted,1.0,8.0,0.294239
China,156001515,55.0,Urban,Medium,Male,Married,Lower,5.0,6.0,0.345795,Not trusted,1.0,5.0,0.431663
China,156001516,42.0,Urban,Low,Female,Married,Lower,6.0,8.0,0.494180,Trusted,1.0,7.0,0.277005
China,156001517,51.0,Urban,Low,Male,Married,Lower,8.0,8.0,0.241547,Trusted,2.0,10.0,0.285185
China,156001518,67.0,Urban,Medium,Female,Married,Middle,7.0,5.0,0.580341,Not trusted,1.0,8.0,0.584109
China,156001519,63.0,Rural,Medium,Female,Married,Lower,9.0,7.0,0.295153,Trusted,1.0,7.0,0.651797
China,156001520,35.0,Urban,High,Female,Married,Middle,10.0,8.0,0.303694,Trusted,3.0,8.0,0.162839
China,156001521,37.0,Urban,Medium,Male,Married,Middle,5.0,6.0,0.379470,Not trusted,1.0,3.0,0.345137
China,156001522,32.0,Rural,Medium,Male,Married,Lower,9.0,7.0,0.480835,Not trusted,1.0,8.0,0.457020
China,156001523,61.0,Urban,Low,Male,Married,Lower,3.0,8.0,0.264318,Trusted,1.0,5.0,0.322536
China,156001524,20.0,Urban,Low,Female,Divorced,Middle,2.0,6.0,0.693173,Trusted,1.0,1.0,0.381055
China,156001525,50.0,Rural,Low,Female,Married,Middle,5.0,7.0,0.347132,Not trusted,1.0,7.0,0.294546
China,156001526,41.0,Urban,Low,Female,Married,Middle,8.0,7.0,0.343490,Trusted,1.0,8.0,0.357806
China,156001527,56.0,Urban,Medium,Male,Single,Lower,2.0,5.0,0.237700,Trusted,1.0,4.0,0.246003
China,156001528,18.0,Urban,Low,Female,Married,Higher,4.0,,0.482143,Trusted,2.0,3.0,0.508432
China,156001529,48.0,Rural,Medium,Female,Married,Lower,7.0,8.0,0.554845,Trusted,1.0,6.0,0.481046
China,156001530,53.0,Urban,Low,Male,Married,Lower,7.0,9.0,0.194585,Trusted,1.0,6.0,0.471152
China,156001531,25.0,Urban,Low,Female,Married,Higher,9.0,8.0,0.457672,Trusted,8.0,9.0,0.203063
China,156001532,58.0,Urban,Medium,Male,Married,Middle,6.0,4.0,0.295731,Trusted,1.0,7.0,0.485443
China,156001533,37.0,Urban,Low,Male,Married,Lower,7.0,4.0,0.446525,Not trusted,6.0,7.0,0.269037
China,156001534,46.0,Urban,Medium,Male,Married,Higher,3.0,8.0,0.397009,Trusted,3.0,4.0,0.482450
China,156001535,23.0,Urban,Low,Male,Single,Lower,8.0,7.0,0.271832,Not trusted,1.0,3.0,0.356233
China,156001536,39.0,Rural,Low,Female,Married,Lower,8.0,7.0,0.294473,Not trusted,1.0,6.0,0.426116
China,156001537,51.0,Rural,Medium,Male,Married,Lower,10.0,9.0,0.339985,Trusted,1.0,9.0,0.333479
China,156001538,37.0,Urban,Low,Male,Married,Lower,3.0,5.0,0.451291,Trusted,2.0,1.0,0.495549
China,156001539,42.0,Rural,Medium,Female,Married,Lower,9.0,9.0,0.237891,Trusted,1.0,10.0,0.344993
China,156001540,36.0,Rural,Medium,Female,Married,Middle,10.0,7.0,0.413519,Trusted,1.0,9.0,0.361316
China,156001541,70.0,Urban,Low,Male,Married,Lower,5.0,3.0,0.332400,Trusted,1.0,3.0,0.457353
China,156001542,36.0,Urban,Medium,Female,Married,Middle,7.0,7.0,0.565192,Trusted,1.0,7.0,0.525225
China,156001543,59.0,Urban,Low,Female,Married,Lower,5.0,5.0,0.278950,Not trusted,1.0,7.0,0.664480
China,156001544,30.0,Urban,Low,Male,Married,Lower,8.0,6.0,0.633411,Not trusted,1.0,6.0,0.301626
China,156001545,49.0,Urban,Low,Male,Married,Lower,10.0,10.0,0.369574,Trusted,2.0,9.0,0.360040
China,156001546,65.0,Rural,Low,Male,Married,Lower,5.0,9.0,0.305533,Not trusted,1.0,3.0,0.361593
China,156001547,43.0,Rural,Low,Male,Married,Lower,5.0,1.0,0.408052,Trusted,1.0,1.0,0.364908
China,156001548,30.0,Urban,Medium,Male,Single,Lower,10.0,10.0,0.430589,Trusted,1.0,9.0,0.392927
China,156001549,51.0,Rural,Medium,Male,Married,Higher,8.0,8.0,0.255153,Trusted,5.0,7.0,0.604174
China,156001550,40.0,Urban,Medium,Male,Married,Lower,9.0,10.0,0.221050,Trusted,9.0,9.0,0.448378
China,156001551,26.0,Urban,Low,Male,Married,Lower,9.0,9.0,0.316740,Trusted,5.0,9.0,0.354005
China,156001552,54.0,Urban,Medium,Female,Married,Lower,7.0,10.0,0.564523,Trusted,1.0,5.0,0.821838
China,156001553,45.0,Rural,Medium,Male,Married,Middle,10.0,7.0,0.338680,Trusted,9.0,8.0,0.349388
China,156001554,64.0,Urban,Medium,Female,Married,Lower,7.0,10.0,0.248670,Trusted,1.0,6.0,0.361437
China,156001555,63.0,Rural,Medium,Female,Widowed,Lower,10.0,8.0,0.170052,Not trusted,1.0,8.0,0.247317
China,156001556,45.0,Urban,Low,Female,Married,Lower,6.0,7.0,0.294666,Trusted,5.0,6.0,0.161560
China,156001557,67.0,Rural,Medium,Male,Married,Lower,7.0,7.0,0.265105,Trusted,9.0,2.0,0.386232
China,156001558,63.0,Urban,Low,Male,Married,Lower,8.0,9.0,0.391712,Trusted,4.0,8.0,0.370129
China,156001559,28.0,Rural,Low,Male,Single,Middle,6.0,5.0,0.430924,Not trusted,1.0,7.0,0.373179
China,156001560,35.0,Rural,Medium,Male,Married,Higher,5.0,10.0,0.428818,Trusted,5.0,7.0,0.542013
China,156001561,31.0,Rural,Medium,Female,Married,Middle,7.0,7.0,0.588137,Trusted,5.0,6.0,0.387472
China,156001562,40.0,Rural,Low,Female,Married,Middle,1.0,3.0,0.424037,Not trusted,1.0,3.0,0.440761
China,156001563,45.0,Urban,Medium,Male,Single,Middle,10.0,9.0,0.222138,Trusted,5.0,10.0,0.467689
China,156001564,31.0,Urban,Medium,Female,Married,Lower,,8.0,0.203943,Not trusted,1.0,5.0,0.219046
China,156001565,21.0,Urban,Medium,Male,Married,Higher,5.0,5.0,0.601422,Not trusted,1.0,4.0,0.551966
China,156001566,55.0,Urban,Medium,Male,Married,Lower,10.0,6.0,0.442438,Trusted,1.0,7.0,0.141386
China,156001567,34.0,Urban,Medium,Male,Married,Higher,8.0,7.0,0.876937,Not trusted,3.0,10.0,0.489395
China,156001568,44.0,Urban,Medium,Female,Married,Middle,6.0,9.0,0.513610,Trusted,1.0,7.0,0.518134
China,156001569,61.0,Urban,Low,Male,Married,Lower,8.0,8.0,0.392751,Not trusted,1.0,6.0,0.404484
China,156001570,18.0,Rural,Medium,Male,Married,Middle,2.0,5.0,0.463402,Not trusted,1.0,7.0,0.382008
China,156001571,47.0,Urban,Medium,Female,Married,Higher,10.0,10.0,0.269878,Trusted,5.0,9.0,0.313568
China,156001572,55.0,Rural,Low,Male,Single,Lower,8.0,5.0,0.257486,Trusted,8.0,5.0,0.272058
China,156001573,40.0,Urban,High,Female,Married,Higher,8.0,8.0,0.374787,Trusted,6.0,10.0,0.375996
China,156001574,70.0,Urban,Low,Female,Married,Lower,8.0,6.0,0.301708,Trusted,1.0,9.0,0.529651
China,156001575,63.0,Rural,Medium,Female,Married,Lower,8.0,10.0,0.373308,Not trusted,2.0,8.0,0.228130
China,156001576,55.0,Urban,Medium,Male,Married,Lower,4.0,8.0,0.285098,Trusted,6.0,7.0,0.388556
China,156001577,50.0,Urban,Low,Male,Single,Lower,6.0,1.0,0.391726,Not trusted,2.0,4.0,0.389267
China,156001578,37.0,Urban,Medium,Female,Single,Lower,10.0,9.0,0.241959,Trusted,1.0,7.0,0.314469
China,156001579,52.0,Urban,Medium,Female,Married,Middle,8.0,7.0,0.140423,Trusted,3.0,8.0,0.433952
China,156001580,34.0,Urban,Medium,Male,Married,Higher,10.0,10.0,0.355015,Trusted,1.0,10.0,0.689242
China,156001581,41.0,Urban,Low,Female,Married,Higher,8.0,8.0,0.401534,Trusted,1.0,7.0,0.419296
China,156001582,66.0,Urban,Medium,Female,Married,Higher,8.0,8.0,0.188454,Trusted,1.0,9.0,0.557841
China,156001583,36.0,Rural,Low,Female,Married,Lower,4.0,5.0,0.365308,Not trusted,5.0,4.0,0.479917
China,156001584,44.0,Rural,Low,Female,Married,Lower,5.0,8.0,0.304296,Trusted,4.0,5.0,0.290449
China,156001585,37.0,Urban,Medium,Male,Married,Higher,7.0,8.0,0.533455,Trusted,8.0,8.0,0.447716
China,156001586,49.0,Rural,Low,Female,Married,Lower,7.0,8.0,0.283352,Not trusted,1.0,6.0,0.289034
China,156001587,69.0,Urban,Low,Female,Married,Middle,10.0,8.0,0.295856,Trusted,1.0,9.0,0.076796
China,156001588,42.0,Rural,Medium,Male,Married,Lower,8.0,5.0,0.335580,Trusted,7.0,7.0,0.328935
China,156001589,40.0,Rural,Low,Male,Married,Lower,6.0,10.0,0.342953,Not trusted,1.0,7.0,0.420516
China,156001590,57.0,Urban,Medium,Male,Married,Middle,10.0,8.0,0.273240,Trusted,9.0,9.0,0.445739
China,156001591,43.0,Urban,Medium,Male,Married,Higher,8.0,8.0,0.433017,Trusted,5.0,7.0,0.445978
China,156001592,35.0,Urban,Medium,Male,Married,Lower,8.0,9.0,0.340347,Not trusted,5.0,8.0,0.350825
China,156001593,47.0,Urban,Low,Male,Married,Middle,10.0,10.0,0.470735,Trusted,8.0,8.0,0.298746
China,156001594,51.0,Rural,Medium,Female,Married,Lower,9.0,6.0,0.349657,Trusted,1.0,6.0,0.130382
China,156001595,55.0,Rural,Medium,Female,Divorced,Middle,10.0,5.0,0.420751,Trusted,9.0,8.0,0.496079
China,156001596,37.0,Rural,Low,Female,Living together as married,Lower,8.0,8.0,0.509790,Trusted,5.0,7.0,0.295957
China,156001597,40.0,Urban,Medium,Female,Married,Middle,6.0,7.0,0.477415,Trusted,2.0,5.0,0.412841
China,156001598,36.0,Urban,Medium,Female,Married,Middle,10.0,9.0,0.289046,Trusted,8.0,9.0,0.277920
China,156001599,50.0,Urban,Low,Female,Married,Lower,5.0,6.0,0.251301,Trusted,1.0,2.0,0.430519
China,156001600,60.0,Urban,Low,Male,Married,Middle,8.0,5.0,0.401909,Trusted,1.0,7.0,0.362263
China,156001601,31.0,Urban,Low,Female,Married,Middle,7.0,6.0,0.444073,Trusted,7.0,9.0,0.395587
China,156001602,70.0,Urban,High,Female,Married,Higher,8.0,10.0,0.538867,Trusted,6.0,9.0,0.351032
China,156001603,42.0,Rural,Medium,Female,Married,Higher,5.0,6.0,0.438576,Trusted,1.0,7.0,0.508904
China,156001604,52.0,Rural,Low,Female,Married,Lower,8.0,10.0,0.569660,Trusted,1.0,8.0,0.564951
China,156001605,63.0,Urban,Low,Female,Married,Lower,10.0,9.0,0.588619,Trusted,8.0,7.0,0.369081
China,156001606,29.0,Urban,Low,Male,Married,Higher,7.0,7.0,0.455139,Trusted,2.0,3.0,0.543854
China,156001607,35.0,Rural,Medium,Male,Married,Lower,10.0,8.0,0.330758,Not trusted,5.0,8.0,0.220440
China,156001608,19.0,Urban,Medium,Female,Separated,Lower,8.0,5.0,0.499968,Not trusted,10.0,6.0,0.265957
China,156001609,36.0,Urban,Medium,Male,Married,Middle,9.0,7.0,0.295748,Trusted,1.0,10.0,0.285740
China,156001610,22.0,Rural,Medium,Male,Married,Lower,9.0,8.0,0.360497,Not trusted,3.0,6.0,0.214101
China,156001611,46.0,Urban,Medium,Male,Married,Middle,8.0,8.0,0.409828,Trusted,7.0,8.0,0.383528
China,156001612,34.0,Urban,Medium,Male,Married,Lower,10.0,8.0,0.417007,Trusted,5.0,10.0,0.401409
China,156001613,31.0,Urban,Medium,Female,Married,Higher,9.0,9.0,0.307905,Trusted,9.0,6.0,0.243019
China,156001614,58.0,Rural,Low,Male,Married,Lower,8.0,8.0,0.406494,Trusted,6.0,7.0,0.388223
China,156001615,25.0,Urban,Low,Male,Married,Lower,8.0,6.0,0.393139,Not trusted,2.0,2.0,0.232424
China,156001616,34.0,Urban,Medium,Female,Married,Lower,9.0,5.0,0.346452,Trusted,1.0,6.0,0.262353
China,156001617,53.0,Urban,Low,Female,Divorced,Lower,5.0,7.0,0.323352,Trusted,3.0,1.0,0.655300
China,156001618,49.0,Rural,Medium,Male,Married,Lower,10.0,8.0,0.318416,Trusted,1.0,10.0,0.328449
China,156001619,68.0,Urban,Medium,Female,Married,Lower,8.0,8.0,0.360596,Not trusted,4.0,7.0,0.327570
China,156001620,40.0,Urban,Low,Female,Married,Higher,7.0,7.0,0.367489,Trusted,1.0,6.0,0.574214
China,156001621,25.0,Rural,Medium,Female,Married,Higher,9.0,10.0,0.317618,Trusted,3.0,10.0,0.241361
China,156001622,30.0,Rural,Medium,Female,Married,Higher,9.0,10.0,0.339394,Trusted,1.0,9.0,0.425290
China,156001623,22.0,Urban,Medium,Male,Married,Higher,8.0,8.0,0.361584,Trusted,6.0,8.0,0.485454
China,156001624,18.0,Urban,Medium,Male,Married,Higher,7.0,8.0,0.441494,Trusted,2.0,8.0,0.644792
China,156001625,51.0,Urban,Low,Female,Married,Lower,7.0,5.0,0.593258,Trusted,3.0,8.0,0.401761
China,156001626,48.0,Urban,Low,Female,Married,Lower,6.0,6.0,0.401316,Trusted,3.0,5.0,0.416182
China,156001627,40.0,Urban,Low,Male,Married,Higher,8.0,8.0,0.462348,Not trusted,10.0,3.0,0.353114
China,156001628,31.0,Urban,Medium,Female,Married,Middle,9.0,5.0,0.437925,Trusted,5.0,5.0,0.302390
China,156001629,44.0,Urban,Medium,Male,Single,Lower,7.0,6.0,0.306124,Trusted,1.0,10.0,0.365836
China,156001630,31.0,Urban,Low,Male,Married,Lower,10.0,9.0,0.372980,Not trusted,1.0,7.0,0.225969
China,156001631,39.0,Urban,Low,Female,Married,Middle,6.0,4.0,0.378080,Trusted,4.0,,0.692387
China,156001632,28.0,Urban,Medium,Female,Single,Lower,1.0,5.0,0.561014,Not trusted,5.0,3.0,0.561914
China,156001633,47.0,Urban,Low,Female,Single,Middle,8.0,7.0,0.497748,Trusted,1.0,5.0,0.669425
China,156001634,32.0,Urban,Low,Female,Married,Higher,8.0,2.0,0.567618,Trusted,3.0,6.0,0.437795
China,156001635,48.0,Urban,Medium,Female,Married,Middle,8.0,5.0,0.289721,Trusted,1.0,6.0,0.406912
China,156001636,27.0,Rural,Medium,Male,Married,Lower,7.0,8.0,0.353730,Trusted,1.0,9.0,0.343869
China,156001637,24.0,Urban,Medium,Female,Married,Middle,3.0,6.0,0.521632,Trusted,3.0,1.0,0.794096
China,156001638,52.0,Urban,Low,Female,Married,Lower,7.0,8.0,0.440616,Trusted,1.0,6.0,0.470428
China,156001639,18.0,Rural,Low,Male,Living together as married,Higher,5.0,6.0,0.344159,Not trusted,2.0,6.0,0.620647
China,156001640,61.0,Rural,Medium,Male,Married,Lower,9.0,7.0,0.306706,Not trusted,8.0,7.0,0.232617
China,156001641,69.0,Urban,Low,Female,Married,Lower,9.0,7.0,0.361270,Not trusted,1.0,7.0,0.350084
China,156001642,30.0,Urban,Low,Male,Widowed,Lower,5.0,7.0,0.459280,Not trusted,5.0,7.0,0.618683
China,156001643,70.0,Rural,Low,Male,Married,Lower,8.0,8.0,0.314525,Not trusted,1.0,2.0,0.246829
China,156001644,50.0,Rural,Medium,Female,Living together as married,Middle,5.0,8.0,0.422454,Not trusted,1.0,5.0,0.374560
China,156001645,20.0,Urban,Medium,Female,Widowed,Lower,7.0,7.0,0.393126,Trusted,3.0,6.0,0.293885
China,156001646,24.0,Urban,Medium,Female,Married,Higher,9.0,6.0,0.496688,Not trusted,10.0,10.0,0.151750
China,156001647,32.0,Urban,Low,Male,Married,Lower,6.0,7.0,0.295422,Not trusted,8.0,7.0,0.298563
China,156001648,39.0,Rural,Low,Male,Married,Lower,7.0,5.0,0.278840,Not trusted,1.0,7.0,0.487940
China,156001649,27.0,Urban,Medium,Male,Married,Higher,9.0,8.0,0.310634,Not trusted,5.0,9.0,0.590797
China,156001650,28.0,Rural,Low,Female,Married,Lower,1.0,1.0,0.825649,Trusted,1.0,1.0,0.776646
China,156001651,20.0,Rural,Medium,Female,Married,Lower,10.0,8.0,0.358410,Trusted,2.0,8.0,0.352717
China,156001652,55.0,Urban,Medium,Female,Married,Lower,8.0,4.0,0.513060,Trusted,8.0,7.0,0.130382
China,156001653,37.0,Rural,Medium,Male,Married,Lower,5.0,7.0,0.444195,Trusted,4.0,7.0,0.396808
China,156001654,25.0,Rural,Medium,Male,Married,Middle,5.0,5.0,0.396335,Not trusted,4.0,8.0,0.365097
China,156001655,49.0,Rural,Medium,Female,Married,Higher,9.0,9.0,0.473256,Trusted,1.0,8.0,0.594703
China,156001656,46.0,Urban,Medium,Female,Married,Higher,7.0,7.0,0.498198,Trusted,2.0,9.0,0.273667
China,156001657,41.0,Urban,Medium,Male,Married,Lower,10.0,10.0,0.377600,Not trusted,9.0,8.0,0.157207
China,156001658,46.0,Rural,Medium,Female,Married,Lower,7.0,6.0,0.425662,Not trusted,9.0,9.0,0.415563
China,156001659,60.0,Urban,Medium,Male,Married,Lower,8.0,6.0,0.290577,Trusted,3.0,10.0,0.351036
China,156001660,38.0,Rural,Low,Male,Married,Middle,3.0,1.0,0.424652,Trusted,1.0,5.0,0.296715
China,156001661,46.0,Urban,Low,Male,Married,Lower,7.0,7.0,0.315100,Not trusted,3.0,8.0,0.267629
China,156001662,45.0,Rural,Medium,Female,Married,Higher,10.0,10.0,0.358440,Trusted,6.0,9.0,0.505631
China,156001663,42.0,Urban,Low,Male,Married,Lower,6.0,8.0,0.256486,Not trusted,1.0,4.0,0.309022
China,156001664,63.0,Urban,Medium,Male,Married,Lower,8.0,8.0,0.502016,Trusted,1.0,7.0,0.384637
China,156001665,40.0,Rural,Medium,Female,Married,Lower,6.0,6.0,0.351232,Not trusted,6.0,5.0,0.402353
China,156001666,39.0,Rural,Medium,Male,Married,Higher,10.0,10.0,0.367073,Trusted,1.0,10.0,0.381056
China,156001667,20.0,Urban,Medium,Female,Married,Higher,5.0,6.0,0.315097,Trusted,1.0,1.0,0.404810
China,156001668,57.0,Urban,Low,Male,Widowed,Lower,8.0,6.0,0.217209,Not trusted,1.0,8.0,0.340071
China,156001669,36.0,Urban,Medium,Female,Single,Higher,8.0,3.0,0.492915,Trusted,2.0,8.0,0.454201
China,156001670,18.0,Rural,Medium,Male,Single,Higher,6.0,8.0,0.842815,Trusted,1.0,7.0,0.618148
China,156001671,63.0,Urban,Low,Female,Married,Middle,8.0,10.0,0.323108,Trusted,4.0,5.0,0.328047
China,156001672,43.0,Urban,Low,Male,Married,Lower,10.0,10.0,0.277946,Not trusted,8.0,7.0,0.329371
China,156001673,48.0,Urban,Medium,Male,Widowed,Middle,6.0,8.0,0.426662,Trusted,1.0,7.0,0.406547
China,156001674,48.0,Rural,Medium,Female,Married,Middle,6.0,6.0,0.314760,Not trusted,5.0,6.0,0.578169
China,156001675,22.0,Urban,Medium,Male,Married,Lower,10.0,7.0,0.360471,Trusted,9.0,4.0,0.360786
China,156001676,28.0,Rural,Medium,Male,Single,Higher,7.0,6.0,0.383588,Trusted,1.0,5.0,0.569091
China,156001677,38.0,Urban,Medium,Female,Married,Lower,7.0,7.0,0.427255,Trusted,1.0,9.0,0.253933
China,156001678,34.0,Rural,Low,Male,Married,Middle,6.0,5.0,0.358925,Not trusted,1.0,8.0,0.486486
China,156001679,52.0,Urban,Medium,Female,Married,Middle,8.0,5.0,0.261471,Trusted,1.0,5.0,0.292029
China,156001680,45.0,Urban,Medium,Male,Married,Lower,1.0,4.0,0.463808,Trusted,1.0,5.0,0.489806
China,156001681,40.0,Rural,Medium,Female,Divorced,Lower,10.0,8.0,0.223241,Trusted,8.0,7.0,0.293924
China,156001682,43.0,Urban,Low,Female,Married,Lower,7.0,7.0,0.299972,Trusted,2.0,4.0,0.472600
China,156001683,59.0,Rural,Medium,Female,Married,Middle,8.0,9.0,0.388109,Trusted,1.0,7.0,0.416603
China,156001684,42.0,Urban,Low,Male,Widowed,Lower,9.0,6.0,0.375929,Not trusted,1.0,8.0,0.488550
China,156001685,35.0,Rural,Medium,Female,Married,Higher,7.0,7.0,0.426512,Trusted,1.0,10.0,0.521689
China,156001686,45.0,Rural,Medium,Male,Married,Lower,6.0,6.0,0.380812,Trusted,6.0,5.0,0.452625
China,156001687,48.0,Rural,Medium,Female,Married,Middle,6.0,9.0,0.413851,Trusted,8.0,3.0,0.223878
China,156001688,47.0,Urban,Low,Male,Married,Higher,8.0,7.0,0.389408,Trusted,2.0,8.0,0.436318
China,156001689,68.0,Urban,Medium,Female,Single,Lower,8.0,7.0,0.391531,Not trusted,1.0,10.0,0.320676
China,156001690,32.0,Urban,Medium,Male,Married,Middle,9.0,10.0,0.411099,Trusted,1.0,8.0,0.410908
China,156001691,19.0,Rural,Medium,Male,Married,Higher,8.0,9.0,0.279203,Trusted,1.0,7.0,0.472264
China,156001692,24.0,Rural,Medium,Female,Married,Higher,7.0,8.0,0.295654,Trusted,2.0,6.0,0.342743
China,156001693,19.0,Rural,Medium,Female,Married,Lower,3.0,3.0,0.483337,Not trusted,1.0,7.0,0.436679
China,156001694,60.0,Rural,Medium,Female,Single,Middle,8.0,9.0,0.497711,Not trusted,4.0,8.0,0.236293
China,156001695,42.0,Rural,Medium,Male,Single,Lower,8.0,8.0,0.652876,Trusted,1.0,8.0,0.685704
China,156001696,23.0,Rural,Low,Female,Married,Lower,1.0,5.0,0.355037,Not trusted,5.0,1.0,0.366426
China,156001697,31.0,Urban,Low,Female,Married,Lower,1.0,5.0,0.500593,Not trusted,6.0,5.0,0.391052
China,156001698,27.0,Rural,Medium,Female,Married,Higher,8.0,6.0,0.347132,Not trusted,1.0,8.0,0.323056
China,156001699,55.0,Urban,Medium,Male,Single,Higher,8.0,2.0,0.562261,Trusted,2.0,8.0,0.343660
China,156001700,64.0,Rural,Medium,Male,Married,Lower,8.0,8.0,0.341100,Not trusted,4.0,10.0,0.353719
China,156001701,68.0,Urban,Medium,Female,Married,Lower,10.0,8.0,0.532365,Trusted,1.0,10.0,0.518918
China,156001702,48.0,Rural,Low,Female,Married,Lower,5.0,5.0,0.522164,Trusted,2.0,2.0,0.382376
China,156001703,48.0,Rural,Low,Female,Married,Lower,8.0,8.0,0.357504,Not trusted,2.0,7.0,0.295425
China,156001704,44.0,Urban,Medium,Female,Single,Middle,8.0,8.0,0.262915,Trusted,8.0,6.0,0.366214
China,156001705,24.0,Urban,Low,Female,Married,Lower,3.0,7.0,0.535038,Trusted,1.0,1.0,0.374048
China,156001706,40.0,Rural,Medium,Female,Widowed,Higher,9.0,7.0,0.579557,Trusted,1.0,7.0,0.567114
China,156001707,49.0,Urban,Medium,Female,Married,Lower,8.0,6.0,0.457482,Trusted,6.0,8.0,0.158169
China,156001708,61.0,Urban,Medium,Female,Married,Lower,7.0,6.0,0.332596,Trusted,6.0,7.0,0.470993
China,156001709,42.0,Urban,Low,Female,Single,Middle,8.0,8.0,0.566361,Not trusted,1.0,6.0,0.647715
China,156001710,46.0,Urban,Medium,Female,Married,Lower,10.0,10.0,0.413687,Trusted,3.0,10.0,0.461275
China,156001711,51.0,Urban,Medium,Male,Married,Lower,10.0,8.0,0.268313,Not trusted,1.0,10.0,0.333195
China,156001712,24.0,Rural,Low,Male,Married,Lower,10.0,6.0,0.359669,Trusted,1.0,6.0,0.697776
China,156001713,39.0,Rural,High,Female,Widowed,Middle,9.0,10.0,0.351607,Trusted,2.0,10.0,0.452384
China,156001714,52.0,Rural,Medium,Male,Married,Higher,10.0,8.0,0.465942,Trusted,1.0,10.0,0.585066
China,156001715,55.0,Urban,Medium,Female,Married,Lower,6.0,8.0,0.307432,Trusted,1.0,1.0,0.324844
China,156001716,18.0,Urban,High,Male,Married,Higher,6.0,4.0,0.408391,Trusted,10.0,4.0,0.512085
China,156001717,44.0,Urban,Medium,Female,Single,Higher,10.0,8.0,0.401473,Trusted,7.0,8.0,0.399806
China,156001718,50.0,Urban,Medium,Female,Married,Lower,10.0,9.0,0.387244,Not trusted,1.0,9.0,0.346237
China,156001719,22.0,Urban,Low,Male,Married,Higher,7.0,8.0,0.357190,Not trusted,1.0,3.0,0.397663
China,156001720,42.0,Urban,Low,Male,Widowed,Middle,6.0,5.0,0.305270,Trusted,1.0,5.0,0.587047
China,156001721,69.0,Urban,Low,Female,Single,Lower,4.0,5.0,0.201778,Not trusted,1.0,1.0,0.148614
China,156001722,30.0,Urban,Low,Female,Married,Middle,5.0,5.0,0.153771,Trusted,3.0,4.0,0.277546
China,156001723,57.0,Rural,Medium,Female,Married,Middle,8.0,3.0,0.452333,Trusted,2.0,6.0,0.242552
China,156001724,29.0,Rural,Medium,Female,Single,Middle,10.0,10.0,0.562779,Trusted,2.0,10.0,0.141411
China,156001725,30.0,Urban,Medium,Female,Single,Middle,8.0,6.0,0.491436,Trusted,1.0,7.0,0.560217
China,156001726,58.0,Rural,Medium,Male,Married,Lower,10.0,10.0,0.319344,Trusted,1.0,8.0,0.442523
China,156001727,66.0,Urban,Low,Female,Married,Higher,1.0,1.0,0.228386,Trusted,10.0,1.0,0.380451
China,156001728,69.0,Urban,Medium,Male,Married,Lower,9.0,9.0,0.313194,Trusted,2.0,8.0,0.466454
China,156001729,56.0,Urban,Medium,Female,Married,Lower,8.0,10.0,0.301627,Not trusted,8.0,8.0,0.124376
China,156001730,20.0,Rural,Low,Female,Married,Lower,2.0,2.0,0.601782,Not trusted,1.0,3.0,0.550950
China,156001731,55.0,Urban,Low,Male,Married,Middle,8.0,5.0,0.341635,Not trusted,1.0,5.0,0.251270
China,156001732,42.0,Urban,Medium,Female,Single,Higher,9.0,10.0,0.142510,Trusted,1.0,2.0,0.412700
China,156001733,54.0,Rural,Medium,Male,Single,,3.0,7.0,0.481577,Trusted,6.0,3.0,0.370033
China,156001734,51.0,Urban,Low,Female,Married,Lower,9.0,10.0,0.262437,Trusted,2.0,7.0,0.367279
China,156001735,65.0,Urban,Low,Female,Married,Lower,8.0,5.0,0.443498,Not trusted,1.0,5.0,0.128966
China,156001736,47.0,Urban,Medium,Male,Married,Lower,6.0,1.0,0.447240,Trusted,3.0,4.0,0.375518
China,156001737,22.0,Rural,Medium,Female,Married,Higher,7.0,6.0,0.349235,Trusted,2.0,9.0,0.342392
China,156001738,33.0,Rural,Medium,Female,Married,Lower,10.0,10.0,0.504705,Trusted,1.0,10.0,0.689576
China,156001739,18.0,Urban,Medium,Female,Married,Higher,7.0,5.0,0.463483,Trusted,1.0,5.0,0.382690
China,156001740,30.0,Urban,High,Female,Married,Middle,10.0,10.0,0.297712,Trusted,3.0,7.0,0.238343
China,156001741,68.0,Urban,Low,Female,Married,Lower,7.0,6.0,0.404400,Trusted,1.0,3.0,0.654318
China,156001742,28.0,Urban,Medium,Female,Married,Higher,7.0,8.0,0.615204,Trusted,1.0,6.0,0.399429
China,156001743,56.0,Urban,Medium,Male,Married,Lower,8.0,10.0,0.433725,Trusted,1.0,10.0,0.344775
China,156001744,64.0,Urban,Low,Female,Married,Lower,10.0,10.0,0.245299,Not trusted,1.0,8.0,0.179858
China,156001745,40.0,Urban,Medium,Male,Single,Lower,5.0,4.0,0.311649,Trusted,1.0,3.0,0.366268
China,156001746,58.0,Urban,High,Female,Single,Lower,8.0,8.0,0.545062,Trusted,5.0,10.0,0.386838
China,156001747,22.0,Urban,High,Male,Married,Middle,10.0,10.0,0.280206,Trusted,5.0,10.0,0.192193
China,156001748,62.0,Urban,Medium,Male,Married,Higher,10.0,8.0,0.167921,Trusted,1.0,9.0,0.443669
China,156001749,66.0,Urban,Medium,Female,Married,Lower,8.0,5.0,0.488989,Trusted,1.0,4.0,0.405699
China,156001750,53.0,Rural,Medium,Male,Married,Higher,8.0,6.0,0.493731,Trusted,4.0,7.0,0.394683
China,156001751,18.0,Urban,Medium,Female,Married,Lower,4.0,1.0,0.245226,Trusted,3.0,2.0,0.388353
China,156001752,23.0,Rural,Medium,Female,Married,Higher,8.0,8.0,0.223816,Not trusted,5.0,10.0,0.553202
China,156001753,66.0,Rural,Low,Male,Single,Lower,3.0,6.0,0.386099,Not trusted,1.0,1.0,0.476694
China,156001754,62.0,Rural,Medium,Male,Married,Higher,4.0,9.0,0.511720,Trusted,10.0,2.0,0.242342
China,156001755,63.0,Rural,Low,Male,Divorced,Lower,8.0,5.0,0.263496,Not trusted,1.0,6.0,0.337498
China,156001756,41.0,Urban,Medium,Male,Married,Lower,9.0,6.0,0.440247,Trusted,1.0,8.0,0.478569
China,156001757,42.0,Rural,Low,Female,Married,Lower,8.0,7.0,0.208772,Not trusted,1.0,4.0,0.466083
China,156001758,65.0,Urban,Low,Male,Single,Lower,8.0,6.0,0.465442,Not trusted,1.0,5.0,0.367518
China,156001759,47.0,Rural,Medium,Male,Married,Lower,7.0,6.0,0.325967,Trusted,1.0,2.0,0.255977
China,156001760,66.0,Urban,Medium,Female,Married,Lower,8.0,6.0,0.290782,Trusted,7.0,7.0,0.068038
China,156001761,48.0,Rural,Medium,Male,Single,Lower,6.0,8.0,0.324371,Trusted,3.0,5.0,0.496468
China,156001762,29.0,Urban,Medium,Female,Married,Higher,5.0,6.0,0.490181,Trusted,4.0,3.0,0.443815
China,156001763,35.0,Rural,High,Female,Single,Higher,4.0,7.0,0.603558,Trusted,1.0,5.0,0.495171
China,156001764,63.0,Rural,Medium,Female,Married,Lower,6.0,7.0,0.385919,Trusted,1.0,7.0,0.580812
China,156001765,69.0,Rural,Low,Male,Single,Lower,8.0,8.0,0.261184,Not trusted,8.0,3.0,0.253965
China,156001766,26.0,Urban,Medium,Male,Married,Lower,10.0,8.0,0.449425,Trusted,3.0,9.0,0.360228
China,156001767,32.0,Rural,Medium,Male,Married,Higher,8.0,7.0,0.695086,Trusted,6.0,8.0,0.384026
China,156001768,34.0,Urban,Medium,Female,Married,Higher,7.0,9.0,0.333381,Trusted,5.0,7.0,0.329986
China,156001769,55.0,Urban,Medium,Male,Married,Middle,10.0,10.0,0.507407,Not trusted,1.0,8.0,0.347249
China,156001770,40.0,Rural,Medium,Female,Widowed,Lower,7.0,7.0,0.299753,Not trusted,1.0,8.0,0.378155
China,156001771,59.0,Rural,Low,Female,Married,Lower,10.0,9.0,0.315530,Trusted,3.0,8.0,0.468537
China,156001772,36.0,Urban,Medium,Male,Married,Higher,7.0,8.0,0.462098,Trusted,1.0,2.0,0.361677
China,156001773,37.0,Urban,Medium,Female,Married,Lower,7.0,7.0,0.441896,Not trusted,10.0,9.0,0.337245
China,156001774,47.0,Urban,Medium,Male,Married,Lower,8.0,8.0,0.398396,Trusted,1.0,5.0,0.429726
China,156001775,62.0,Rural,Low,Female,Married,Lower,8.0,8.0,0.402191,Not trusted,1.0,7.0,0.797540
China,156001776,48.0,Urban,Medium,Male,Single,Lower,7.0,6.0,0.324480,Not trusted,5.0,8.0,0.346564
China,156001777,46.0,Urban,Medium,Female,Married,Middle,5.0,6.0,0.436880,Trusted,8.0,4.0,0.393868
China,156001778,43.0,Urban,,Female,Married,Middle,10.0,7.0,0.391187,Not trusted,5.0,,0.317336
China,156001779,53.0,Urban,Medium,Female,Single,Lower,7.0,6.0,0.297367,Trusted,1.0,5.0,0.296025
China,156001780,40.0,Rural,Medium,Male,Married,Lower,6.0,3.0,0.411218,Trusted,5.0,5.0,0.324848
China,156001781,25.0,Rural,Medium,Female,,Higher,6.0,7.0,0.590321,Trusted,4.0,5.0,0.559112
China,156001782,61.0,Urban,Low,Male,Married,Lower,6.0,4.0,0.616031,Not trusted,1.0,6.0,0.516588
China,156001783,48.0,Rural,Medium,Female,Married,Lower,6.0,7.0,0.457334,Trusted,2.0,9.0,0.335445
China,156001784,50.0,Urban,Medium,Female,Married,Middle,8.0,9.0,0.470107,Trusted,1.0,8.0,0.575143
China,156001785,61.0,Rural,Low,Male,Married,Lower,8.0,7.0,0.470838,Not trusted,1.0,5.0,0.393525
China,156001786,42.0,Rural,Medium,Male,Married,Middle,9.0,6.0,0.385603,Trusted,3.0,7.0,0.325150
China,156001787,30.0,Urban,Low,Female,Married,Lower,5.0,8.0,0.392952,Not trusted,1.0,7.0,0.517737
China,156001788,55.0,Urban,Medium,Male,Married,Middle,8.0,5.0,0.189054,Trusted,6.0,5.0,0.312956
China,156001789,45.0,Rural,Low,Male,Single,Lower,8.0,6.0,0.510272,Trusted,1.0,7.0,0.379002
China,156001790,59.0,Rural,Medium,Female,Married,Lower,10.0,8.0,0.458226,Trusted,6.0,10.0,0.286574
China,156001791,53.0,Rural,Low,Female,Married,Lower,8.0,4.0,0.213610,Not trusted,1.0,5.0,0.325692
China,156001792,53.0,Rural,Low,Female,Married,Lower,10.0,10.0,0.256680,Not trusted,5.0,10.0,0.304150
China,156001793,51.0,Rural,Low,Male,Single,Lower,9.0,8.0,0.380708,Not trusted,1.0,8.0,0.289001
China,156001794,21.0,Urban,Medium,Female,Married,Higher,10.0,8.0,0.446413,Trusted,5.0,8.0,0.483825
China,156001795,60.0,Urban,Medium,Male,Married,Lower,10.0,8.0,0.229251,Trusted,1.0,7.0,0.342776
China,156001796,63.0,Rural,Medium,Male,Married,Lower,9.0,8.0,0.186242,Trusted,10.0,8.0,0.439049
China,156001797,18.0,Urban,Medium,Male,Married,Higher,4.0,6.0,0.425217,Trusted,2.0,6.0,0.350895
China,156001798,40.0,Rural,Medium,Female,Single,Lower,7.0,7.0,0.352365,Not trusted,1.0,10.0,0.374633
China,156001799,38.0,Rural,Low,Male,Married,Lower,8.0,8.0,0.384617,Not trusted,1.0,3.0,0.450030
China,156001800,44.0,Urban,Medium,Female,Married,Lower,6.0,8.0,0.355964,Not trusted,5.0,5.0,0.431258
China,156001801,43.0,Urban,Medium,Male,Married,Lower,8.0,5.0,0.466319,Trusted,8.0,10.0,0.589503
China,156001802,38.0,Urban,Medium,Male,Married,Lower,8.0,6.0,0.439930,Not trusted,1.0,8.0,0.393952
China,156001803,59.0,Rural,Medium,Female,Married,Lower,5.0,6.0,0.444854,Not trusted,10.0,6.0,0.382387
China,156001804,20.0,Urban,Medium,Male,Married,Lower,8.0,8.0,0.618577,Trusted,1.0,6.0,0.473273
China,156001805,45.0,Urban,Medium,Male,Single,Lower,10.0,6.0,0.444542,Not trusted,1.0,10.0,0.515091
China,156001806,23.0,Rural,Medium,Female,Married,Higher,10.0,8.0,0.329868,Trusted,2.0,7.0,0.475551
China,156001807,40.0,Urban,Medium,Male,Married,Lower,9.0,10.0,0.332817,Not trusted,1.0,10.0,0.364558
China,156001808,29.0,Rural,High,Male,Single,Higher,9.0,5.0,0.436059,Trusted,10.0,7.0,0.399578
China,156001809,49.0,Rural,Medium,Female,Married,Middle,9.0,8.0,0.256312,Not trusted,1.0,8.0,0.270088
China,156001810,24.0,Urban,High,Female,Married,Higher,8.0,10.0,0.508187,Trusted,7.0,10.0,0.324819
China,156001811,64.0,Rural,Medium,Male,Married,Lower,8.0,10.0,0.426487,Not trusted,1.0,5.0,0.332683
China,156001812,55.0,Rural,Medium,Male,Married,Lower,8.0,3.0,0.447576,Trusted,5.0,7.0,0.435907
China,156001813,18.0,Urban,Medium,Female,Married,Middle,10.0,10.0,0.555905,Trusted,1.0,10.0,0.352701
China,156001814,29.0,Urban,Low,Male,Single,Higher,5.0,8.0,0.424465,Trusted,6.0,6.0,0.454214
China,156001815,58.0,Rural,Medium,Female,Married,Lower,8.0,9.0,0.598967,Trusted,10.0,7.0,0.323853
China,156001816,66.0,Rural,Low,Female,Married,Lower,10.0,10.0,0.309052,Trusted,6.0,8.0,0.355812
China,156001817,27.0,Urban,Medium,Male,Married,Lower,8.0,8.0,0.779440,Not trusted,1.0,6.0,0.217025
China,156001818,37.0,Urban,Low,Female,Married,Lower,7.0,5.0,0.420455,Trusted,1.0,7.0,0.599477
China,156001819,43.0,Rural,Medium,Female,Married,Higher,10.0,10.0,0.332963,Trusted,1.0,8.0,0.219898
China,156001820,54.0,Urban,Low,Male,Married,Lower,5.0,5.0,0.654457,Not trusted,1.0,3.0,0.344097
China,156001821,24.0,Rural,Low,Male,Married,Middle,8.0,9.0,0.321336,Trusted,1.0,8.0,0.388027
China,156001822,68.0,Urban,Low,Female,Married,Lower,10.0,8.0,0.252207,Not trusted,8.0,5.0,0.266298
China,156001823,60.0,Urban,Medium,Female,Widowed,Higher,7.0,8.0,0.554450,Trusted,1.0,8.0,0.444488
China,156001824,31.0,Urban,Low,Male,Married,Lower,5.0,8.0,0.669211,Trusted,7.0,7.0,0.294723
China,156001825,41.0,Rural,Medium,Female,Married,Higher,6.0,5.0,0.515651,Trusted,3.0,5.0,0.376722
China,156001826,45.0,Urban,Medium,Male,Married,Higher,6.0,6.0,0.387517,Trusted,1.0,7.0,0.213774
China,156001827,26.0,Urban,Medium,Male,Married,Lower,9.0,7.0,0.338690,Trusted,3.0,9.0,0.427204
China,156001828,54.0,Rural,Medium,Male,Married,Lower,8.0,8.0,0.386182,Trusted,1.0,9.0,0.493125
China,156001829,41.0,Urban,Low,Female,Married,Middle,6.0,3.0,0.470743,Trusted,7.0,4.0,0.417261
China,156001830,51.0,Rural,Low,Male,Widowed,Lower,10.0,8.0,0.306874,Trusted,1.0,9.0,0.493521
China,156001831,24.0,Urban,Low,Male,Married,Lower,10.0,9.0,0.581887,Trusted,1.0,10.0,0.307823
China,156001832,44.0,Urban,Medium,Male,Married,Lower,10.0,7.0,0.379369,Trusted,1.0,8.0,0.098637
China,156001833,45.0,Urban,Medium,Male,Married,Lower,8.0,7.0,0.279237,Trusted,5.0,6.0,0.486986
China,156001834,66.0,Rural,Low,Male,Married,Lower,10.0,10.0,0.313718,Trusted,1.0,10.0,0.243908
China,156001835,61.0,Rural,Medium,Female,Married,Lower,6.0,5.0,0.414420,Trusted,2.0,6.0,0.411852
China,156001836,55.0,Rural,Medium,Female,Married,Lower,5.0,7.0,0.508827,Not trusted,10.0,4.0,0.673247
China,156001837,44.0,Rural,Medium,Female,Married,Lower,7.0,8.0,0.472254,Trusted,1.0,8.0,0.752938
China,156001838,45.0,Rural,Medium,Female,Married,Lower,10.0,9.0,0.472843,Not trusted,1.0,8.0,0.114209
China,156001839,45.0,Rural,Medium,Female,Married,Middle,5.0,6.0,0.360780,Not trusted,1.0,7.0,0.326950
China,156001840,48.0,Rural,Medium,Male,Married,Middle,7.0,8.0,0.381246,Not trusted,3.0,8.0,0.326140
China,156001841,55.0,Urban,High,Male,Married,Higher,10.0,10.0,0.317216,Trusted,5.0,9.0,0.601993
China,156001842,25.0,Urban,Low,Male,Married,Lower,10.0,5.0,0.363862,Not trusted,1.0,5.0,0.360616
China,156001843,42.0,Urban,Medium,Female,Married,Middle,7.0,8.0,0.602155,Not trusted,1.0,9.0,0.363834
China,156001844,37.0,Rural,High,Female,Married,Higher,8.0,10.0,0.551910,Trusted,10.0,7.0,0.338063
China,156001845,55.0,Rural,Medium,Female,Married,Higher,10.0,9.0,0.485184,Trusted,5.0,9.0,0.388460
China,156001846,40.0,Rural,Medium,Male,Single,Higher,7.0,6.0,0.511563,Trusted,10.0,8.0,0.388949
China,156001847,67.0,Urban,Low,Male,Married,Higher,10.0,10.0,0.345748,Trusted,1.0,10.0,0.121260
China,156001848,49.0,Urban,Medium,Male,Married,Middle,3.0,10.0,0.498662,Trusted,2.0,6.0,0.214859
China,156001849,42.0,Rural,Low,Female,Married,Lower,7.0,6.0,0.396037,Trusted,2.0,4.0,0.409694
China,156001850,20.0,Urban,Medium,Male,Married,Lower,10.0,9.0,0.501630,Trusted,4.0,9.0,0.411526
China,156001851,55.0,Urban,Medium,Female,Single,Middle,7.0,8.0,0.557856,Trusted,1.0,6.0,0.373549
China,156001852,61.0,Urban,Low,Female,Married,Middle,9.0,10.0,0.502391,Not trusted,10.0,9.0,0.347866
China,156001853,60.0,Urban,Medium,Male,Married,Middle,6.0,10.0,0.269484,Trusted,7.0,8.0,0.273373
China,156001854,63.0,Rural,Medium,Female,Married,Lower,8.0,10.0,0.417943,Not trusted,4.0,8.0,0.426625
China,156001855,41.0,Urban,Medium,Female,Married,Lower,3.0,5.0,0.369368,Not trusted,1.0,7.0,0.270572
China,156001856,21.0,Urban,Low,Male,Married,Lower,6.0,7.0,0.248857,Not trusted,1.0,8.0,0.350342
China,156001857,39.0,Urban,Medium,Female,Married,,7.0,5.0,0.356272,Trusted,1.0,6.0,0.694277
China,156001858,68.0,Urban,Medium,Female,Married,Lower,10.0,10.0,0.373877,Trusted,3.0,7.0,0.314645
China,156001859,58.0,Urban,Low,Male,Widowed,Lower,5.0,1.0,0.420192,Not trusted,1.0,5.0,0.253088
China,156001860,52.0,Urban,Medium,Male,Married,Lower,7.0,5.0,0.300438,Trusted,9.0,1.0,0.189249
China,156001861,63.0,Rural,Medium,Male,Married,Middle,9.0,7.0,0.391123,Trusted,2.0,8.0,0.515177
China,156001862,61.0,Urban,Low,Male,Married,Lower,8.0,7.0,0.298639,Trusted,1.0,2.0,0.517620
China,156001863,44.0,Urban,Low,Male,Married,Lower,10.0,10.0,0.405050,Not trusted,2.0,8.0,0.692089
China,156001864,55.0,Rural,Low,Male,Single,Lower,10.0,8.0,0.477890,Trusted,1.0,9.0,0.268479
China,156001865,29.0,Rural,Medium,Female,Married,Higher,10.0,8.0,0.344580,Trusted,2.0,5.0,0.516576
China,156001866,42.0,Urban,Low,Female,Married,Higher,8.0,7.0,0.097485,Not trusted,8.0,6.0,0.379498
China,156001867,45.0,Rural,Medium,Male,Married,Lower,10.0,10.0,0.330330,Trusted,1.0,10.0,0.467473
China,156001868,30.0,Rural,Medium,Female,Single,Lower,9.0,8.0,0.530604,Trusted,1.0,7.0,0.639110
China,156001869,53.0,Urban,Medium,Female,Married,Lower,9.0,8.0,0.356602,Trusted,6.0,8.0,0.340618
China,156001870,30.0,Rural,Medium,Female,Widowed,Middle,7.0,5.0,0.374768,Trusted,1.0,10.0,0.357321
China,156001871,60.0,Urban,Medium,Male,Married,Middle,7.0,10.0,0.416023,Trusted,4.0,10.0,0.209487
China,156001872,48.0,Rural,Medium,Male,Married,Middle,10.0,8.0,0.404541,Trusted,1.0,9.0,0.299825
China,156001873,48.0,Urban,Medium,Female,Married,Middle,8.0,9.0,0.316445,Trusted,2.0,8.0,0.420549
China,156001874,36.0,Rural,Medium,Female,Married,Lower,8.0,8.0,0.463778,Not trusted,1.0,8.0,0.380220
China,156001875,64.0,Urban,Low,Male,Married,Lower,9.0,8.0,0.379562,Not trusted,1.0,10.0,0.524400
China,156001876,35.0,Urban,Low,Female,Married,Middle,1.0,6.0,0.440457,Trusted,4.0,3.0,
China,156001877,21.0,Urban,Medium,Male,Married,Higher,10.0,6.0,0.465844,Trusted,5.0,10.0,0.383154
China,156001878,50.0,Rural,Low,Female,Married,Lower,9.0,10.0,0.475122,Trusted,1.0,6.0,0.419335
China,156001879,35.0,Urban,Medium,Female,Married,Higher,9.0,8.0,0.383123,Trusted,1.0,10.0,0.513435
China,156001880,61.0,Urban,Low,Female,Married,Lower,10.0,5.0,0.453081,Not trusted,5.0,10.0,0.280591
China,156001881,26.0,Urban,Low,Male,Married,Lower,5.0,7.0,0.575912,Trusted,8.0,1.0,0.462449
China,156001882,51.0,Rural,Medium,Female,Married,Lower,9.0,7.0,0.363991,Trusted,5.0,7.0,0.319395
China,156001883,65.0,Rural,Medium,Female,Single,Lower,5.0,5.0,0.492160,Trusted,1.0,3.0,0.662575
China,156001884,67.0,Urban,Low,Male,Married,Higher,6.0,8.0,0.336316,Trusted,1.0,5.0,0.539759
China,156001885,65.0,Urban,Medium,Male,Married,Lower,10.0,9.0,0.362575,Trusted,1.0,9.0,0.216598
China,156001886,37.0,Urban,Medium,Male,Single,Lower,1.0,2.0,0.409228,Not trusted,1.0,1.0,0.427318
China,156001887,18.0,Urban,Medium,Male,Married,Higher,5.0,5.0,0.724128,Trusted,9.0,5.0,0.376620
China,156001888,44.0,Rural,Low,Female,Married,Lower,6.0,5.0,0.333738,Not trusted,1.0,4.0,0.507614
China,156001889,45.0,Rural,Low,Female,Married,Lower,1.0,4.0,0.340210,Trusted,1.0,2.0,0.342372
China,156001890,50.0,Urban,Medium,Female,Married,Middle,7.0,7.0,0.432860,Trusted,10.0,7.0,0.407109
China,156001891,25.0,Urban,Medium,Male,Widowed,Higher,9.0,10.0,0.359185,Trusted,1.0,7.0,0.528989
China,156001892,28.0,Urban,Medium,Female,Single,Higher,7.0,10.0,0.529516,Trusted,4.0,5.0,0.470923
China,156001893,67.0,Urban,Low,Female,Married,Lower,9.0,6.0,0.306217,Trusted,4.0,6.0,0.367770
China,156001894,26.0,Rural,Low,Male,Married,Higher,10.0,,0.262893,Not trusted,1.0,9.0,0.181304
China,156001895,23.0,Urban,Medium,Male,Married,Lower,5.0,2.0,0.355840,Trusted,1.0,1.0,0.581951
China,156001896,46.0,Urban,Medium,Male,Single,Middle,8.0,8.0,0.521036,Not trusted,5.0,7.0,0.381842
China,156001897,44.0,Rural,Medium,Female,Married,Higher,8.0,6.0,0.602621,Trusted,1.0,6.0,0.458088
China,156001898,44.0,Rural,Low,Female,Divorced,Lower,7.0,6.0,0.461076,Trusted,4.0,3.0,0.429985
China,156001899,45.0,Urban,Low,Male,Single,Lower,8.0,8.0,0.539277,Not trusted,1.0,7.0,0.301704
China,156001900,18.0,Rural,Medium,Male,Married,Middle,3.0,7.0,0.525208,Not trusted,3.0,4.0,0.425491
China,156001901,27.0,Urban,Medium,Male,Married,Middle,7.0,8.0,0.472535,Not trusted,3.0,6.0,0.648881
China,156001902,23.0,Urban,Medium,Male,Married,Higher,8.0,5.0,0.395790,Trusted,1.0,9.0,0.275425
China,156001903,51.0,Urban,Low,Male,Single,Lower,10.0,10.0,0.445612,Trusted,4.0,10.0,0.453534
China,156001904,31.0,Urban,Medium,Female,Married,Lower,6.0,7.0,0.296246,Not trusted,1.0,10.0,0.321209
China,156001905,35.0,Rural,Medium,Female,Single,Higher,9.0,10.0,0.297010,Trusted,1.0,6.0,0.595218
China,156001906,54.0,Rural,Low,Male,Single,Higher,8.0,5.0,0.310706,Trusted,7.0,3.0,0.329164
China,156001907,39.0,Rural,Low,Female,Married,Lower,5.0,7.0,0.440046,Trusted,10.0,5.0,0.321479
China,156001908,54.0,Urban,Medium,Female,Married,Higher,10.0,10.0,0.210184,Not trusted,5.0,10.0,0.261857
China,156001909,18.0,Urban,Medium,Female,Married,Higher,9.0,7.0,0.452713,Trusted,1.0,9.0,0.493643
China,156001910,69.0,Urban,Medium,Male,Married,Lower,6.0,4.0,0.338664,Trusted,1.0,6.0,0.644403
China,156001911,41.0,Urban,Medium,Male,Married,Higher,8.0,10.0,0.503052,Trusted,1.0,10.0,0.430647
China,156001912,39.0,Rural,Low,Female,Married,Lower,7.0,8.0,0.441493,Trusted,2.0,5.0,0.404115
China,156001913,68.0,Urban,Medium,Male,Married,Lower,9.0,8.0,0.390997,Trusted,1.0,8.0,0.374828
China,156001914,55.0,Urban,Medium,Male,Married,Lower,9.0,6.0,0.253733,Trusted,2.0,5.0,0.418491
China,156001915,35.0,Urban,Medium,Female,Married,Lower,8.0,8.0,0.604238,Trusted,1.0,3.0,0.355370
China,156001916,29.0,Urban,Low,Male,Married,Lower,7.0,6.0,0.734402,Not trusted,10.0,7.0,0.414868
China,156001917,46.0,Rural,Low,Male,Married,Lower,6.0,8.0,0.315307,Trusted,2.0,5.0,0.332246
China,156001918,50.0,Rural,Low,Male,Married,Lower,1.0,3.0,0.528779,Not trusted,1.0,3.0,0.494066
China,156001919,45.0,Urban,Medium,Female,Married,Middle,8.0,6.0,0.488049,Trusted,2.0,7.0,0.414951
China,156001920,28.0,Urban,Low,Male,Married,Lower,8.0,5.0,0.366478,Trusted,7.0,4.0,0.476580
China,156001921,52.0,Urban,Medium,Male,Married,Lower,10.0,9.0,0.263767,Trusted,1.0,10.0,0.320240
China,156001922,63.0,Urban,Medium,Female,Married,Higher,10.0,7.0,0.375295,Trusted,2.0,10.0,0.413066
China,156001923,53.0,Urban,Medium,Female,Single,Higher,8.0,5.0,0.302027,Trusted,2.0,6.0,0.553816
China,156001924,40.0,Urban,Medium,Female,Married,Middle,7.0,8.0,0.272545,Trusted,1.0,8.0,0.452206
China,156001925,69.0,Rural,Low,Female,Married,Lower,7.0,6.0,0.352985,Not trusted,2.0,6.0,0.354316
China,156001926,40.0,Urban,Medium,Female,Married,Lower,8.0,2.0,0.394262,Trusted,1.0,6.0,0.440633
China,156001927,52.0,Rural,Medium,Female,Single,Middle,7.0,5.0,0.287640,Trusted,1.0,5.0,0.506427
China,156001928,30.0,Urban,Medium,Female,Married,Higher,5.0,8.0,0.568438,Trusted,10.0,5.0,0.547364
China,156001929,38.0,Urban,Low,Male,Married,Higher,4.0,5.0,0.330589,Not trusted,4.0,2.0,0.360921
China,156001930,50.0,Urban,Low,Male,Married,Middle,9.0,5.0,0.371100,Trusted,2.0,5.0,0.260287
China,156001931,50.0,Rural,Low,Male,Married,Lower,8.0,6.0,0.368709,Not trusted,1.0,10.0,0.425309
China,156001932,63.0,Urban,Low,Male,Divorced,Lower,10.0,8.0,0.272164,Trusted,2.0,5.0,0.397802
China,156001933,44.0,Rural,Medium,Male,Married,Lower,5.0,5.0,0.375121,Trusted,3.0,3.0,0.392172
China,156001934,33.0,Urban,Medium,Male,Widowed,Lower,8.0,9.0,0.403428,Not trusted,1.0,6.0,0.272255
China,156001935,39.0,Rural,Medium,Female,Married,Higher,7.0,7.0,0.367786,Trusted,1.0,7.0,0.385804
China,156001936,58.0,Rural,Medium,Female,Single,Lower,5.0,6.0,0.422590,Not trusted,1.0,5.0,0.599958
China,156001937,63.0,Urban,Low,Female,Single,Lower,8.0,8.0,0.356619,Not trusted,1.0,6.0,0.336203
China,156001938,33.0,Urban,Low,Female,Single,Middle,5.0,6.0,0.297544,Not trusted,5.0,8.0,0.699579
China,156001939,43.0,Rural,Low,Female,Married,Lower,10.0,8.0,0.461772,Trusted,1.0,8.0,0.573053
China,156001940,30.0,Urban,Low,Female,Married,Lower,3.0,1.0,0.248523,Trusted,5.0,2.0,0.289544
China,156001941,50.0,Urban,Medium,Male,Married,Higher,1.0,8.0,0.439222,Not trusted,1.0,3.0,0.720535
China,156001942,64.0,Urban,Medium,Female,Married,Lower,10.0,9.0,0.283690,Not trusted,1.0,9.0,0.192293
China,156001943,29.0,Urban,Medium,Female,Married,Higher,5.0,6.0,0.369902,Trusted,1.0,4.0,0.691651
China,156001944,60.0,Urban,Low,Male,Single,Lower,7.0,5.0,0.234618,Not trusted,5.0,5.0,0.359945
China,156001945,39.0,Rural,Medium,Male,Married,Middle,2.0,7.0,0.429566,Not trusted,2.0,5.0,0.348834
China,156001946,37.0,Urban,Medium,Female,Married,Lower,10.0,10.0,0.416348,Not trusted,1.0,9.0,0.427829
China,156001947,52.0,Urban,Medium,Male,Married,Lower,6.0,8.0,0.485808,Trusted,9.0,4.0,0.461938
China,156001948,68.0,Urban,Medium,Female,Married,Lower,10.0,7.0,0.309129,Not trusted,3.0,7.0,0.216418
China,156001949,66.0,Urban,High,Male,Married,Lower,10.0,10.0,0.233770,Trusted,2.0,10.0,0.144879
China,156001950,55.0,Urban,Medium,Female,Divorced,Lower,7.0,6.0,0.496268,Not trusted,1.0,5.0,0.507828
China,156001951,70.0,Urban,Low,Male,Married,Lower,10.0,8.0,0.352176,Trusted,1.0,9.0,0.244385
China,156001952,40.0,Rural,Low,Female,Married,Lower,5.0,7.0,0.529437,Trusted,1.0,8.0,0.404933
China,156001953,47.0,Urban,Medium,Male,Single,Middle,5.0,7.0,0.348952,Not trusted,5.0,5.0,0.515115
China,156001954,22.0,Urban,Medium,Male,Married,Middle,8.0,6.0,0.403709,Trusted,1.0,10.0,0.636848
China,156001955,68.0,Urban,Low,Male,Single,Lower,9.0,6.0,0.310328,Not trusted,4.0,6.0,0.442188
China,156001956,50.0,Urban,Medium,Female,Married,Lower,6.0,2.0,0.325260,Not trusted,1.0,5.0,0.388196
China,156001957,56.0,Urban,Medium,Male,Married,Middle,9.0,9.0,0.194901,Not trusted,1.0,9.0,0.248595
China,156001958,46.0,Urban,Medium,Female,Married,Higher,9.0,9.0,0.497905,Trusted,7.0,8.0,0.308053
China,156001959,48.0,Urban,Medium,Male,Married,Higher,5.0,3.0,0.441781,Trusted,1.0,7.0,0.415939
China,156001960,47.0,Rural,Medium,Female,Married,Middle,9.0,9.0,0.290424,Trusted,1.0,7.0,0.458477
China,156001961,48.0,Urban,Low,Male,Married,Lower,8.0,5.0,0.637177,Trusted,2.0,7.0,0.473017
China,156001962,54.0,Urban,Low,Male,Married,Lower,6.0,8.0,0.382843,Not trusted,2.0,,0.155082
China,156001963,54.0,Urban,Low,Male,Married,Lower,10.0,6.0,0.397984,Not trusted,1.0,4.0,0.426274
China,156001964,31.0,Urban,Medium,Female,Married,Higher,10.0,10.0,0.277008,Trusted,10.0,10.0,0.311602
China,156001965,53.0,Rural,Medium,Female,Married,Higher,7.0,9.0,0.263380,Not trusted,1.0,5.0,0.185354
China,156001966,67.0,Urban,Medium,Male,Married,Lower,8.0,10.0,0.459152,Not trusted,1.0,7.0,0.492948
China,156001967,40.0,Urban,Medium,Female,Married,Lower,9.0,10.0,0.335389,Not trusted,1.0,10.0,0.707006
China,156001968,63.0,Rural,Low,Female,Married,Lower,5.0,,0.120831,Not trusted,6.0,5.0,0.323697
China,156001969,37.0,Rural,Medium,Male,Married,Middle,8.0,6.0,0.513446,Not trusted,5.0,4.0,0.295194
China,156001970,61.0,Urban,Low,Female,Single,Middle,9.0,10.0,0.345051,Not trusted,1.0,9.0,0.316934
China,156001971,47.0,Urban,Low,Female,Divorced,Middle,3.0,8.0,0.267976,Not trusted,1.0,8.0,0.335230
China,156001972,37.0,Rural,Medium,Female,Married,Higher,10.0,10.0,0.476319,Trusted,1.0,10.0,0.487989
China,156001973,47.0,Urban,Medium,Female,Married,Lower,9.0,10.0,0.358113,Not trusted,3.0,10.0,0.656855
China,156001974,51.0,Urban,Low,Female,Married,Lower,8.0,5.0,0.391646,Trusted,9.0,6.0,0.186240
China,156001975,47.0,Rural,Low,Female,Married,Lower,10.0,10.0,0.265141,Not trusted,1.0,8.0,0.115544
China,156001976,47.0,Urban,Low,Female,Married,Lower,5.0,1.0,0.415989,Trusted,1.0,4.0,0.471922
China,156001977,45.0,Urban,Medium,Female,Married,Higher,10.0,10.0,0.454808,Trusted,6.0,10.0,0.331318
China,156001978,48.0,Urban,Medium,Male,Single,Lower,6.0,6.0,0.494252,Not trusted,1.0,5.0,0.760354
China,156001979,50.0,Urban,Low,Male,Married,Middle,8.0,10.0,0.412035,Trusted,1.0,6.0,0.408093
China,156001980,41.0,Rural,Low,Male,Married,Middle,6.0,5.0,0.405216,Trusted,1.0,6.0,0.516724
China,156001981,53.0,Rural,Low,Male,Single,Lower,7.0,7.0,0.342462,Trusted,1.0,3.0,0.386272
China,156001982,34.0,Urban,Medium,Male,Married,Middle,5.0,5.0,0.520627,Trusted,5.0,7.0,0.284749
China,156001983,46.0,Rural,Medium,Female,Married,Middle,6.0,5.0,0.273029,Trusted,1.0,7.0,0.228213
China,156001984,49.0,Urban,Low,Female,Married,Middle,6.0,6.0,0.362902,Trusted,1.0,5.0,0.509379
China,156001985,31.0,Urban,Medium,Female,Widowed,Lower,7.0,7.0,0.355135,Not trusted,1.0,7.0,0.356384
China,156001986,45.0,Urban,Medium,Male,Married,Lower,8.0,8.0,0.306501,Trusted,1.0,8.0,0.458952
China,156001987,49.0,Urban,Low,Male,Married,Lower,2.0,6.0,0.418433,Trusted,1.0,7.0,0.679376
China,156001988,61.0,Rural,Low,Female,Married,Lower,9.0,8.0,0.450939,Not trusted,1.0,10.0,0.631376
China,156001989,36.0,Urban,Medium,Male,Married,Higher,9.0,10.0,0.296679,Trusted,2.0,10.0,0.443687
China,156001990,42.0,Urban,Medium,Male,Single,Middle,9.0,10.0,0.244852,Not trusted,1.0,10.0,0.333987
China,156001991,18.0,Urban,Medium,Male,Married,Middle,6.0,3.0,0.431272,Not trusted,1.0,8.0,0.469455
China,156001992,48.0,Urban,Low,Male,Single,Lower,8.0,2.0,0.401123,Trusted,1.0,6.0,0.338314
China,156001993,29.0,Urban,Low,Female,Married,Higher,7.0,4.0,0.407180,Not trusted,2.0,5.0,0.298573
China,156001994,64.0,Urban,Medium,Male,Married,Higher,7.0,10.0,0.325875,Trusted,1.0,8.0,0.418980
China,156001995,50.0,Urban,Low,Male,Married,Lower,10.0,10.0,0.227700,Trusted,1.0,7.0,0.223073
China,156001996,19.0,Urban,Low,Male,Widowed,Middle,7.0,8.0,0.462007,Not trusted,1.0,8.0,0.501037
China,156001997,41.0,Urban,Medium,Male,Married,Higher,3.0,4.0,0.339403,Not trusted,1.0,5.0,0.373599
China,156001998,61.0,Urban,Low,Female,Married,Lower,6.0,6.0,0.304535,Not trusted,1.0,1.0,0.208324
China,156001999,55.0,Rural,Low,Male,Married,Lower,6.0,6.0,0.441926,Trusted,5.0,5.0,0.136124
China,156002000,20.0,Urban,Medium,Female,Married,,4.0,7.0,0.728319,Trusted,1.0,5.0,0.350810
China,156002001,45.0,Rural,Medium,Male,Single,Middle,8.0,8.0,0.297779,Trusted,2.0,8.0,0.436698
China,156002002,39.0,Urban,Medium,Male,Married,Higher,8.0,10.0,0.255824,Trusted,1.0,6.0,0.418474
China,156002003,30.0,Rural,Medium,Male,Married,Higher,10.0,9.0,0.639574,Trusted,7.0,7.0,0.146070
China,156002004,51.0,Urban,Medium,Male,Married,Higher,10.0,10.0,0.581611,Not trusted,1.0,9.0,0.453599
China,156002005,52.0,Urban,Low,Male,Married,Middle,10.0,8.0,0.112784,Trusted,1.0,7.0,0.106673
China,156002006,48.0,Urban,Medium,Male,Single,Higher,8.0,10.0,0.391965,Not trusted,1.0,7.0,0.354648
China,156002007,30.0,Urban,Medium,Male,Single,Lower,7.0,8.0,0.426064,Trusted,10.0,5.0,0.204147
China,156002008,67.0,Rural,Low,Female,Single,Lower,8.0,8.0,0.317704,Trusted,4.0,5.0,0.450096
China,156002009,45.0,Rural,Medium,Female,Single,Lower,9.0,9.0,0.416683,Trusted,1.0,9.0,0.346399
China,156002010,36.0,Rural,Low,Female,Married,Lower,9.0,6.0,0.374614,Not trusted,1.0,8.0,0.304267
China,156002011,48.0,Urban,Medium,Female,Married,Higher,5.0,5.0,0.488116,Trusted,3.0,5.0,0.294180
China,156002012,29.0,Urban,Medium,Female,Married,Lower,8.0,7.0,0.419161,Trusted,3.0,7.0,0.376339
China,156002013,47.0,Rural,Low,Female,Married,Lower,5.0,8.0,0.635098,Trusted,2.0,4.0,0.423537
China,156002014,40.0,Urban,High,Male,Married,Middle,8.0,9.0,0.335614,Trusted,9.0,8.0,0.413193
China,156002015,60.0,Urban,Medium,Female,Married,Lower,10.0,10.0,0.345873,Trusted,1.0,5.0,0.433093
China,156002016,65.0,Urban,,Female,Separated,Middle,7.0,5.0,0.370815,Not trusted,5.0,6.0,0.259703
China,156002017,41.0,Urban,Medium,Female,Married,Middle,8.0,6.0,0.603124,Trusted,1.0,3.0,0.400325
China,156002018,35.0,Urban,Low,Female,Married,Lower,7.0,7.0,0.502826,Trusted,1.0,5.0,0.335760
China,156002019,68.0,Urban,Medium,Male,Widowed,Lower,10.0,7.0,0.430410,Trusted,1.0,8.0,0.430583
China,156002020,48.0,Rural,Low,Female,Married,Higher,7.0,3.0,0.314187,Trusted,1.0,6.0,0.374816
China,156002021,37.0,Urban,Low,Female,Married,Lower,9.0,7.0,0.271217,Not trusted,1.0,5.0,0.354878
China,156002022,50.0,Urban,Low,Male,Single,Lower,5.0,6.0,0.367914,Not trusted,3.0,7.0,0.267066
China,156002023,45.0,Urban,Medium,Female,Married,,7.0,5.0,0.373334,Not trusted,7.0,9.0,0.355026
China,156002024,50.0,Rural,Medium,Female,Single,Higher,7.0,10.0,0.439352,Trusted,3.0,7.0,0.501670
China,156002025,30.0,Rural,Low,Female,Divorced,Lower,8.0,9.0,0.363219,Trusted,2.0,6.0,0.361509
China,156002026,62.0,Urban,Low,Male,Married,Lower,6.0,5.0,0.343412,Not trusted,1.0,6.0,0.384607
China,156002027,18.0,Urban,Low,Female,Single,Middle,9.0,10.0,0.370590,Trusted,2.0,8.0,0.249900
China,156002028,54.0,Urban,Medium,Male,Married,Lower,6.0,6.0,0.365119,Not trusted,1.0,7.0,0.595053
China,156002029,38.0,Urban,Medium,Female,Married,Middle,4.0,1.0,0.413501,Trusted,5.0,1.0,0.585159
China,156002030,29.0,Rural,Medium,Female,Married,Higher,8.0,9.0,0.459261,Trusted,10.0,6.0,0.562458
China,156002031,18.0,Urban,Low,Female,Single,Lower,8.0,2.0,0.626424,Not trusted,3.0,3.0,0.315458
China,156002032,39.0,Rural,Low,Male,Married,Lower,5.0,7.0,0.371916,Trusted,1.0,6.0,0.807475
China,156002033,21.0,Rural,Medium,Male,Single,Middle,10.0,6.0,0.413383,Trusted,1.0,7.0,0.454709
China,156002034,68.0,Rural,Low,Male,Married,Middle,6.0,7.0,0.278673,Not trusted,1.0,5.0,0.482123
China,156002035,50.0,Rural,Low,Female,Married,Lower,5.0,5.0,0.394600,Not trusted,1.0,5.0,0.253954
China,156002036,53.0,Urban,Low,Female,Married,Lower,8.0,6.0,0.414215,Not trusted,1.0,4.0,0.555141
China,156002037,50.0,Rural,Medium,Male,Married,Higher,5.0,5.0,0.480682,Trusted,5.0,3.0,0.440356
China,156002038,36.0,Urban,Medium,Male,Single,Higher,9.0,9.0,0.344590,Trusted,7.0,9.0,0.304978
China,156002039,55.0,Rural,Low,Male,Married,Lower,8.0,10.0,0.374713,Trusted,1.0,5.0,0.274276
China,156002040,65.0,Rural,Medium,Male,Single,Lower,6.0,8.0,0.193107,Not trusted,3.0,6.0,0.377927
China,156002041,70.0,Rural,Medium,Female,Married,Lower,6.0,8.0,0.232972,Trusted,1.0,7.0,0.505573
China,156002042,30.0,Urban,Medium,Male,Married,Lower,6.0,6.0,0.505138,Trusted,1.0,8.0,0.419978
China,156002043,56.0,Rural,Low,Female,Married,Higher,8.0,7.0,0.333592,Trusted,1.0,7.0,0.163713
China,156002044,18.0,Urban,Medium,Female,Married,Higher,9.0,9.0,0.641225,Trusted,3.0,7.0,0.360207
China,156002045,35.0,Urban,Medium,Female,Married,Lower,8.0,8.0,0.307914,Trusted,1.0,6.0,0.416441
China,156002046,32.0,Rural,Medium,Female,Married,Lower,6.0,5.0,0.496516,Trusted,1.0,5.0,0.504173
China,156002047,22.0,Urban,Low,Male,Married,Middle,8.0,6.0,0.316296,Trusted,1.0,4.0,0.259696
China,156002048,46.0,Rural,,Female,Married,Lower,8.0,5.0,0.300718,Trusted,1.0,9.0,0.160506
China,156002049,47.0,Urban,High,Male,Married,Lower,6.0,5.0,0.430682,Not trusted,1.0,2.0,0.456863
China,156002050,46.0,Urban,Medium,Male,Married,Lower,8.0,8.0,0.402360,Trusted,1.0,8.0,0.574807
China,156002051,18.0,Urban,Low,Female,Married,Middle,5.0,6.0,0.562309,Trusted,1.0,1.0,0.701460
China,156002052,34.0,Rural,Low,Male,Married,Higher,9.0,7.0,0.129286,Trusted,1.0,7.0,0.472847
China,156002053,30.0,Rural,,Female,Divorced,Middle,10.0,8.0,0.426055,Trusted,1.0,10.0,0.264924
China,156002054,35.0,Rural,Low,Male,Married,Lower,8.0,6.0,0.371645,Trusted,2.0,4.0,0.532674
China,156002055,30.0,Rural,Medium,Male,Married,Higher,7.0,9.0,0.312411,Trusted,6.0,7.0,0.570153
China,156002056,26.0,Urban,Low,Male,Married,Lower,5.0,8.0,0.371716,Trusted,2.0,6.0,0.275784
China,156002057,58.0,Rural,Low,Male,Married,Middle,7.0,7.0,0.484398,Not trusted,1.0,6.0,0.387973
China,156002058,37.0,Urban,Low,Male,Divorced,Higher,8.0,5.0,0.302309,Trusted,1.0,7.0,0.304347
China,156002059,29.0,Rural,Medium,Male,Married,Middle,9.0,8.0,0.393040,Trusted,3.0,6.0,0.483305
China,156002060,37.0,Rural,Medium,Female,Widowed,Lower,8.0,5.0,0.328811,Trusted,1.0,6.0,0.304075
China,156002061,40.0,Urban,Medium,Male,Married,Lower,10.0,10.0,0.387418,Trusted,5.0,8.0,0.250605
China,156002062,37.0,Rural,Medium,Male,Single,Higher,7.0,10.0,0.297123,Trusted,1.0,1.0,0.706304
China,156002063,59.0,Rural,Medium,Female,Separated,Higher,10.0,10.0,0.458835,Trusted,1.0,7.0,0.455452
China,156002064,65.0,Rural,Medium,Male,Single,Higher,1.0,6.0,0.566478,Trusted,3.0,1.0,0.366217
China,156002065,65.0,Urban,Low,Female,Widowed,Higher,6.0,3.0,0.296080,Trusted,1.0,5.0,0.360087
China,156002066,65.0,Urban,Low,Female,Married,Lower,9.0,8.0,0.179963,Not trusted,1.0,8.0,0.646007
China,156002067,42.0,Rural,Medium,Female,Widowed,Middle,8.0,9.0,0.282185,Not trusted,4.0,7.0,0.401135
China,156002068,60.0,Urban,Low,Female,Married,Lower,10.0,10.0,0.417910,Trusted,2.0,4.0,0.468203
China,156002069,26.0,Urban,Medium,Female,Single,Lower,6.0,8.0,0.416695,Trusted,1.0,6.0,0.785306
China,156002070,62.0,Rural,Low,Male,Single,Lower,7.0,7.0,0.224951,Trusted,1.0,5.0,0.508336
China,156002071,23.0,Urban,Medium,Female,Married,Higher,1.0,7.0,0.496667,Trusted,2.0,7.0,0.531297
China,156002072,55.0,Urban,Medium,Female,Married,Lower,7.0,7.0,0.299991,Trusted,5.0,6.0,0.328724
China,156002073,69.0,Rural,Medium,Female,Married,Middle,10.0,9.0,0.323306,Trusted,4.0,8.0,0.175447
China,156002074,48.0,Urban,Medium,Female,Married,Higher,10.0,10.0,0.742290,Trusted,5.0,9.0,0.302718
China,156002075,38.0,Rural,Medium,Female,Married,Middle,7.0,6.0,0.613896,Trusted,5.0,7.0,0.421691
China,156002076,47.0,Urban,Low,Male,Married,Lower,10.0,5.0,0.308143,Not trusted,1.0,3.0,0.561545
China,156002077,65.0,Rural,High,Male,Single,Higher,5.0,5.0,0.276777,Not trusted,5.0,7.0,0.523798
China,156002078,18.0,Urban,Medium,Female,Married,Middle,6.0,3.0,0.507149,Not trusted,1.0,4.0,0.722972
China,156002079,30.0,Urban,Medium,Male,Married,Lower,10.0,9.0,0.598376,Trusted,7.0,8.0,0.169460
China,156002080,28.0,Urban,Low,Female,Single,Lower,6.0,7.0,0.550829,Trusted,1.0,5.0,0.589387
China,156002081,51.0,Rural,Medium,Female,Married,Lower,9.0,10.0,0.279775,Trusted,3.0,8.0,0.385747
China,156002082,35.0,Urban,Low,Male,Married,Higher,6.0,5.0,0.340587,Trusted,5.0,7.0,0.345577
China,156002083,24.0,Rural,Low,Female,Single,Lower,5.0,5.0,0.371630,Not trusted,2.0,2.0,0.391484
China,156002084,27.0,Rural,Medium,Female,Married,Lower,7.0,7.0,0.452396,Not trusted,2.0,3.0,0.667991
China,156002085,18.0,Rural,Medium,Female,Married,Lower,6.0,4.0,0.585919,Trusted,1.0,6.0,0.521486
China,156002086,53.0,Urban,Low,Male,Married,Lower,7.0,6.0,0.385098,Not trusted,1.0,6.0,0.444112
China,156002087,32.0,Rural,Medium,Male,Married,Higher,10.0,10.0,0.412330,Trusted,1.0,10.0,0.216381
China,156002088,30.0,Urban,,Female,Married,Middle,8.0,8.0,0.435008,Trusted,1.0,2.0,0.425940
China,156002089,51.0,Rural,Low,Male,Married,Middle,5.0,5.0,0.441936,Not trusted,6.0,6.0,0.503583
China,156002090,55.0,Urban,Medium,Female,Single,Lower,7.0,5.0,0.123272,Not trusted,1.0,7.0,0.377052
China,156002091,38.0,Rural,Medium,Male,Married,Middle,5.0,6.0,0.276833,Trusted,4.0,7.0,0.366889
China,156002092,52.0,Rural,Low,Female,Divorced,Lower,8.0,5.0,0.340594,Not trusted,2.0,8.0,0.555227
China,156002093,69.0,Urban,Low,Male,Single,Lower,10.0,10.0,0.243811,Trusted,1.0,10.0,0.506233
China,156002094,62.0,Urban,Low,Female,Married,Lower,9.0,10.0,0.417302,Trusted,5.0,10.0,0.307644
China,156002095,28.0,Rural,Medium,Male,Married,Higher,6.0,8.0,0.414168,Not trusted,1.0,6.0,0.686307
China,156002096,30.0,Urban,Medium,Female,Married,Middle,8.0,7.0,0.531020,Not trusted,10.0,7.0,0.329530
China,156002097,28.0,Rural,Low,Female,Married,Lower,6.0,7.0,0.367145,Not trusted,3.0,3.0,0.455551
China,156002098,67.0,Urban,Low,Female,Single,Lower,8.0,7.0,0.249806,Trusted,1.0,6.0,0.187400
China,156002099,19.0,Urban,Low,Male,Single,Higher,6.0,9.0,0.486500,Trusted,1.0,5.0,0.671684
China,156002100,53.0,Urban,Medium,Female,Single,Middle,8.0,9.0,0.518045,Not trusted,5.0,8.0,0.390478
China,156002101,65.0,Urban,Medium,Male,Single,Lower,8.0,10.0,0.362306,Trusted,4.0,8.0,0.777582
China,156002102,38.0,Urban,Low,Female,Married,Higher,9.0,7.0,0.447735,Trusted,7.0,8.0,0.296572
China,156002103,26.0,Urban,Low,Female,Married,Lower,9.0,6.0,0.549521,Trusted,4.0,5.0,0.410551
China,156002104,31.0,Urban,Medium,Male,Married,Higher,8.0,10.0,0.464148,Trusted,1.0,8.0,0.273136
China,156002105,61.0,Urban,Low,Female,Married,Lower,7.0,7.0,0.430934,Not trusted,5.0,6.0,0.411295
China,156002106,25.0,Urban,Medium,Female,Married,Higher,8.0,7.0,0.374216,Not trusted,8.0,7.0,0.328225
China,156002107,37.0,Urban,Medium,Female,Married,Higher,8.0,8.0,0.282621,Not trusted,1.0,9.0,0.468125
China,156002108,54.0,Rural,Medium,Female,Married,Middle,8.0,10.0,0.499493,Not trusted,2.0,5.0,0.634776
China,156002109,29.0,Rural,Medium,Female,Single,Higher,6.0,5.0,0.656540,Trusted,3.0,1.0,0.705642
China,156002110,35.0,Urban,Medium,Female,Married,Lower,9.0,8.0,0.429473,Not trusted,3.0,5.0,0.381431
China,156002111,43.0,Rural,Medium,Female,Married,Middle,8.0,7.0,0.426573,Not trusted,2.0,7.0,0.280421
China,156002112,64.0,Urban,Medium,Female,Married,Lower,10.0,9.0,0.310333,Trusted,4.0,8.0,0.244900
China,156002113,67.0,Urban,Medium,Female,Married,Lower,10.0,10.0,0.384213,Trusted,1.0,9.0,0.343210
China,156002114,65.0,Urban,Medium,Female,Widowed,Middle,10.0,8.0,0.324625,Not trusted,5.0,8.0,0.188250
China,156002115,52.0,Rural,Medium,Male,Married,Middle,9.0,10.0,0.566012,Trusted,8.0,10.0,0.094271
China,156002116,50.0,Urban,Medium,Male,Married,Higher,8.0,6.0,0.722331,,5.0,5.0,0.499317
China,156002117,42.0,Urban,Low,Male,Married,Lower,8.0,7.0,0.324319,Trusted,3.0,6.0,0.483093
China,156002118,39.0,Urban,Low,Female,Married,Middle,7.0,8.0,0.071774,Not trusted,1.0,7.0,0.316421
China,156002119,20.0,Rural,Low,Female,Married,Lower,8.0,7.0,0.308140,Not trusted,1.0,8.0,0.462877
China,156002120,58.0,Urban,Low,Male,Married,Lower,8.0,10.0,0.398420,Trusted,1.0,8.0,0.328643
China,156002121,23.0,Urban,Low,Female,Married,Lower,9.0,6.0,0.364948,Not trusted,1.0,10.0,0.390614
China,156002122,18.0,Urban,Low,Female,Living together as married,,2.0,6.0,0.490437,Not trusted,1.0,4.0,0.399380
China,156002123,37.0,Rural,Low,Female,Married,Middle,7.0,,0.506154,Not trusted,1.0,5.0,0.414737
China,156002124,21.0,Urban,Medium,Female,Married,Higher,5.0,5.0,0.699690,Not trusted,1.0,5.0,0.564296
China,156002125,41.0,Urban,High,Male,Married,Middle,6.0,6.0,0.255617,Trusted,4.0,8.0,0.330855
China,156002126,26.0,Urban,Medium,Female,Single,Middle,9.0,5.0,0.230652,Not trusted,1.0,8.0,0.240289
China,156002127,53.0,Rural,Low,Male,Divorced,Lower,10.0,10.0,0.516739,Not trusted,6.0,10.0,0.352337
China,156002128,28.0,Rural,Low,Female,Married,Lower,6.0,6.0,0.441542,Trusted,1.0,4.0,0.607662
China,156002129,37.0,Rural,Medium,Male,Married,Lower,9.0,7.0,0.478874,Trusted,1.0,10.0,0.577963
China,156002130,66.0,Urban,Low,Male,Married,Lower,8.0,6.0,0.505815,Trusted,2.0,5.0,0.676583
China,156002131,35.0,Urban,Medium,Female,Married,Lower,1.0,5.0,0.496399,Trusted,6.0,1.0,0.559760
China,156002132,59.0,Urban,Medium,Female,Married,Lower,10.0,10.0,0.434589,Trusted,6.0,8.0,0.394713
China,156002133,68.0,Urban,Medium,Male,Married,Lower,8.0,9.0,0.395592,Trusted,1.0,8.0,0.446019
China,156002134,61.0,Rural,Medium,Female,Married,Middle,10.0,10.0,0.231483,Trusted,7.0,5.0,0.381864
China,156002135,63.0,Urban,Medium,Female,Married,Lower,9.0,5.0,0.375436,Not trusted,1.0,5.0,0.342944
China,156002136,38.0,Rural,Low,Female,Married,Lower,9.0,10.0,0.450483,Not trusted,1.0,7.0,0.325461
China,156002137,44.0,Urban,Medium,Male,Married,Lower,10.0,10.0,0.271802,Not trusted,1.0,10.0,0.402145
China,156002138,42.0,Urban,Medium,Female,Married,Middle,6.0,9.0,0.442316,Trusted,2.0,7.0,0.514075
China,156002139,33.0,Urban,Medium,Female,Married,Higher,9.0,10.0,0.468025,Trusted,8.0,8.0,0.663918
China,156002140,43.0,Rural,Medium,Female,Married,Higher,8.0,6.0,0.381027,Trusted,8.0,7.0,0.371197
China,156002141,58.0,Rural,Low,Female,Single,Middle,6.0,6.0,0.478101,Not trusted,1.0,7.0,0.350861
China,156002142,52.0,Urban,,Male,Married,Lower,9.0,9.0,0.224897,Not trusted,5.0,8.0,0.245139
China,156002143,70.0,Rural,Medium,Female,Married,Lower,9.0,8.0,0.342948,Not trusted,3.0,10.0,0.092734
China,156002144,69.0,Rural,Low,Female,Married,Lower,8.0,6.0,0.175607,Not trusted,1.0,7.0,0.449130
China,156002145,27.0,Rural,Medium,Male,Married,Higher,5.0,5.0,0.497119,Trusted,3.0,7.0,0.185650
China,156002146,40.0,Rural,Medium,Male,Married,Lower,2.0,3.0,0.385845,Not trusted,1.0,5.0,0.458399
China,156002147,29.0,Rural,Medium,Female,Married,Lower,7.0,8.0,0.423291,Not trusted,1.0,8.0,0.368494
China,156002148,52.0,Rural,Low,Female,Living together as married,Lower,1.0,2.0,0.210959,Not trusted,1.0,5.0,0.284860
China,156002149,27.0,Urban,Medium,Female,Single,Higher,9.0,9.0,0.494618,Trusted,1.0,6.0,0.702089
China,156002150,63.0,Urban,Medium,Female,Married,Lower,7.0,5.0,0.570891,Trusted,10.0,6.0,0.501584
China,156002151,26.0,Urban,High,Female,Married,Higher,10.0,8.0,0.527424,Trusted,3.0,10.0,0.352569
China,156002152,31.0,Rural,Low,Female,Single,Middle,7.0,10.0,0.480348,Trusted,2.0,7.0,0.479508
China,156002153,63.0,Rural,Low,Male,Married,Middle,5.0,8.0,0.379506,Trusted,1.0,3.0,0.351964
China,156002154,39.0,Rural,Medium,Male,Married,Middle,10.0,8.0,0.396117,Trusted,1.0,10.0,0.285061
China,156002155,27.0,Rural,Medium,Male,Married,Lower,8.0,10.0,0.307396,Not trusted,5.0,8.0,0.405500
China,156002156,58.0,Urban,Medium,Male,Married,Lower,8.0,5.0,0.408255,Not trusted,1.0,8.0,0.453551
China,156002157,18.0,Rural,Medium,Male,Divorced,Lower,8.0,6.0,0.499482,Trusted,5.0,8.0,0.465953
China,156002158,55.0,Rural,Medium,Female,Married,Lower,8.0,5.0,0.353826,Trusted,1.0,5.0,0.592987
China,156002159,25.0,Urban,Low,Male,Widowed,Higher,7.0,5.0,0.387298,Trusted,3.0,5.0,0.427444
China,156002160,22.0,Rural,Medium,Female,Married,Lower,7.0,5.0,0.304260,Trusted,1.0,5.0,0.357820
China,156002161,18.0,Urban,Medium,Male,Living together as married,Middle,3.0,5.0,0.443675,Trusted,2.0,7.0,0.719689
China,156002162,35.0,Urban,High,Male,Married,Middle,10.0,7.0,0.316645,Trusted,1.0,10.0,0.450926
China,156002163,48.0,Rural,Medium,Female,Married,Lower,6.0,10.0,0.371603,Trusted,5.0,6.0,0.301255
China,156002164,29.0,Urban,Medium,Female,Married,Lower,8.0,8.0,0.382117,Trusted,6.0,7.0,0.291368
China,156002165,52.0,Rural,Low,Female,Married,Lower,8.0,10.0,0.198880,Not trusted,1.0,7.0,0.223997
China,156002166,22.0,Urban,Low,Female,Married,Middle,8.0,10.0,0.441283,Not trusted,1.0,8.0,0.505813
China,156002167,33.0,Urban,Medium,Female,Married,Higher,8.0,8.0,0.294885,Not trusted,3.0,10.0,0.218883
China,156002168,48.0,Rural,Low,Female,Married,Lower,1.0,1.0,0.252845,Trusted,2.0,1.0,0.413919
China,156002169,20.0,Urban,Medium,Male,Single,Higher,6.0,1.0,0.438529,Trusted,3.0,5.0,0.679580
China,156002170,65.0,Rural,Low,Female,Married,Middle,7.0,7.0,0.436048,Not trusted,1.0,4.0,0.238675
China,156002171,43.0,Urban,Medium,Male,Single,Lower,10.0,6.0,0.239328,Trusted,1.0,8.0,0.437715
China,156002172,48.0,Urban,Low,Female,Single,Lower,10.0,10.0,0.283270,Not trusted,2.0,10.0,0.553850
China,156002173,51.0,Rural,Medium,Female,Married,Lower,5.0,8.0,0.390270,Trusted,1.0,4.0,0.523985
China,156002174,48.0,Rural,Medium,Female,Married,Lower,8.0,10.0,0.322870,Trusted,10.0,8.0,0.265863
China,156002175,36.0,Rural,Medium,Female,Married,Lower,10.0,9.0,0.265440,Trusted,2.0,6.0,0.156953
China,156002176,58.0,Rural,Medium,Male,Married,Lower,8.0,10.0,0.438064,Not trusted,3.0,6.0,0.488008
China,156002177,40.0,Rural,Low,Female,Married,Lower,10.0,5.0,0.257531,Not trusted,1.0,8.0,0.267102
China,156002178,28.0,Urban,Medium,Male,Married,Middle,3.0,5.0,0.501515,Trusted,2.0,3.0,0.377813
China,156002179,51.0,Rural,Low,Female,Married,Lower,7.0,9.0,0.391610,Trusted,6.0,4.0,0.264469
China,156002180,44.0,Urban,Low,Female,Single,Lower,7.0,8.0,0.368380,Not trusted,1.0,1.0,0.425979
China,156002181,53.0,Rural,Medium,Male,Married,Lower,5.0,7.0,0.485529,Trusted,10.0,4.0,0.347635
China,156002182,46.0,Urban,Low,Female,Married,Lower,8.0,7.0,0.257971,Not trusted,1.0,4.0,0.310813
China,156002183,18.0,Urban,Low,Male,Married,Higher,7.0,8.0,0.424802,Trusted,1.0,5.0,0.473468
China,156002184,28.0,Rural,Medium,Male,Married,Middle,8.0,8.0,0.597523,Trusted,1.0,8.0,0.385378
China,156002185,43.0,Rural,Medium,Male,Married,Higher,10.0,9.0,0.275775,Trusted,5.0,10.0,0.478341
China,156002186,61.0,Rural,Low,Male,Widowed,Lower,8.0,4.0,0.458761,Trusted,5.0,8.0,0.317057
China,156002187,28.0,Urban,Low,Female,Married,Higher,6.0,2.0,0.321369,Not trusted,3.0,5.0,0.373998
China,156002188,41.0,Urban,Low,Female,Single,Lower,7.0,5.0,0.510893,Not trusted,1.0,7.0,0.514969
China,156002189,55.0,Urban,Medium,Male,Married,Lower,8.0,8.0,0.417288,Not trusted,2.0,10.0,0.263759
China,156002190,50.0,Rural,Medium,Female,Married,Middle,10.0,7.0,0.368642,Not trusted,1.0,8.0,0.426654
China,156002191,48.0,Urban,Medium,Female,Married,Lower,7.0,6.0,0.193311,Trusted,3.0,8.0,0.294086
China,156002192,68.0,Rural,Low,Female,Married,Lower,8.0,8.0,0.305457,Trusted,1.0,10.0,0.443027
China,156002193,60.0,Urban,Low,Male,Married,Lower,8.0,8.0,0.238811,Not trusted,1.0,5.0,0.223099
China,156002194,52.0,Urban,Medium,Female,Married,Lower,7.0,4.0,0.452485,Trusted,1.0,6.0,0.471993
China,156002195,48.0,Urban,Medium,Male,Married,Lower,9.0,10.0,0.425327,Not trusted,6.0,8.0,0.438853
China,156002196,61.0,Rural,Medium,Female,Married,Lower,8.0,10.0,0.349465,Trusted,1.0,8.0,0.350930
China,156002197,56.0,Urban,Low,Male,Married,Lower,8.0,10.0,0.423092,Not trusted,1.0,7.0,0.697785
China,156002198,50.0,Urban,Medium,Female,Married,Higher,9.0,7.0,0.339322,Trusted,5.0,5.0,0.275995
China,156002199,56.0,Rural,Low,Female,Married,Lower,10.0,10.0,0.487323,Trusted,1.0,8.0,0.484987
China,156002200,69.0,Rural,Medium,Male,Married,Lower,10.0,8.0,0.318035,Not trusted,5.0,5.0,0.265211
China,156002201,45.0,Rural,Medium,Female,Married,Middle,1.0,2.0,0.511648,,2.0,1.0,0.542871
China,156002202,20.0,Urban,Medium,Female,Married,Middle,6.0,7.0,0.578454,Trusted,10.0,6.0,0.146409
China,156002203,63.0,Urban,Low,Female,Married,Lower,5.0,8.0,0.311943,Not trusted,5.0,6.0,0.422947
China,156002204,48.0,Urban,Medium,Female,Single,Lower,10.0,9.0,0.515210,Trusted,1.0,10.0,0.310329
China,156002205,19.0,Urban,Medium,Male,Married,Lower,6.0,5.0,0.467558,Not trusted,1.0,5.0,0.396909
China,156002206,38.0,Rural,Medium,Female,Married,Lower,6.0,5.0,0.358803,Trusted,1.0,3.0,0.427317
China,156002207,20.0,Rural,Medium,Male,Married,Higher,6.0,10.0,0.522267,Trusted,1.0,7.0,0.655579
China,156002208,68.0,Urban,Low,Male,Widowed,Lower,8.0,9.0,0.344283,Not trusted,1.0,8.0,0.355038
China,156002209,56.0,Rural,Medium,Male,Married,Middle,10.0,10.0,0.364511,Trusted,2.0,10.0,0.147246
China,156002210,62.0,Rural,Medium,Female,Married,Lower,7.0,6.0,0.423905,Trusted,8.0,1.0,0.352574
China,156002211,46.0,Urban,Low,Female,Married,Lower,5.0,10.0,0.423083,Not trusted,4.0,6.0,0.729567
China,156002212,38.0,Rural,Low,Female,Married,Lower,7.0,6.0,0.249365,Trusted,7.0,5.0,0.118463
China,156002213,18.0,Rural,Medium,Female,Married,Lower,9.0,10.0,0.444744,Trusted,1.0,8.0,0.415852
China,156002214,43.0,Urban,Medium,Male,Married,Middle,5.0,7.0,0.389399,Not trusted,1.0,3.0,0.436217
China,156002215,35.0,Urban,Medium,Female,Married,Lower,8.0,10.0,0.629245,Trusted,5.0,7.0,0.318588
China,156002216,20.0,Urban,Low,Male,Single,Higher,8.0,7.0,0.449724,Not trusted,3.0,4.0,0.501516
China,156002217,28.0,Urban,Low,Male,Married,Lower,3.0,5.0,0.535518,Not trusted,1.0,1.0,0.547665
China,156002218,45.0,Urban,Medium,Female,Married,Lower,5.0,5.0,0.338385,Trusted,1.0,4.0,0.381790
China,156002219,53.0,Urban,Medium,Female,Married,Lower,7.0,6.0,0.197268,Trusted,5.0,10.0,0.278813
China,156002220,67.0,Rural,Medium,Female,Married,Lower,6.0,7.0,0.342497,Trusted,4.0,8.0,0.397841
China,156002221,41.0,Rural,Medium,Female,Married,Lower,3.0,6.0,0.470296,Not trusted,1.0,6.0,0.593799
China,156002222,49.0,Rural,Low,Female,Married,Lower,8.0,10.0,0.352075,Not trusted,5.0,8.0,0.321757
China,156002223,57.0,Rural,Medium,Female,Married,Lower,8.0,6.0,0.421319,Not trusted,1.0,7.0,0.507102
China,156002224,50.0,Urban,Low,Female,Married,Higher,8.0,10.0,0.492026,Trusted,2.0,9.0,0.468816
China,156002225,39.0,Rural,Medium,Female,Married,Lower,6.0,7.0,0.442691,Trusted,,6.0,0.368586
China,156002226,60.0,Urban,Medium,Female,Married,Middle,8.0,4.0,0.539868,Not trusted,1.0,10.0,0.419516
China,156002227,63.0,Rural,Low,Male,Married,Lower,8.0,8.0,0.338620,Not trusted,1.0,6.0,0.391925
China,156002228,68.0,Rural,Medium,Female,Married,Lower,8.0,7.0,0.263604,Trusted,3.0,8.0,0.254832
China,156002229,66.0,Rural,Low,Male,Married,Lower,7.0,9.0,0.258057,Trusted,2.0,3.0,0.479748
China,156002230,37.0,Urban,Low,Female,Single,Lower,9.0,5.0,0.347461,Trusted,1.0,6.0,0.286663
China,156002231,67.0,Urban,Medium,Female,Married,Lower,8.0,8.0,0.408693,Not trusted,1.0,9.0,0.572185
China,156002232,62.0,Rural,Low,Female,Married,Lower,7.0,6.0,0.447913,Trusted,6.0,5.0,0.236765
China,156002233,37.0,Urban,Medium,Male,Single,Higher,7.0,,0.585587,Trusted,2.0,5.0,0.483771
China,156002234,54.0,Urban,Low,Female,Married,Lower,10.0,8.0,0.263822,Not trusted,1.0,8.0,0.399387
China,156002235,52.0,Rural,Low,Male,Widowed,Middle,7.0,8.0,0.210693,Trusted,2.0,8.0,0.344387
China,156002236,64.0,Rural,Medium,Female,Married,Lower,4.0,10.0,0.581112,Trusted,1.0,5.0,0.448273
China,156002237,35.0,Urban,Low,Male,Single,Middle,9.0,3.0,0.415929,,5.0,8.0,0.195324
China,156002238,31.0,Urban,Medium,Female,Married,Higher,8.0,9.0,0.752734,Trusted,9.0,9.0,0.613656
China,156002239,46.0,Urban,Medium,Female,Married,Lower,8.0,6.0,0.370943,Trusted,1.0,5.0,0.474647
China,156002240,65.0,Rural,Low,Female,Married,Lower,8.0,6.0,0.133844,Trusted,1.0,10.0,0.165687
China,156002241,35.0,Urban,Medium,Male,Married,Lower,8.0,4.0,0.484707,Trusted,1.0,7.0,0.351238
China,156002242,47.0,Urban,Medium,Female,Single,Middle,8.0,6.0,0.417340,Trusted,1.0,8.0,0.372826
China,156002243,65.0,Urban,Medium,Female,Married,Lower,9.0,5.0,0.359655,Not trusted,4.0,10.0,0.386195
China,156002244,38.0,Urban,Medium,Male,Single,Middle,5.0,5.0,0.360155,Not trusted,9.0,4.0,0.393755
China,156002245,52.0,Urban,Medium,Male,Married,Higher,8.0,8.0,0.463214,Trusted,1.0,9.0,0.454447
China,156002246,24.0,Urban,Low,Female,Married,Middle,4.0,5.0,0.140456,Not trusted,1.0,4.0,0.390325
China,156002247,54.0,Urban,Medium,Female,Married,Lower,10.0,9.0,0.330782,Trusted,5.0,9.0,0.288366
China,156002248,24.0,Urban,Low,Male,Married,Higher,1.0,1.0,0.329807,Trusted,1.0,1.0,0.275693
China,156002249,43.0,Urban,Low,Female,Separated,Lower,10.0,9.0,0.293983,Not trusted,10.0,5.0,0.221125
China,156002250,39.0,Urban,Low,Female,Married,Lower,5.0,4.0,0.483502,Trusted,1.0,1.0,0.543514
China,156002251,35.0,Urban,Low,Female,Married,Lower,6.0,7.0,0.503023,Not trusted,3.0,6.0,0.390065
China,156002252,44.0,Rural,,Male,Married,Lower,5.0,4.0,0.335424,Trusted,2.0,5.0,0.231836
China,156002253,65.0,Rural,Low,Male,Divorced,Lower,6.0,8.0,0.605170,Trusted,1.0,6.0,0.427775
China,156002254,49.0,Rural,Low,Male,Married,Lower,5.0,4.0,0.232517,Trusted,1.0,7.0,0.436769
China,156002255,32.0,Urban,Low,Male,Married,Higher,6.0,6.0,0.467298,Trusted,1.0,8.0,0.474260
China,156002256,55.0,Rural,Low,Male,Married,Lower,6.0,6.0,0.423467,Trusted,1.0,6.0,0.364562
China,156002257,59.0,Urban,Medium,Male,Married,Lower,7.0,9.0,0.366475,Trusted,2.0,6.0,0.363754
China,156002258,20.0,Rural,Medium,Male,Married,Higher,8.0,9.0,0.568334,Trusted,1.0,8.0,0.661545
China,156002259,47.0,Urban,Medium,Male,Married,Lower,6.0,6.0,0.463905,Trusted,1.0,7.0,0.420207
China,156002260,33.0,Urban,High,Male,Married,Higher,5.0,10.0,0.510328,Trusted,5.0,7.0,0.451189
China,156002261,50.0,Urban,Low,Male,Married,Lower,8.0,6.0,0.351183,Not trusted,3.0,6.0,0.323859
China,156002262,37.0,Urban,Low,Female,Married,Middle,6.0,10.0,0.297835,Not trusted,,5.0,0.438474
China,156002263,46.0,Rural,Low,Male,Single,Middle,6.0,4.0,0.422202,Trusted,1.0,5.0,0.486502
China,156002264,67.0,Rural,Low,Female,Married,Middle,10.0,8.0,0.322265,Trusted,1.0,7.0,0.316318
China,156002265,18.0,Rural,Medium,Male,Married,Higher,8.0,10.0,0.520927,Trusted,10.0,8.0,0.788415
China,156002266,45.0,Urban,Low,Female,Married,Lower,10.0,10.0,0.357836,Trusted,1.0,7.0,0.610915
China,156002267,62.0,Urban,Medium,Female,Married,Middle,10.0,10.0,0.225107,Trusted,4.0,10.0,0.359503
China,156002268,35.0,Rural,Medium,Female,Married,Lower,6.0,9.0,0.261595,Not trusted,1.0,6.0,0.631579
China,156002269,50.0,Rural,Medium,Female,Married,Lower,9.0,10.0,0.250367,Trusted,3.0,10.0,0.147080
China,156002270,33.0,Rural,Medium,Female,Married,Middle,9.0,6.0,0.253278,Trusted,1.0,10.0,0.443536
China,156002271,43.0,Urban,Medium,Male,Married,Higher,8.0,7.0,0.434762,Trusted,2.0,6.0,0.353841
China,156002272,29.0,Urban,Medium,Male,Married,Lower,10.0,10.0,0.227496,Trusted,7.0,10.0,0.456568
China,156002273,31.0,Urban,Low,Male,Married,Lower,8.0,8.0,0.372799,Trusted,3.0,5.0,0.211878
China,156002274,61.0,Rural,Medium,Female,Married,Middle,9.0,8.0,0.243127,,2.0,7.0,0.339748
China,156002275,29.0,Urban,High,Female,Married,Higher,7.0,8.0,0.389659,Trusted,5.0,9.0,0.280092
China,156002276,32.0,Urban,Medium,Female,Married,Lower,8.0,3.0,0.336806,Trusted,5.0,5.0,0.307808
China,156002277,69.0,Rural,Medium,Female,Married,Lower,10.0,7.0,0.231591,Trusted,1.0,9.0,0.274320
China,156002278,30.0,Urban,Low,Male,Single,Lower,9.0,5.0,0.260039,Trusted,1.0,9.0,0.407306
China,156002279,57.0,Urban,Low,Female,Married,Middle,7.0,6.0,0.416499,Trusted,1.0,8.0,0.314826
China,156002280,19.0,Urban,Medium,Male,Married,Higher,8.0,6.0,0.294158,Trusted,2.0,6.0,0.308044
China,156002281,20.0,Urban,Low,Female,Married,Lower,7.0,8.0,0.346019,Not trusted,1.0,6.0,0.337282
China,156002282,29.0,Rural,Medium,Female,Single,Higher,9.0,7.0,0.391313,Trusted,3.0,8.0,0.491400
China,156002283,61.0,Urban,Medium,Female,Married,Lower,5.0,7.0,0.380556,Not trusted,2.0,1.0,0.248789
China,156002284,28.0,Urban,High,Female,Married,Higher,9.0,8.0,0.422064,Trusted,1.0,9.0,0.272369
China,156002285,42.0,Urban,Medium,Male,Married,Middle,10.0,5.0,0.254270,Trusted,1.0,8.0,0.582036
China,156002286,30.0,Rural,,Female,Married,Lower,5.0,7.0,0.507792,Not trusted,1.0,5.0,0.364689
China,156002287,50.0,Urban,Low,Female,Married,Lower,6.0,5.0,0.232201,Trusted,5.0,1.0,0.198962
China,156002288,48.0,Urban,,Male,Married,Middle,3.0,7.0,0.465120,Trusted,7.0,5.0,0.560402
China,156002289,31.0,Rural,Medium,Male,Married,Lower,8.0,8.0,0.473547,Trusted,1.0,7.0,0.639104
China,156002290,28.0,Urban,Low,Female,Married,Lower,2.0,6.0,0.323110,Trusted,8.0,,0.328903
China,156002291,51.0,Urban,Medium,Male,Married,Higher,7.0,6.0,0.340375,Trusted,5.0,7.0,0.259639
China,156002292,50.0,Rural,Medium,Female,Married,Higher,6.0,7.0,0.294865,Trusted,9.0,4.0,0.252591
China,156002293,31.0,Urban,Medium,Male,Married,Higher,8.0,8.0,0.355363,Trusted,1.0,7.0,0.130508
China,156002294,50.0,Urban,Medium,Female,Married,Lower,5.0,5.0,0.308215,Not trusted,1.0,6.0,0.512758
China,156002295,35.0,Rural,Medium,Female,Single,Middle,8.0,3.0,0.456816,Trusted,5.0,8.0,0.327372
China,156002296,62.0,Urban,Low,Male,Single,Lower,4.0,8.0,0.271415,Trusted,3.0,7.0,0.360914
China,156002297,28.0,Urban,Medium,Male,Married,Lower,10.0,9.0,0.399436,Trusted,2.0,10.0,0.340070
China,156002298,28.0,Urban,Medium,Male,Married,Lower,10.0,8.0,0.440378,Not trusted,1.0,10.0,0.343147
China,156002299,68.0,Urban,Low,Male,Married,Lower,5.0,5.0,0.481277,Trusted,10.0,3.0,0.433132
China,156002300,50.0,Urban,Medium,Male,Married,Middle,7.0,7.0,0.347969,Not trusted,10.0,8.0,0.789348
China,156002301,19.0,Urban,Medium,Male,Married,Higher,6.0,3.0,0.318124,Trusted,3.0,7.0,0.244697
China,156002302,55.0,Rural,Low,Female,Married,Lower,3.0,6.0,0.302771,Not trusted,1.0,2.0,0.380553
China,156002303,65.0,Rural,Medium,Male,Married,Lower,10.0,8.0,0.280002,Trusted,2.0,7.0,0.249049
China,156002304,50.0,Rural,Medium,Female,Married,Lower,7.0,3.0,0.520836,Not trusted,1.0,5.0,0.701105
China,156002305,69.0,Rural,Low,Female,Married,Lower,8.0,8.0,0.275961,Not trusted,3.0,3.0,0.254272
China,156002306,40.0,Rural,Medium,Male,Married,Lower,8.0,8.0,0.328092,Not trusted,2.0,7.0,0.428585
China,156002307,18.0,Urban,Low,Female,Married,Lower,10.0,7.0,0.548214,Not trusted,1.0,10.0,0.451757
China,156002308,56.0,Urban,Medium,Female,Married,Lower,9.0,8.0,0.255923,Trusted,1.0,7.0,0.447418
China,156002309,67.0,Rural,Medium,Female,Single,Lower,10.0,10.0,0.260458,Trusted,2.0,10.0,0.321978
China,156002310,45.0,Urban,Low,Male,Married,Lower,9.0,6.0,0.567597,Not trusted,1.0,5.0,0.439328
China,156002311,30.0,Rural,High,Male,Married,Higher,10.0,10.0,0.449941,Trusted,1.0,10.0,0.392499
China,156002312,24.0,Rural,Low,Female,Married,Lower,7.0,5.0,0.556082,Not trusted,5.0,7.0,0.312678
China,156002313,39.0,Rural,Low,Female,Married,Lower,3.0,5.0,0.296783,Not trusted,10.0,2.0,0.261605
China,156002314,26.0,Rural,Medium,Female,Married,Higher,10.0,10.0,0.296435,Not trusted,1.0,8.0,0.320420
China,156002315,37.0,Urban,Medium,Male,Married,Middle,10.0,5.0,0.447185,Trusted,2.0,10.0,0.283321
China,156002316,62.0,Urban,Low,Female,Living together as married,Middle,8.0,9.0,0.372133,Not trusted,5.0,8.0,0.383461
China,156002317,48.0,Urban,Medium,Male,Married,Lower,10.0,10.0,0.210968,Not trusted,2.0,10.0,0.365101
China,156002318,54.0,Urban,Medium,Female,Married,Lower,1.0,4.0,0.289721,Trusted,5.0,1.0,0.438372
China,156002319,65.0,Rural,Low,Male,Single,Middle,8.0,6.0,0.607979,Not trusted,1.0,10.0,0.360096
China,156002320,41.0,Urban,Low,Female,Married,Lower,6.0,5.0,0.522936,Trusted,3.0,3.0,0.354437
China,156002321,18.0,Urban,Medium,Male,Married,Higher,5.0,5.0,0.564048,Trusted,1.0,6.0,0.313913
China,156002322,18.0,Urban,Medium,Male,Married,Higher,5.0,7.0,0.631824,Not trusted,2.0,6.0,0.778228
China,156002323,39.0,Rural,Medium,Female,Married,Lower,7.0,8.0,0.377715,Not trusted,1.0,9.0,0.519971
China,156002324,36.0,Rural,Low,Female,Married,Higher,8.0,8.0,0.421912,Trusted,1.0,8.0,0.470231
China,156002325,39.0,Urban,Low,Female,Married,Lower,10.0,10.0,0.592450,Trusted,1.0,10.0,0.441824
China,156002326,35.0,Urban,Medium,Female,Married,Lower,3.0,7.0,0.350190,Trusted,10.0,1.0,0.276802
China,156002327,38.0,Urban,Medium,Female,Married,Lower,8.0,7.0,0.462718,Trusted,1.0,6.0,0.447635
China,156002328,18.0,Urban,Medium,Female,Single,Middle,10.0,9.0,0.375167,Trusted,2.0,8.0,0.378245
China,156002329,30.0,Rural,Medium,Female,Single,Lower,10.0,4.0,0.421805,Trusted,1.0,7.0,0.508819
China,156002330,35.0,Urban,Low,Female,Married,Lower,7.0,7.0,0.457262,Not trusted,2.0,1.0,0.338397
China,156002331,40.0,Urban,Medium,Male,Married,Middle,5.0,4.0,0.373061,Trusted,1.0,6.0,0.635946
China,156002332,44.0,Rural,Medium,Female,Married,Lower,8.0,8.0,0.482155,Not trusted,3.0,10.0,0.277499
China,156002333,18.0,Rural,Medium,Female,Married,Middle,6.0,6.0,0.464772,Not trusted,1.0,7.0,0.321307
China,156002334,23.0,Rural,Medium,Female,Married,Higher,7.0,,0.463855,Trusted,2.0,10.0,0.455479
China,156002335,29.0,Urban,Medium,Male,Married,Lower,7.0,6.0,0.332863,Trusted,5.0,5.0,0.249656
China,156002336,67.0,Urban,Medium,Male,Married,Lower,10.0,10.0,0.290597,Trusted,1.0,8.0,0.360489
China,156002337,61.0,Rural,Medium,Female,Widowed,Middle,9.0,6.0,0.576834,Trusted,4.0,5.0,0.206646
China,156002338,48.0,Rural,Low,Female,Widowed,Lower,5.0,6.0,0.326539,Not trusted,1.0,9.0,0.400404
China,156002339,65.0,Rural,Low,Female,Married,Lower,10.0,8.0,0.308536,Not trusted,1.0,8.0,0.203827
China,156002340,22.0,Urban,Medium,Female,Married,Higher,9.0,6.0,0.265421,Trusted,2.0,5.0,0.323054
China,156002341,38.0,Urban,Medium,Male,Married,Higher,9.0,10.0,0.488187,Trusted,1.0,10.0,0.461420
China,156002342,32.0,Urban,Low,Female,Divorced,Lower,5.0,5.0,0.515099,Not trusted,1.0,1.0,0.402422
China,156002343,25.0,Urban,Medium,Male,Married,Lower,8.0,6.0,0.312728,Not trusted,1.0,6.0,0.541148
China,156002344,43.0,Urban,Low,Male,Married,Middle,9.0,10.0,0.598224,Trusted,1.0,4.0,0.584455
China,156002345,44.0,Urban,Medium,Male,,Higher,7.0,10.0,0.352622,Trusted,1.0,7.0,0.216414
China,156002346,20.0,Rural,Medium,Female,Married,Higher,4.0,5.0,0.444070,Not trusted,5.0,7.0,0.407011
China,156002347,32.0,Rural,Low,Male,Single,Lower,8.0,5.0,0.361437,Not trusted,3.0,7.0,0.264386
China,156002348,47.0,Urban,Medium,Male,Married,Higher,8.0,8.0,0.256882,Trusted,4.0,7.0,0.388203
China,156002349,49.0,Urban,Medium,Female,Married,Middle,8.0,10.0,0.291463,Trusted,1.0,8.0,0.466664
China,156002350,25.0,Rural,Medium,Male,Married,Middle,7.0,5.0,0.291796,Trusted,2.0,8.0,0.416901
China,156002351,35.0,Rural,Medium,Female,Married,Higher,10.0,9.0,0.293066,Trusted,4.0,8.0,0.375739
China,156002352,70.0,Urban,Low,Female,Married,Lower,10.0,8.0,0.377618,Not trusted,5.0,4.0,0.261160
China,156002353,60.0,Rural,Medium,Male,Married,Lower,10.0,8.0,0.281022,Not trusted,1.0,8.0,0.329474
China,156002354,58.0,Urban,Low,Female,Married,Lower,7.0,6.0,0.419219,Not trusted,1.0,1.0,0.409293
China,156002355,56.0,Rural,Medium,Female,Married,Higher,8.0,6.0,0.322183,Trusted,4.0,7.0,0.445570
China,156002356,36.0,Urban,Medium,Male,Single,Middle,8.0,9.0,0.493716,Trusted,1.0,7.0,0.446729
China,156002357,48.0,Rural,Low,Female,Married,Lower,8.0,5.0,0.187684,Trusted,4.0,9.0,0.429929
China,156002358,36.0,Urban,Low,Female,Married,Lower,,3.0,0.274808,Trusted,1.0,8.0,0.219675
China,156002359,59.0,Urban,Low,Female,Married,Lower,7.0,7.0,0.381304,Trusted,1.0,5.0,0.344860
China,156002360,28.0,Urban,Medium,Female,Married,Higher,3.0,6.0,0.372661,Not trusted,1.0,4.0,0.600439
China,156002361,53.0,Urban,Medium,Male,Married,Middle,10.0,10.0,0.277961,Trusted,2.0,7.0,0.245349
China,156002362,26.0,Rural,Medium,Female,Married,Middle,10.0,9.0,0.271489,Trusted,1.0,10.0,0.339338
China,156002363,37.0,Urban,Medium,Female,Married,Lower,7.0,6.0,0.309715,Trusted,1.0,5.0,0.265992
China,156002364,42.0,Urban,Medium,Female,Single,Higher,8.0,10.0,0.589798,Trusted,1.0,5.0,0.666220
China,156002365,40.0,Urban,Medium,Female,Married,Lower,5.0,9.0,0.389075,Trusted,1.0,8.0,0.573053
China,156002366,50.0,Urban,Medium,Female,Married,Higher,8.0,10.0,0.471949,Trusted,8.0,6.0,0.581802
China,156002367,28.0,Urban,Medium,Female,Married,Middle,8.0,8.0,0.390856,Trusted,10.0,6.0,0.426047
China,156002368,51.0,Rural,Low,Male,Married,Lower,8.0,8.0,0.245639,Trusted,1.0,9.0,0.240652
China,156002369,35.0,Rural,Low,Female,Divorced,Middle,10.0,8.0,0.362980,Not trusted,1.0,8.0,0.416954
China,156002370,50.0,Urban,Low,Female,Married,Lower,5.0,7.0,0.398110,Not trusted,1.0,4.0,0.438445
China,156002371,64.0,Rural,Low,Female,Married,Lower,7.0,2.0,0.636033,Not trusted,1.0,2.0,0.363884
China,156002372,48.0,Rural,Medium,Female,Widowed,Middle,9.0,3.0,0.432566,Trusted,1.0,8.0,0.482085
China,156002373,31.0,Urban,Medium,Female,Married,Higher,7.0,9.0,0.271561,Trusted,2.0,5.0,0.501305
China,156002374,45.0,Urban,Medium,Male,Married,Lower,6.0,6.0,0.343563,Trusted,3.0,5.0,0.062874
China,156002375,55.0,Rural,Low,Male,Single,,8.0,6.0,0.189781,Not trusted,1.0,9.0,0.362363
China,156002376,56.0,Urban,Low,Female,Married,Lower,9.0,6.0,0.376686,Not trusted,7.0,9.0,0.227890
China,156002377,28.0,Urban,Medium,Female,Married,Lower,7.0,5.0,0.307154,Not trusted,1.0,6.0,0.353442
China,156002378,34.0,Urban,Low,Female,Single,Lower,6.0,6.0,0.370560,Trusted,1.0,5.0,0.293132
China,156002379,29.0,Rural,Low,Female,Married,Lower,9.0,5.0,0.304810,Trusted,1.0,5.0,0.698306
China,156002380,34.0,Urban,Medium,Female,Married,Lower,8.0,8.0,0.491089,,5.0,8.0,0.397666
China,156002381,39.0,Rural,Low,Female,Married,Lower,4.0,4.0,0.412836,Trusted,3.0,1.0,0.359421
China,156002382,44.0,Rural,Low,Female,Married,Lower,7.0,7.0,0.406528,Trusted,1.0,6.0,0.432492
China,156002383,69.0,Urban,Medium,Male,Married,Lower,10.0,8.0,0.408831,Trusted,10.0,10.0,0.352360
China,156002384,35.0,Urban,Medium,Male,Married,Higher,9.0,10.0,0.467549,Trusted,6.0,10.0,0.594286
China,156002385,46.0,Urban,Medium,Female,Married,Lower,9.0,10.0,0.341680,Not trusted,7.0,7.0,0.244668
China,156002386,29.0,Rural,Medium,Female,Married,Higher,5.0,7.0,0.468930,Trusted,5.0,7.0,0.461894
China,156002387,70.0,Urban,Medium,Female,Widowed,Lower,10.0,10.0,0.036439,Trusted,1.0,10.0,0.366329
China,156002388,46.0,Urban,Low,Male,Married,Lower,8.0,6.0,0.345889,Not trusted,1.0,5.0,0.317819
China,156002389,32.0,Urban,,Male,Married,Lower,2.0,5.0,0.409211,Not trusted,1.0,1.0,0.378504
China,156002390,32.0,Urban,Medium,Female,Married,Middle,10.0,6.0,0.553467,Trusted,5.0,10.0,0.414630
China,156002391,31.0,Urban,Low,Female,Married,Higher,7.0,8.0,0.417393,Trusted,1.0,5.0,0.462245
China,156002392,49.0,Urban,Medium,Male,Married,Lower,4.0,8.0,0.158990,Trusted,1.0,8.0,0.641341
China,156002393,60.0,Rural,Low,Female,Married,Lower,9.0,6.0,0.361873,Trusted,1.0,7.0,0.442651
China,156002394,56.0,Urban,Medium,Male,Married,Higher,5.0,5.0,0.495057,Trusted,1.0,1.0,0.310928
China,156002395,66.0,Rural,Low,Female,Married,Lower,10.0,10.0,0.238377,Trusted,5.0,8.0,0.216681
China,156002396,66.0,Urban,Medium,Male,Married,Middle,7.0,8.0,0.311023,Not trusted,3.0,8.0,0.351344
China,156002397,68.0,Rural,Low,Female,Married,Lower,10.0,9.0,0.230704,Trusted,1.0,10.0,0.170555
China,156002398,28.0,Urban,Low,Male,Married,Lower,8.0,9.0,0.281716,Not trusted,,7.0,0.402231
China,156002399,37.0,Urban,Medium,Female,Married,Higher,10.0,7.0,0.330813,Trusted,1.0,10.0,0.438956
China,156002400,29.0,Urban,Medium,Female,Married,Higher,7.0,3.0,0.357078,Trusted,2.0,8.0,0.712857
China,156002401,18.0,Urban,Low,Male,Widowed,Higher,6.0,6.0,0.294046,Trusted,1.0,6.0,0.190932
China,156002402,61.0,Urban,Medium,Male,Married,Lower,10.0,8.0,0.294891,Trusted,1.0,9.0,0.347039
China,156002403,42.0,Rural,Medium,Male,Married,Lower,10.0,8.0,0.465341,Trusted,1.0,5.0,0.432817
China,156002404,43.0,Urban,Medium,Female,Married,Lower,6.0,7.0,0.482679,Trusted,1.0,7.0,0.458217
China,156002405,28.0,Rural,Medium,Male,Married,Higher,10.0,10.0,0.447568,Trusted,4.0,8.0,0.239132
China,156002406,63.0,Urban,Medium,Female,Married,Lower,8.0,7.0,0.466250,Trusted,1.0,6.0,0.376482
China,156002407,45.0,Urban,Medium,Female,Married,Lower,4.0,5.0,0.408318,Trusted,1.0,1.0,0.482121
China,156002408,70.0,Urban,Medium,Female,Married,Lower,8.0,10.0,0.327822,Trusted,10.0,6.0,0.433769
China,156002409,28.0,Rural,Medium,Female,Married,Lower,10.0,8.0,0.306196,Trusted,2.0,7.0,0.327857
China,156002410,45.0,Urban,Medium,Male,Married,Higher,6.0,8.0,0.455522,Trusted,5.0,10.0,0.386839
China,156002411,67.0,Rural,Medium,Female,Married,Lower,10.0,6.0,0.324826,Trusted,1.0,7.0,0.396754
China,156002412,29.0,Urban,Medium,Male,Married,Lower,8.0,6.0,0.444227,Trusted,2.0,8.0,0.502643
China,156002413,45.0,Urban,Medium,Female,Married,Lower,6.0,7.0,0.368970,Trusted,3.0,5.0,0.666673
China,156002414,30.0,Urban,Medium,Male,Married,Higher,8.0,6.0,0.375380,Trusted,1.0,6.0,0.449211
China,156002415,64.0,Urban,Low,Male,Married,Lower,8.0,7.0,0.269089,Trusted,3.0,7.0,0.289054
China,156002416,26.0,Rural,Low,Male,Married,Lower,8.0,5.0,0.483770,Not trusted,1.0,7.0,0.354817
China,156002417,69.0,Rural,Low,Female,Married,Lower,6.0,5.0,0.321191,Not trusted,1.0,3.0,0.548866
China,156002418,44.0,Urban,Medium,Female,Single,Middle,6.0,5.0,0.298847,Not trusted,1.0,2.0,0.266994
China,156002419,48.0,Urban,Medium,Male,Married,Lower,10.0,7.0,0.337305,Trusted,1.0,6.0,0.118779
China,156002420,38.0,Rural,Medium,Male,Married,Higher,10.0,10.0,0.480563,Not trusted,1.0,6.0,0.435450
China,156002421,62.0,Urban,Medium,Female,,Middle,8.0,8.0,0.438883,Trusted,1.0,5.0,0.312377
China,156002422,19.0,Urban,Medium,Female,Married,Middle,8.0,7.0,0.336531,Not trusted,1.0,7.0,0.531681
China,156002423,53.0,Rural,Medium,Male,Married,Higher,8.0,5.0,0.435362,Trusted,2.0,6.0,0.391696
China,156002424,46.0,Rural,Medium,Female,Married,Lower,10.0,10.0,0.580835,Trusted,1.0,9.0,0.525768
China,156002425,54.0,Urban,Medium,Female,Married,Lower,10.0,7.0,0.469721,Not trusted,2.0,8.0,0.283925
China,156002426,53.0,Rural,Low,Female,Married,Lower,8.0,5.0,0.160654,Trusted,1.0,6.0,0.303136
China,156002427,34.0,Rural,Medium,Female,Married,Middle,8.0,8.0,0.448785,Trusted,1.0,7.0,0.341158
China,156002428,24.0,Rural,Medium,Male,Married,Lower,8.0,8.0,0.464422,Trusted,1.0,8.0,0.386531
China,156002429,25.0,Rural,Medium,Male,Married,Lower,6.0,7.0,0.492757,Not trusted,1.0,7.0,0.426404
China,156002430,25.0,Urban,Medium,Female,Single,Higher,8.0,7.0,0.450632,Trusted,7.0,8.0,0.505545
China,156002431,66.0,Urban,Medium,Male,Married,Higher,8.0,10.0,0.323020,Trusted,4.0,8.0,0.475521
China,156002432,68.0,Rural,Medium,Male,Married,Middle,6.0,7.0,0.341091,Trusted,8.0,5.0,0.416740
China,156002433,68.0,Urban,Medium,Female,Married,Lower,8.0,8.0,0.339348,Trusted,1.0,5.0,0.430570
China,156002434,46.0,Urban,Medium,Male,Married,Higher,10.0,10.0,0.383004,Trusted,6.0,10.0,0.231710
China,156002435,45.0,Rural,Medium,Male,Single,Higher,8.0,9.0,0.416978,Trusted,8.0,7.0,0.579663
China,156002436,38.0,Urban,Medium,Male,Married,,8.0,7.0,0.434229,Trusted,4.0,10.0,0.348301
China,156002437,64.0,Urban,Low,Female,Married,Lower,8.0,5.0,0.474644,Not trusted,1.0,3.0,0.384766
China,156002438,31.0,Urban,Medium,Male,Married,Middle,7.0,,0.452787,Trusted,5.0,7.0,0.343656
China,156002439,50.0,Rural,Medium,Female,Living together as married,Higher,9.0,6.0,0.254809,Trusted,5.0,7.0,0.500078
China,156002440,45.0,Urban,Medium,Female,Married,Lower,10.0,10.0,0.277595,Not trusted,1.0,9.0,0.289403
China,156002441,40.0,Rural,Medium,Female,Married,Middle,10.0,8.0,0.375230,Not trusted,2.0,5.0,0.301724
China,156002442,43.0,Urban,Low,Female,Married,Lower,10.0,10.0,0.376499,Trusted,1.0,10.0,0.309497
China,156002443,64.0,Urban,Medium,Female,Married,Lower,8.0,8.0,0.402960,Trusted,2.0,7.0,0.493139
China,156002444,44.0,Urban,Medium,Female,Married,Lower,8.0,7.0,0.458599,Trusted,1.0,10.0,0.496969
China,156002445,49.0,Urban,Low,Female,Married,Lower,3.0,1.0,0.402075,Trusted,1.0,6.0,0.356532
China,156002446,30.0,Urban,Low,Female,Married,Lower,7.0,8.0,0.425722,Not trusted,6.0,3.0,0.164064
China,156002447,19.0,Urban,Low,Female,Married,Higher,7.0,4.0,0.530751,Trusted,10.0,8.0,0.472030
China,156002448,18.0,Rural,Low,Female,Married,Lower,9.0,7.0,0.653086,Not trusted,3.0,5.0,0.668238
China,156002449,59.0,Rural,Low,Female,Married,Lower,8.0,8.0,0.348421,Trusted,1.0,3.0,0.418718
China,156002450,48.0,Urban,Medium,Female,Married,Middle,10.0,10.0,0.326376,Trusted,1.0,8.0,0.413443
China,156002451,69.0,Urban,Low,Male,Married,Lower,2.0,5.0,0.392556,Trusted,3.0,1.0,0.355311
China,156002452,48.0,Urban,Medium,Female,Married,Lower,3.0,6.0,0.266984,Trusted,1.0,3.0,0.477186
China,156002453,31.0,Urban,Medium,Male,Single,Middle,1.0,8.0,0.451897,Not trusted,1.0,1.0,0.369855
China,156002454,39.0,Urban,Medium,Female,Married,Lower,8.0,7.0,0.128931,Trusted,3.0,8.0,0.378821
China,156002455,66.0,Rural,High,Female,Married,Higher,9.0,10.0,0.428473,Trusted,1.0,7.0,0.422934
China,156002456,55.0,Urban,Medium,Female,Married,Lower,9.0,7.0,0.355675,Trusted,3.0,9.0,0.424642
China,156002457,35.0,Urban,Low,Female,Widowed,Lower,8.0,10.0,0.618940,Trusted,1.0,7.0,0.660324
China,156002458,56.0,Urban,Medium,Female,Married,Middle,10.0,5.0,0.416542,Trusted,3.0,9.0,0.318153
China,156002459,18.0,Urban,Medium,Male,Married,Middle,10.0,10.0,0.763916,Not trusted,1.0,9.0,0.617730
China,156002460,37.0,Rural,Medium,Male,Married,Lower,9.0,6.0,0.503690,Trusted,3.0,6.0,0.316413
China,156002461,39.0,Rural,Medium,Female,Married,Lower,6.0,10.0,0.467455,Trusted,4.0,2.0,0.382110
China,156002462,51.0,Urban,Low,Male,Married,Lower,9.0,8.0,0.171946,Not trusted,1.0,6.0,0.429636
China,156002463,64.0,Urban,,Male,Widowed,Lower,8.0,8.0,0.417546,Not trusted,1.0,6.0,0.378125
China,156002464,29.0,Urban,Medium,Female,Widowed,Middle,8.0,8.0,0.552776,,4.0,7.0,0.194529
China,156002465,25.0,Rural,Medium,Male,Single,Higher,8.0,7.0,0.499637,Trusted,1.0,9.0,0.563735
China,156002466,58.0,Urban,Medium,Female,Married,Lower,6.0,6.0,0.232951,Trusted,1.0,8.0,0.325995
China,156002467,45.0,Rural,Medium,Female,Single,Higher,9.0,8.0,0.494036,Trusted,9.0,6.0,0.240441
China,156002468,68.0,Urban,Medium,Female,Married,Lower,7.0,9.0,0.174757,Trusted,9.0,7.0,0.303613
China,156002469,67.0,Urban,Medium,Female,Married,Lower,6.0,5.0,0.287533,Trusted,1.0,1.0,0.352252
China,156002470,50.0,Rural,Medium,Male,Married,Middle,7.0,7.0,0.354788,Trusted,1.0,8.0,0.330621
China,156002471,66.0,Rural,Medium,Male,Married,Lower,8.0,8.0,0.210580,Trusted,2.0,8.0,0.472486
China,156002472,35.0,Urban,Medium,Female,Married,Middle,8.0,6.0,0.337017,Trusted,1.0,6.0,0.566355
China,156002473,66.0,Urban,Medium,Male,Married,Lower,6.0,4.0,0.322004,Not trusted,1.0,7.0,0.281594
China,156002474,58.0,Rural,Low,Male,Married,Middle,10.0,10.0,0.323433,Trusted,2.0,10.0,0.569447
China,156002475,51.0,Urban,Medium,Male,Married,Lower,8.0,7.0,0.406478,Not trusted,1.0,8.0,0.479891
China,156002476,31.0,Urban,Low,Female,Married,Lower,6.0,6.0,0.588959,Not trusted,1.0,6.0,0.469946
China,156002477,32.0,Urban,Medium,Female,Married,Higher,8.0,10.0,0.508811,Trusted,1.0,6.0,0.392862
China,156002478,25.0,Urban,Low,Male,Married,Lower,9.0,10.0,0.383940,Not trusted,1.0,8.0,0.632508
China,156002479,39.0,Urban,Medium,Female,Married,Lower,7.0,7.0,0.223837,Trusted,6.0,6.0,0.379492
China,156002480,28.0,Rural,Low,Female,Single,Lower,10.0,8.0,0.253595,Not trusted,1.0,8.0,0.419838
China,156002481,61.0,Rural,Low,Female,Married,Higher,9.0,10.0,0.255514,Trusted,1.0,8.0,0.542648
China,156002482,22.0,Rural,Low,Male,Married,Lower,7.0,8.0,0.501135,Trusted,1.0,7.0,0.326142
China,156002483,26.0,Urban,Low,Female,Single,Lower,8.0,8.0,0.326616,Trusted,1.0,7.0,0.412751
China,156002484,56.0,Rural,Medium,Male,Divorced,Lower,1.0,6.0,0.280358,Not trusted,1.0,5.0,0.455706
China,156002485,50.0,Urban,Medium,Male,Married,Middle,9.0,8.0,0.245660,Trusted,10.0,7.0,0.314190
China,156002486,33.0,Urban,Low,Male,Married,Middle,5.0,5.0,0.281886,Trusted,6.0,6.0,0.473170
China,156002487,44.0,Urban,Medium,Female,Married,Lower,6.0,7.0,0.319967,Not trusted,1.0,4.0,0.371991
China,156002488,65.0,Rural,Medium,Male,Married,Lower,10.0,10.0,0.346983,Trusted,6.0,8.0,0.296984
China,156002489,34.0,Urban,Medium,Male,Married,Higher,7.0,6.0,0.345267,Trusted,1.0,9.0,0.483301
China,156002490,42.0,Rural,,Male,Married,Lower,4.0,3.0,0.462001,Not trusted,5.0,1.0,0.281350
China,156002491,65.0,Urban,Medium,Female,Living together as married,Lower,10.0,9.0,0.313369,Trusted,1.0,10.0,0.388529
China,156002492,26.0,Urban,Medium,Male,Married,Lower,10.0,10.0,0.437443,Trusted,2.0,9.0,0.720838
China,156002493,37.0,Urban,Medium,Female,Married,Lower,10.0,10.0,0.413854,Trusted,6.0,10.0,0.444540
China,156002494,59.0,Urban,Medium,Female,Divorced,Lower,7.0,7.0,0.383002,Trusted,1.0,8.0,0.397899
China,156002495,51.0,Rural,Medium,Male,Married,Lower,7.0,5.0,0.403390,Trusted,2.0,8.0,0.501869
China,156002496,52.0,Urban,Low,Male,Married,Higher,7.0,8.0,0.259211,Trusted,1.0,8.0,0.651921
China,156002497,28.0,Urban,High,Female,Married,Lower,10.0,7.0,0.370673,Trusted,1.0,8.0,0.405583
China,156002498,58.0,Rural,Medium,Male,Married,Higher,5.0,4.0,0.483662,Trusted,3.0,1.0,0.372732
China,156002499,59.0,Urban,Low,Female,Married,Lower,8.0,10.0,0.352728,Trusted,2.0,3.0,0.294635
China,156002500,66.0,Urban,Low,Male,Married,Lower,8.0,7.0,0.172497,Trusted,6.0,8.0,0.380443
China,156002501,52.0,Urban,Low,Male,Married,Lower,5.0,8.0,0.531345,,1.0,5.0,0.611012
China,156002502,37.0,Urban,Medium,Female,Married,Lower,6.0,6.0,0.463056,Trusted,4.0,2.0,0.397409
China,156002503,29.0,Rural,Medium,Female,Single,Middle,6.0,6.0,0.367645,Not trusted,8.0,7.0,0.283482
China,156002504,47.0,Rural,Medium,Male,Married,Middle,7.0,4.0,0.241494,Trusted,1.0,6.0,0.272917
China,156002505,54.0,Rural,Medium,Male,Married,Middle,7.0,8.0,0.443118,Trusted,1.0,6.0,0.195386
China,156002506,52.0,Urban,Medium,Female,Married,Lower,7.0,8.0,0.425527,Not trusted,2.0,6.0,0.606096
China,156002507,22.0,Urban,Medium,Female,Single,Higher,6.0,10.0,0.569706,Trusted,5.0,1.0,0.664808
China,156002508,43.0,Urban,Low,Male,Married,Lower,10.0,10.0,0.502883,,1.0,7.0,0.626751
China,156002509,40.0,Urban,Low,Female,Married,Lower,6.0,8.0,0.240814,Trusted,1.0,8.0,0.366711
China,156002510,65.0,Rural,Medium,Male,Divorced,Lower,8.0,8.0,0.250123,Not trusted,1.0,5.0,0.239616
China,156002511,18.0,Urban,Medium,Male,Single,Higher,2.0,5.0,0.583521,Trusted,1.0,4.0,0.527447
China,156002512,53.0,Rural,Medium,Female,Widowed,Lower,10.0,10.0,0.259701,Trusted,1.0,10.0,0.336541
China,156002513,66.0,Rural,Medium,Female,Married,Lower,5.0,5.0,0.110620,Trusted,3.0,3.0,0.403002
China,156002514,68.0,Urban,Low,Female,Married,Lower,10.0,10.0,0.157289,Not trusted,1.0,10.0,0.785159
China,156002515,26.0,Urban,Medium,Male,Married,Lower,9.0,7.0,0.429804,Not trusted,1.0,10.0,0.617834
China,156002516,36.0,Rural,Low,Female,Married,Higher,5.0,10.0,0.590945,Trusted,1.0,1.0,0.211127
China,156002517,31.0,Urban,Low,Female,Married,Lower,7.0,7.0,0.454330,Not trusted,1.0,6.0,0.356125
China,156002518,49.0,Rural,Medium,Female,Married,Higher,10.0,7.0,0.307999,Not trusted,1.0,10.0,0.400847
China,156002519,43.0,Urban,Medium,Male,Married,Middle,10.0,10.0,0.321318,Trusted,3.0,10.0,0.462845
China,156002520,51.0,Rural,High,Male,Married,Higher,10.0,6.0,0.374688,Trusted,2.0,10.0,0.388035
China,156002521,55.0,Urban,Low,Male,Married,Lower,9.0,6.0,0.231129,Not trusted,1.0,8.0,0.334482
China,156002522,28.0,Rural,Low,Male,Single,Middle,6.0,5.0,0.358205,Trusted,2.0,1.0,0.487536
China,156002523,27.0,Rural,Medium,Female,Married,Lower,8.0,8.0,0.617176,Trusted,1.0,5.0,0.327755
China,156002524,47.0,Urban,Medium,Male,Married,Lower,6.0,8.0,0.488058,Trusted,1.0,8.0,0.501970
China,156002525,61.0,Urban,Medium,Female,Married,Higher,8.0,9.0,0.567001,Trusted,1.0,8.0,0.447745
China,156002526,38.0,Urban,Medium,Male,Divorced,Middle,6.0,7.0,0.603666,Not trusted,3.0,5.0,0.626163
China,156002527,21.0,Urban,Medium,Male,Married,Higher,8.0,9.0,0.668168,Trusted,5.0,8.0,0.556503
China,156002528,43.0,Urban,Low,Female,Married,Lower,6.0,3.0,0.283025,Not trusted,1.0,3.0,0.337685
China,156002529,34.0,Urban,Low,Male,Married,Lower,7.0,4.0,0.677336,Trusted,1.0,3.0,0.373103
China,156002530,29.0,Rural,Medium,Female,Married,Higher,7.0,10.0,0.388619,Trusted,8.0,8.0,0.367578
China,156002531,24.0,Urban,Low,Female,Married,Higher,8.0,9.0,0.361996,Trusted,1.0,8.0,0.272677
China,156002532,32.0,Urban,Medium,Female,Married,Lower,3.0,8.0,0.404820,Trusted,1.0,7.0,0.421732
China,156002533,52.0,Rural,Low,Female,Married,Higher,8.0,9.0,0.579894,Not trusted,3.0,7.0,0.426703
China,156002534,68.0,Rural,Low,Male,Married,Lower,7.0,7.0,0.300899,Trusted,1.0,5.0,0.428679
China,156002535,48.0,Rural,Low,Male,Married,Lower,7.0,5.0,0.345434,Not trusted,1.0,6.0,0.396028
China,156002536,29.0,Urban,Medium,Female,Married,Middle,9.0,10.0,0.456643,Trusted,3.0,9.0,0.497685
China,156002537,67.0,Urban,Low,Female,Married,Lower,10.0,6.0,0.501497,Trusted,1.0,7.0,0.416836
China,156002538,68.0,Urban,Low,Male,Married,Lower,8.0,2.0,0.438280,Trusted,1.0,8.0,0.193370
China,156002539,50.0,Rural,Medium,Female,Married,Higher,10.0,8.0,0.330808,Trusted,1.0,10.0,0.400953
China,156002540,63.0,Rural,Medium,Female,Married,Lower,10.0,10.0,0.138192,Trusted,8.0,9.0,0.223611
China,156002541,66.0,Rural,Medium,Female,Married,Lower,10.0,8.0,0.472854,Not trusted,1.0,8.0,0.201045
China,156002542,67.0,Rural,Medium,Female,Married,Lower,10.0,7.0,0.243241,Not trusted,1.0,10.0,0.442183
China,156002543,42.0,Urban,Medium,Male,Married,Lower,9.0,8.0,0.510031,Not trusted,1.0,1.0,0.224763
China,156002544,19.0,Urban,Low,Female,Married,Lower,3.0,3.0,0.489211,Not trusted,6.0,4.0,0.333835
China,156002545,50.0,Urban,Medium,Female,Married,Lower,10.0,5.0,0.247553,Trusted,1.0,5.0,0.487364
China,156002546,63.0,Rural,Medium,Female,Married,Lower,8.0,8.0,0.271956,Trusted,1.0,6.0,0.400006
China,156002547,18.0,Rural,Medium,Male,Married,Higher,7.0,1.0,0.390966,Trusted,1.0,6.0,0.248308
China,156002548,36.0,Urban,Low,Male,Married,Lower,8.0,7.0,0.367034,Not trusted,1.0,8.0,0.247795
China,156002549,44.0,Rural,Medium,Female,Single,Higher,8.0,10.0,0.550431,Trusted,4.0,8.0,0.277749
China,156002550,26.0,Urban,High,Male,Married,Higher,9.0,6.0,0.483207,Not trusted,10.0,7.0,0.756967
China,156002551,44.0,Urban,Medium,Female,Married,Lower,7.0,4.0,0.386620,Trusted,1.0,5.0,0.474485
China,156002552,42.0,Urban,Medium,Female,Single,Lower,6.0,5.0,0.324218,Not trusted,1.0,8.0,0.457157
China,156002553,51.0,Urban,Low,Male,Married,Lower,6.0,7.0,0.479280,Trusted,1.0,5.0,0.666655
China,156002554,34.0,Urban,Medium,Female,Married,Lower,5.0,6.0,0.285338,Not trusted,1.0,5.0,0.459046
China,156002555,54.0,Urban,Medium,Male,Married,Higher,7.0,10.0,0.320803,Trusted,4.0,7.0,0.332669
China,156002556,45.0,Rural,Medium,Female,Divorced,Lower,10.0,8.0,0.243673,Trusted,1.0,10.0,0.343995
China,156002557,51.0,Urban,Low,Male,Married,Lower,8.0,8.0,0.314698,Trusted,1.0,8.0,0.382783
China,156002558,40.0,Rural,Medium,Male,Married,Middle,10.0,9.0,0.536403,Trusted,7.0,9.0,0.548038
China,156002559,49.0,Urban,Low,Female,Single,Middle,9.0,8.0,0.325834,Trusted,6.0,8.0,0.369880
China,156002560,48.0,Urban,Low,Female,Married,Lower,,4.0,0.471864,Not trusted,4.0,8.0,0.492052
China,156002561,28.0,Rural,Low,Female,Married,Lower,10.0,7.0,0.413267,Not trusted,2.0,7.0,0.501144
China,156002562,27.0,Rural,Low,Female,Married,Lower,9.0,8.0,0.563844,Not trusted,1.0,5.0,0.293679
China,156002563,65.0,Urban,Medium,Male,Married,Middle,7.0,7.0,0.352071,Trusted,1.0,5.0,0.407452
China,156002564,65.0,Urban,Medium,Male,Married,Lower,8.0,8.0,0.498278,,10.0,8.0,0.352425
China,156002565,65.0,Urban,Low,Female,Married,Lower,8.0,5.0,0.211686,Trusted,1.0,3.0,0.376903
China,156002566,55.0,Urban,Low,Female,Single,Lower,8.0,8.0,0.309204,Trusted,2.0,3.0,0.350076
China,156002567,51.0,Rural,Medium,Male,Married,Higher,8.0,7.0,0.400037,Trusted,4.0,7.0,0.340329
China,156002568,56.0,Rural,Low,Male,Married,Lower,8.0,8.0,0.414663,Trusted,1.0,8.0,0.667571
China,156002569,30.0,Urban,Medium,Male,Married,Middle,8.0,9.0,0.364029,Trusted,2.0,8.0,0.239884
China,156002570,50.0,Urban,Medium,Male,Single,Lower,8.0,8.0,0.306715,Trusted,1.0,3.0,0.313413
China,156002571,61.0,Urban,Medium,Female,Single,Lower,9.0,5.0,0.263348,Trusted,2.0,8.0,0.311402
China,156002572,61.0,Urban,Medium,Female,Married,Middle,5.0,6.0,0.566067,Not trusted,1.0,7.0,0.404171
China,156002573,18.0,Urban,Medium,Male,Married,Higher,8.0,10.0,0.388919,Trusted,1.0,6.0,0.369697
China,156002574,56.0,Rural,Medium,Male,Married,Higher,6.0,6.0,0.261999,Not trusted,5.0,3.0,0.460648
China,156002575,51.0,Rural,Low,Male,Married,Lower,9.0,7.0,0.400084,Not trusted,1.0,10.0,0.280666
China,156002576,29.0,Rural,Low,Female,Single,Middle,10.0,7.0,0.320782,Trusted,1.0,9.0,0.245450
China,156002577,27.0,Rural,Medium,Male,Married,Lower,10.0,8.0,0.453592,Not trusted,3.0,10.0,0.489791
China,156002578,67.0,Urban,Low,Female,Married,Lower,3.0,5.0,0.263429,Not trusted,1.0,6.0,0.492038
China,156002579,55.0,Urban,Low,Male,Married,Lower,10.0,8.0,0.234841,Not trusted,1.0,7.0,0.366031
China,156002580,45.0,Rural,Medium,Male,Married,Lower,8.0,8.0,0.447049,Not trusted,3.0,7.0,0.388843
China,156002581,49.0,Urban,Low,Male,Married,Lower,8.0,7.0,0.558203,Not trusted,1.0,7.0,0.332600
China,156002582,44.0,Urban,Low,Female,Married,Lower,1.0,6.0,0.365325,Trusted,5.0,1.0,0.335961
China,156002583,27.0,Urban,High,Female,Married,Higher,5.0,8.0,0.445088,Trusted,8.0,4.0,0.548453
China,156002584,50.0,Rural,Medium,Female,Widowed,Lower,8.0,7.0,0.600679,Trusted,2.0,7.0,0.681313
China,156002585,36.0,Urban,Medium,Female,Single,Middle,9.0,9.0,0.512306,Trusted,4.0,10.0,0.369157
China,156002586,43.0,Urban,Medium,Male,Married,Lower,8.0,8.0,0.394983,Not trusted,1.0,7.0,0.599391
China,156002587,62.0,Rural,Medium,Male,Married,Middle,9.0,6.0,0.398753,Trusted,1.0,7.0,0.612140
China,156002588,58.0,Urban,Low,Female,Married,Lower,6.0,5.0,0.399849,Trusted,3.0,3.0,0.571317
China,156002589,31.0,Urban,High,Female,Married,Higher,8.0,5.0,0.590462,Trusted,2.0,7.0,0.601394
China,156002590,45.0,Urban,Medium,Female,Single,Middle,9.0,7.0,0.546181,Trusted,3.0,6.0,0.444676
China,156002591,60.0,Rural,Low,Male,Married,Lower,2.0,7.0,0.466052,Not trusted,4.0,1.0,0.569300
China,156002592,52.0,Rural,Low,Female,Married,Lower,10.0,10.0,0.232758,Not trusted,1.0,7.0,0.339387
China,156002593,62.0,Urban,Low,Female,Married,Lower,7.0,8.0,0.276203,Not trusted,1.0,7.0,0.353262
China,156002594,67.0,Rural,Low,Male,Married,Lower,1.0,5.0,0.213001,Trusted,2.0,1.0,0.393496
China,156002595,25.0,Urban,Low,Female,Married,Middle,5.0,5.0,0.370569,Not trusted,1.0,5.0,0.434234
China,156002596,69.0,Urban,Low,Female,Married,Lower,7.0,8.0,0.262583,Not trusted,7.0,8.0,0.420378
China,156002597,39.0,Urban,Medium,Male,Married,Higher,10.0,10.0,0.369619,Not trusted,4.0,10.0,0.442001
China,156002598,53.0,Urban,High,Male,Single,Higher,10.0,9.0,0.328161,Trusted,1.0,9.0,0.434101
China,156002599,23.0,Urban,Low,Male,Married,Middle,7.0,8.0,0.436633,Trusted,1.0,9.0,0.442775
China,156002600,27.0,Rural,Medium,Male,Living together as married,Higher,8.0,10.0,0.583441,Trusted,1.0,10.0,0.380976
China,156002601,60.0,Urban,Medium,Male,Single,Lower,8.0,9.0,0.549393,Trusted,1.0,8.0,0.496172
China,156002602,26.0,Rural,Medium,Male,Single,Middle,6.0,5.0,0.234943,Trusted,1.0,5.0,0.213010
China,156002603,56.0,Urban,Medium,Female,Married,Higher,7.0,7.0,0.344035,Trusted,3.0,7.0,0.375637
China,156002604,30.0,Urban,Medium,Female,Single,,10.0,10.0,0.468952,Trusted,2.0,8.0,0.321730
China,156002605,66.0,Urban,Low,Male,Single,Lower,7.0,3.0,0.247188,,1.0,6.0,0.254246
China,156002606,28.0,Urban,Low,Female,Married,Lower,7.0,7.0,0.350406,Not trusted,1.0,5.0,0.648149
China,156002607,48.0,Urban,Medium,Female,Married,Lower,7.0,6.0,0.472820,Trusted,6.0,5.0,0.649672
China,156002608,62.0,Rural,Medium,Male,Married,Lower,10.0,8.0,0.358261,Trusted,1.0,9.0,0.311118
China,156002609,18.0,Rural,Medium,Male,Single,Middle,7.0,5.0,0.438882,Trusted,1.0,7.0,0.403165
China,156002610,50.0,Urban,Medium,Female,Married,Higher,10.0,10.0,0.624857,Trusted,6.0,7.0,0.460775
China,156002611,47.0,Rural,Low,Male,Married,Higher,7.0,5.0,0.697284,Trusted,1.0,6.0,0.485444
China,156002612,40.0,Rural,Medium,Male,Single,Lower,6.0,10.0,0.437812,,3.0,5.0,0.275325
China,156002613,39.0,Urban,Low,Male,Married,Lower,8.0,6.0,0.399525,Trusted,1.0,4.0,0.309637
China,156002614,64.0,Rural,Low,Male,Married,Lower,8.0,7.0,0.371393,Not trusted,1.0,3.0,0.401220
China,156002615,49.0,Urban,Medium,Female,Married,Higher,6.0,6.0,0.470013,Trusted,1.0,6.0,0.294332
China,156002616,27.0,Urban,Medium,Male,Married,Higher,7.0,10.0,0.502653,Trusted,1.0,6.0,0.487450
China,156002617,64.0,Urban,Medium,Female,Married,Lower,8.0,10.0,0.222872,Trusted,2.0,8.0,0.638599
China,156002618,46.0,Rural,Medium,Male,Married,Higher,10.0,10.0,0.153666,Trusted,1.0,9.0,0.298778
China,156002619,24.0,Rural,Medium,Male,Married,Higher,6.0,7.0,0.501476,Not trusted,1.0,5.0,0.403979
China,156002620,39.0,Urban,Low,Male,Married,Higher,8.0,6.0,0.370567,Trusted,1.0,1.0,0.318962
China,156002621,65.0,Rural,High,Female,Widowed,Higher,10.0,8.0,0.431272,Trusted,5.0,10.0,0.476514
China,156002622,42.0,Urban,Medium,Male,Married,Middle,5.0,6.0,0.303526,Not trusted,1.0,7.0,0.438083
China,156002623,68.0,Urban,Medium,Male,Married,Middle,9.0,10.0,0.311137,Trusted,1.0,10.0,0.447411
China,156002624,56.0,Urban,Medium,Male,Married,Lower,5.0,,0.391101,Trusted,1.0,3.0,0.502172
China,156002625,55.0,Urban,Medium,Female,Single,Lower,6.0,10.0,0.563521,Trusted,2.0,5.0,0.269034
China,156002626,65.0,Rural,Medium,Male,Divorced,Lower,8.0,8.0,0.145724,Trusted,5.0,5.0,0.263175
China,156002627,39.0,Rural,Medium,Female,Married,Middle,10.0,8.0,0.500480,Trusted,1.0,6.0,0.441884
China,156002628,35.0,Urban,Medium,Female,Married,Lower,8.0,6.0,0.359268,Trusted,2.0,9.0,0.303762
China,156002629,39.0,Urban,Low,Female,Married,Lower,6.0,8.0,0.319502,Trusted,2.0,1.0,0.334983
China,156002630,55.0,Urban,Medium,Female,Married,Higher,8.0,7.0,0.623523,Trusted,5.0,10.0,0.504474
China,156002631,21.0,Urban,Low,Female,Married,Middle,2.0,8.0,0.483519,Trusted,3.0,3.0,0.317346
China,156002632,21.0,Urban,Low,Male,Single,Middle,8.0,10.0,0.329519,Trusted,1.0,10.0,0.239041
China,156002633,44.0,Rural,Medium,Female,Single,Middle,8.0,7.0,0.444523,Not trusted,1.0,5.0,0.337194
China,156002634,57.0,Rural,Medium,Female,Single,Lower,9.0,8.0,0.301905,Not trusted,1.0,8.0,0.297164
China,156002635,43.0,Rural,Medium,Male,Married,Lower,8.0,5.0,0.383225,Not trusted,3.0,7.0,0.477938
China,156002636,69.0,Urban,Medium,Female,Married,Middle,4.0,9.0,0.442495,Trusted,7.0,3.0,0.570311
China,156002637,32.0,Urban,Medium,Female,Married,Middle,8.0,8.0,0.491265,Trusted,4.0,7.0,0.552347
China,156002638,47.0,Rural,Medium,Male,Married,Middle,8.0,10.0,0.480869,Trusted,3.0,8.0,0.490790
China,156002639,68.0,Rural,Medium,Female,Single,Lower,8.0,9.0,0.308498,Not trusted,5.0,5.0,0.384690
China,156002640,27.0,Urban,,Female,Married,Higher,,7.0,0.748533,Not trusted,1.0,7.0,0.264704
China,156002641,69.0,Urban,Medium,Female,Married,Lower,5.0,6.0,0.361740,Not trusted,1.0,5.0,0.309233
China,156002642,32.0,Rural,High,Male,Married,Higher,10.0,6.0,0.422231,Trusted,5.0,10.0,0.465272
China,156002643,47.0,Rural,Low,Female,Married,Lower,5.0,6.0,0.502289,Trusted,2.0,1.0,0.584352
China,156002644,62.0,Rural,High,Female,Single,Higher,8.0,8.0,0.468976,Trusted,1.0,4.0,0.468735
China,156002645,44.0,Urban,Medium,Male,Married,Higher,7.0,8.0,0.472427,Trusted,1.0,5.0,0.456662
China,156002646,43.0,Rural,Medium,Male,Married,Higher,9.0,7.0,0.463219,Not trusted,4.0,6.0,0.458573
China,156002647,36.0,Rural,Medium,Male,Married,Middle,5.0,10.0,0.420969,Trusted,2.0,6.0,0.633838
China,156002648,50.0,Urban,High,Female,Married,Higher,9.0,8.0,0.348526,Trusted,2.0,10.0,0.368675
China,156002649,22.0,Rural,Low,Female,Divorced,Higher,6.0,8.0,0.398248,Not trusted,1.0,9.0,0.322079
China,156002650,39.0,Rural,Low,Female,Married,Higher,5.0,9.0,0.490819,Trusted,4.0,6.0,0.556778
China,156002651,58.0,Urban,Medium,Male,Married,Lower,9.0,10.0,0.218944,Trusted,1.0,9.0,0.508984
China,156002652,31.0,Rural,Medium,Female,Married,Lower,4.0,4.0,0.240563,Trusted,2.0,1.0,0.470978
China,156002653,31.0,Urban,Medium,Male,Married,Lower,8.0,7.0,0.517285,Not trusted,1.0,6.0,0.634432
China,156002654,32.0,Urban,Medium,Male,,Higher,5.0,6.0,0.332392,Trusted,1.0,4.0,0.452000
China,156002655,50.0,Urban,Low,Male,Married,Middle,10.0,10.0,0.192384,Trusted,1.0,8.0,0.291022
China,156002656,37.0,Urban,Medium,Male,Married,Higher,7.0,7.0,0.520446,Trusted,1.0,1.0,0.363588
China,156002657,48.0,Urban,Low,Female,Married,Lower,6.0,,0.279964,Not trusted,3.0,4.0,0.482755
China,156002658,54.0,Rural,,Male,Married,Middle,7.0,8.0,0.296156,Trusted,1.0,8.0,0.303273
China,156002659,28.0,Rural,Medium,Male,Living together as married,Middle,9.0,6.0,0.324078,Trusted,1.0,6.0,0.238837
China,156002660,67.0,Rural,Low,Male,Married,Lower,7.0,7.0,0.406453,Not trusted,1.0,5.0,0.554666
China,156002661,60.0,Urban,Medium,Male,Married,Higher,9.0,9.0,0.500244,Trusted,9.0,7.0,0.465369
China,156002662,25.0,Urban,Medium,Female,Married,Middle,9.0,8.0,0.398923,Trusted,1.0,10.0,0.690659
China,156002663,49.0,Rural,Medium,Male,Single,Lower,2.0,3.0,0.537797,Not trusted,1.0,3.0,0.467000
China,156002664,20.0,Urban,Medium,Female,Married,Higher,10.0,6.0,0.264122,Not trusted,1.0,10.0,0.423357
China,156002665,18.0,Rural,Low,Male,Married,Middle,6.0,5.0,0.504992,Not trusted,1.0,6.0,0.364038
China,156002666,28.0,Urban,Low,Male,Married,Middle,7.0,6.0,0.318037,Trusted,1.0,8.0,0.521895
China,156002667,49.0,Rural,Medium,Male,Married,Middle,7.0,7.0,0.477162,Not trusted,3.0,8.0,0.453534
China,156002668,62.0,Urban,Medium,Male,Divorced,Middle,10.0,6.0,0.195559,Trusted,5.0,8.0,0.369430
China,156002669,56.0,Rural,Low,Male,Married,Lower,10.0,10.0,0.557544,Trusted,1.0,7.0,0.540835
China,156002670,55.0,Urban,Medium,Female,Married,Lower,10.0,9.0,0.282736,Trusted,10.0,8.0,0.342866
China,156002671,23.0,Rural,Medium,Female,Married,Higher,3.0,4.0,0.324651,Trusted,2.0,5.0,0.499792
China,156002672,32.0,Urban,Medium,Female,Married,Higher,6.0,10.0,0.430515,Not trusted,8.0,8.0,0.455988
China,156002673,36.0,Rural,Medium,Female,Married,Higher,6.0,5.0,0.253693,Trusted,10.0,8.0,0.057912
China,156002674,30.0,Urban,Medium,Female,Married,Higher,5.0,7.0,0.228703,Trusted,5.0,8.0,0.274807
China,156002675,28.0,Urban,Low,Female,Married,Higher,6.0,9.0,0.461241,Trusted,1.0,6.0,0.500313
China,156002676,49.0,Urban,Low,Male,Married,Lower,10.0,10.0,0.326805,Trusted,1.0,5.0,0.340593
China,156002677,44.0,Rural,Medium,Female,Married,Lower,9.0,7.0,0.442769,Trusted,1.0,6.0,0.561454
China,156002678,50.0,Urban,Medium,Male,Married,Lower,8.0,5.0,0.492026,Not trusted,1.0,9.0,0.246116
China,156002679,62.0,Urban,Medium,Female,Married,Lower,10.0,8.0,0.390324,Trusted,1.0,8.0,0.190695
China,156002680,59.0,Urban,Medium,Male,Single,Lower,8.0,10.0,0.289743,Not trusted,1.0,10.0,0.296724
China,156002681,60.0,Urban,Low,Female,Married,Lower,6.0,8.0,0.411120,Not trusted,1.0,6.0,0.462664
China,156002682,43.0,Urban,Low,Female,Married,Higher,5.0,6.0,0.326132,Trusted,1.0,6.0,0.270014
China,156002683,53.0,Rural,Medium,Male,Married,Lower,6.0,8.0,0.236537,Trusted,1.0,2.0,0.319311
China,156002684,63.0,Urban,Medium,Female,Widowed,Lower,10.0,7.0,0.297975,Trusted,5.0,9.0,0.396526
China,156002685,49.0,Urban,Low,Female,Single,Lower,2.0,5.0,0.337603,Not trusted,1.0,5.0,0.501270
China,156002686,20.0,Urban,Low,Male,Married,Higher,3.0,5.0,0.227882,Trusted,1.0,4.0,0.431257
China,156002687,36.0,Urban,Medium,Male,Married,,1.0,1.0,0.413683,Trusted,8.0,1.0,0.375219
China,156002688,35.0,Rural,Medium,Female,Married,Lower,6.0,7.0,0.462821,Trusted,10.0,3.0,0.391151
China,156002689,53.0,Urban,Medium,Female,Single,Lower,8.0,6.0,0.376154,Not trusted,1.0,7.0,0.406187
China,156002690,65.0,Rural,Low,Female,Married,Lower,5.0,5.0,0.223036,Trusted,1.0,4.0,0.418508
China,156002691,68.0,Urban,Medium,Male,Married,Lower,10.0,10.0,0.445919,Not trusted,2.0,8.0,0.309463
China,156002692,67.0,Urban,Medium,Female,Married,Lower,6.0,8.0,0.211775,Not trusted,1.0,6.0,0.225664
China,156002693,52.0,Urban,Medium,Female,Married,Higher,8.0,9.0,0.415854,Trusted,1.0,8.0,0.364236
China,156002694,29.0,Rural,Low,Female,Married,Lower,8.0,10.0,0.279815,Not trusted,1.0,6.0,0.408326
China,156002695,63.0,Rural,Low,Male,Single,Lower,8.0,8.0,0.441454,Not trusted,1.0,5.0,0.421814
China,156002696,30.0,Urban,Medium,Male,Single,Lower,8.0,9.0,0.827876,Not trusted,2.0,10.0,0.285597
China,156002697,51.0,Rural,Medium,Female,Married,Lower,8.0,9.0,0.231930,Not trusted,3.0,8.0,0.228078
China,156002698,43.0,Urban,Medium,Male,Single,Lower,10.0,10.0,0.470233,Not trusted,1.0,10.0,0.369170
China,156002699,20.0,Urban,Medium,Female,Married,Middle,5.0,6.0,0.565009,Trusted,1.0,5.0,0.479736
China,156002700,40.0,Rural,Low,Female,Married,Middle,8.0,6.0,0.281726,Trusted,1.0,6.0,0.458912
China,156002701,34.0,Rural,Low,Female,Married,Middle,6.0,8.0,0.465359,Trusted,10.0,5.0,0.431500
China,156002702,30.0,Urban,Medium,Female,Married,Higher,9.0,8.0,0.417870,Trusted,4.0,10.0,0.401276
China,156002703,51.0,Rural,Medium,Male,Married,Lower,8.0,7.0,0.336566,Trusted,5.0,7.0,0.591294
China,156002704,63.0,Urban,Medium,Male,Married,Lower,8.0,7.0,0.287903,Not trusted,3.0,3.0,0.574430
China,156002705,52.0,Urban,Medium,Male,Single,Higher,9.0,9.0,0.358423,Trusted,1.0,8.0,0.308330
China,156002706,66.0,Urban,Medium,Male,Married,Lower,9.0,8.0,0.214913,Not trusted,1.0,10.0,0.442147
China,156002707,65.0,Rural,Medium,Male,Married,Lower,4.0,5.0,0.585036,Not trusted,3.0,5.0,0.487806
China,156002708,46.0,Rural,Medium,Male,Widowed,Lower,10.0,8.0,0.312231,Not trusted,2.0,8.0,0.366067
China,156002709,28.0,Rural,Low,Male,Married,Lower,7.0,6.0,0.232014,Trusted,4.0,3.0,0.352366
China,156002710,33.0,Urban,Medium,Female,Married,Higher,6.0,8.0,0.374482,Trusted,1.0,8.0,0.237506
China,156002711,64.0,Rural,Medium,Female,Married,Lower,10.0,8.0,0.376683,Not trusted,1.0,7.0,0.496525
China,156002712,33.0,Urban,Medium,Female,Married,Middle,9.0,8.0,0.404475,Trusted,1.0,9.0,0.515685
China,156002713,61.0,Urban,Medium,Male,Married,Lower,9.0,7.0,0.310293,Not trusted,1.0,10.0,0.523296
China,156002714,41.0,Urban,Medium,Female,Married,Lower,5.0,5.0,0.444417,Trusted,10.0,5.0,0.294131
China,156002715,49.0,Urban,Medium,Male,Married,Lower,3.0,2.0,0.464104,Trusted,8.0,,0.488143
China,156002716,48.0,Urban,Medium,Male,Married,Middle,10.0,7.0,0.285609,Trusted,1.0,10.0,0.506177
China,156002717,31.0,Urban,Low,Female,Married,Lower,7.0,7.0,0.403815,Not trusted,1.0,6.0,0.329418
China,156002718,50.0,Rural,Medium,Male,Single,Lower,9.0,8.0,0.229913,Not trusted,6.0,10.0,0.331490
China,156002719,28.0,Rural,Medium,Male,Married,Higher,9.0,5.0,0.519964,Trusted,3.0,7.0,0.372497
China,156002720,42.0,Urban,Low,Male,Married,Middle,3.0,5.0,0.435499,Trusted,1.0,4.0,0.665211
China,156002721,28.0,Rural,High,Female,Single,Higher,9.0,9.0,0.381442,Trusted,2.0,9.0,0.365613
China,156002722,61.0,Rural,Low,Male,Separated,Lower,10.0,9.0,0.269666,Not trusted,1.0,6.0,0.207771
China,156002723,69.0,Urban,Medium,Female,Married,Lower,8.0,7.0,0.315372,Not trusted,6.0,8.0,0.237670
China,156002724,41.0,Urban,Low,Female,Married,Lower,8.0,6.0,0.272423,Trusted,4.0,5.0,0.345632
China,156002725,62.0,Rural,Medium,Male,Married,Lower,9.0,4.0,0.291140,Not trusted,1.0,6.0,0.455865
China,156002726,51.0,Rural,Low,Female,Single,Lower,8.0,7.0,0.475937,Not trusted,1.0,8.0,
China,156002727,45.0,Urban,Medium,Female,Married,Higher,8.0,7.0,0.439047,Trusted,3.0,7.0,0.329755
China,156002728,42.0,Urban,Low,Male,Married,Lower,8.0,6.0,0.390107,Trusted,1.0,7.0,0.529055
China,156002729,49.0,Urban,Low,Male,Married,Lower,5.0,6.0,0.450226,Trusted,5.0,5.0,0.392823
China,156002730,41.0,Rural,Low,Female,Married,Lower,8.0,5.0,0.264314,Not trusted,1.0,6.0,0.335824
China,156002731,30.0,Rural,Low,Female,Married,Lower,6.0,7.0,0.323139,Trusted,1.0,8.0,0.421743
China,156002732,43.0,Rural,Medium,Male,Married,Lower,5.0,4.0,0.384373,Trusted,2.0,3.0,0.405640
China,156002733,56.0,Rural,Medium,Male,Married,Lower,7.0,7.0,0.438546,Not trusted,1.0,5.0,0.763607
China,156002734,23.0,Rural,Medium,Female,Married,,8.0,5.0,0.400340,Trusted,1.0,6.0,0.602899
China,156002735,31.0,Urban,Medium,Male,Married,Middle,9.0,10.0,0.313190,Trusted,3.0,8.0,0.424750
China,156002736,37.0,Rural,Medium,Female,Single,Middle,3.0,7.0,0.311209,Trusted,1.0,6.0,0.536248
China,156002737,55.0,Urban,Low,Male,Married,Lower,10.0,9.0,0.453293,Not trusted,1.0,7.0,0.366387
China,156002738,54.0,Urban,Low,Female,Single,Lower,7.0,2.0,0.343918,Trusted,1.0,6.0,0.547637
China,156002739,47.0,Rural,Low,Female,Married,Lower,10.0,7.0,0.206990,Not trusted,1.0,7.0,0.334193
China,156002740,56.0,Rural,Medium,Female,Single,Lower,6.0,2.0,0.403039,Trusted,2.0,8.0,0.439833
China,156002741,61.0,Rural,Medium,Female,Married,Lower,10.0,8.0,0.331984,Not trusted,1.0,10.0,0.241530
China,156002742,68.0,Rural,Low,Male,Widowed,Lower,8.0,8.0,0.324689,Trusted,1.0,5.0,0.591073
China,156002743,40.0,Rural,Medium,Female,Married,Middle,5.0,7.0,0.491067,Not trusted,1.0,3.0,0.727820
China,156002744,58.0,Rural,Low,Female,Married,Lower,8.0,7.0,0.468380,Trusted,2.0,6.0,0.383080
China,156002745,69.0,Rural,Medium,Female,Married,Higher,9.0,10.0,0.526081,Trusted,8.0,7.0,0.548407
China,156002746,44.0,Urban,Low,Female,Married,Lower,8.0,8.0,0.559494,Not trusted,1.0,6.0,0.414221
China,156002747,58.0,Rural,Low,Male,Married,Lower,5.0,6.0,0.507978,Not trusted,1.0,4.0,0.509218
China,156002748,48.0,Urban,Medium,Male,Single,Lower,10.0,10.0,0.172743,Trusted,1.0,8.0,0.310993
China,156002749,35.0,Rural,Medium,Female,Married,Lower,10.0,10.0,0.595035,Not trusted,1.0,9.0,0.472594
China,156002750,39.0,Urban,Medium,Male,Married,Lower,10.0,9.0,0.283590,Not trusted,1.0,4.0,0.363789
China,156002751,34.0,Urban,Medium,Female,Married,Lower,8.0,6.0,0.436809,Trusted,8.0,8.0,0.179746
China,156002752,69.0,Urban,Low,Female,Single,Lower,5.0,5.0,0.355678,Not trusted,2.0,3.0,0.424641
China,156002753,50.0,Rural,Medium,Female,Single,Higher,9.0,10.0,0.365898,Trusted,,6.0,0.518850
China,156002754,57.0,Urban,Medium,Male,Married,Middle,10.0,10.0,0.380876,Trusted,5.0,8.0,0.302526
China,156002755,26.0,Urban,Medium,Male,Married,Lower,3.0,8.0,0.410367,Trusted,1.0,7.0,0.349928
China,156002756,40.0,Urban,Low,Female,Married,Lower,10.0,10.0,0.254697,Trusted,1.0,10.0,0.201384
China,156002757,32.0,Urban,High,Female,Married,Middle,7.0,7.0,0.209061,Not trusted,6.0,3.0,0.336724
China,156002758,66.0,Urban,Low,Female,Married,Lower,8.0,8.0,0.526645,Not trusted,1.0,6.0,0.496152
China,156002759,18.0,Rural,Medium,Female,Married,Higher,8.0,8.0,0.325906,Not trusted,1.0,5.0,0.414802
China,156002760,53.0,Rural,Medium,Male,Married,Middle,6.0,8.0,0.536515,Trusted,8.0,6.0,0.398164
China,156002761,18.0,Urban,Medium,Female,Married,Higher,2.0,7.0,0.644046,Trusted,1.0,7.0,0.611920
China,156002762,46.0,Urban,Medium,Female,Married,Middle,5.0,5.0,0.339512,Trusted,1.0,9.0,0.831972
China,156002763,50.0,Urban,Medium,Male,Widowed,Lower,6.0,6.0,0.449070,Not trusted,1.0,4.0,0.858741
China,156002764,23.0,Urban,Low,Male,Married,Higher,5.0,6.0,0.572227,Trusted,2.0,1.0,0.561591
China,156002765,19.0,Urban,Low,Female,Single,Higher,2.0,3.0,0.499411,Trusted,5.0,2.0,0.443945
China,156002766,68.0,Urban,Low,Female,Married,Lower,5.0,6.0,0.265385,Not trusted,6.0,5.0,0.304258
China,156002767,44.0,Urban,,Male,Married,Lower,10.0,8.0,0.296613,Trusted,1.0,10.0,0.744706
China,156002768,21.0,Rural,Low,Female,Married,Higher,8.0,8.0,0.476660,Not trusted,5.0,10.0,0.416682
China,156002769,19.0,Urban,Medium,Female,Married,Higher,9.0,8.0,0.499653,Trusted,7.0,8.0,0.383671
China,156002770,28.0,Urban,Low,Female,Married,Middle,5.0,8.0,0.479598,Not trusted,1.0,3.0,0.292854
China,156002771,42.0,Urban,Low,Female,Married,Lower,1.0,3.0,0.406740,Trusted,1.0,1.0,0.494497
China,156002772,47.0,Rural,Medium,Female,Married,Middle,6.0,8.0,0.403463,Trusted,1.0,6.0,0.632250
China,156002773,24.0,Rural,High,Male,Married,Higher,8.0,8.0,0.491686,Trusted,1.0,10.0,0.546179
China,156002774,38.0,Urban,Medium,Female,Married,Lower,5.0,6.0,0.369547,Trusted,5.0,6.0,0.258875
China,156002775,43.0,Rural,Low,Female,Married,Lower,4.0,3.0,0.299656,Not trusted,1.0,2.0,0.334766
China,156002776,40.0,Urban,Medium,Male,Married,Higher,6.0,6.0,0.295087,Trusted,9.0,3.0,0.427669
China,156002777,61.0,Urban,Medium,Female,Married,Middle,7.0,5.0,0.598746,Trusted,1.0,7.0,0.454299
China,156002778,62.0,Urban,Low,Female,Married,Lower,5.0,5.0,0.271089,Not trusted,1.0,6.0,0.526491
China,156002779,54.0,Urban,Low,Male,Widowed,Middle,7.0,8.0,0.304894,Not trusted,1.0,9.0,0.404644
China,156002780,64.0,Urban,Medium,Male,Married,Lower,8.0,9.0,0.460930,Trusted,1.0,8.0,0.546932
China,156002781,53.0,Rural,Low,Male,Married,Lower,1.0,3.0,0.442364,Not trusted,1.0,5.0,0.444760
China,156002782,67.0,Urban,Medium,Male,Married,Lower,7.0,4.0,0.331678,Trusted,1.0,7.0,0.586673
China,156002783,67.0,Rural,Low,Female,Married,Lower,8.0,5.0,0.151584,Not trusted,1.0,5.0,0.439201
China,156002784,38.0,Urban,Low,Female,Married,Lower,6.0,6.0,0.247713,Not trusted,1.0,7.0,0.360319
China,156002785,29.0,Urban,High,Male,Married,Middle,10.0,7.0,0.292256,,6.0,7.0,0.474446
China,156002786,43.0,Urban,Medium,Male,Divorced,Higher,10.0,10.0,0.498044,Trusted,1.0,10.0,0.428176
China,156002787,52.0,Urban,Medium,Female,Married,Middle,7.0,9.0,0.476456,Not trusted,1.0,8.0,0.195173
China,156002788,33.0,Rural,Medium,Male,Married,Lower,8.0,5.0,0.354528,Not trusted,1.0,7.0,0.278032
China,156002789,50.0,Urban,Medium,Female,Single,Middle,3.0,7.0,0.514535,Trusted,1.0,,0.412981
China,156002790,49.0,Urban,Low,Female,Married,Lower,6.0,8.0,0.234893,Trusted,1.0,9.0,0.567254
China,156002791,68.0,Rural,Low,Female,Married,Lower,6.0,5.0,0.379321,Not trusted,1.0,5.0,0.276117
China,156002792,59.0,Rural,Medium,Male,Married,Higher,7.0,5.0,0.289486,Trusted,10.0,6.0,0.444033
China,156002793,38.0,Rural,Medium,Female,Married,Lower,8.0,6.0,0.373842,Trusted,1.0,6.0,0.446915
China,156002794,46.0,Urban,Low,Female,Married,Lower,10.0,8.0,0.288634,Not trusted,1.0,10.0,0.497459
China,156002795,31.0,Rural,Medium,Male,Married,Higher,10.0,10.0,0.542176,Trusted,9.0,10.0,0.527315
China,156002796,28.0,Rural,Low,Female,Married,Lower,4.0,5.0,0.434125,Not trusted,1.0,6.0,0.376632
China,156002797,47.0,Urban,Medium,Female,Married,Lower,8.0,3.0,0.226024,Trusted,10.0,3.0,0.272370
China,156002798,67.0,Urban,Medium,Male,Married,Lower,10.0,10.0,0.341962,Not trusted,,10.0,0.475364
China,156002799,18.0,Rural,Medium,Male,Married,Higher,6.0,10.0,0.534048,Trusted,3.0,6.0,0.435588
China,156002800,67.0,Rural,Low,Female,Married,Lower,9.0,6.0,0.389648,Not trusted,1.0,10.0,0.524468
China,156002801,58.0,Urban,Low,Female,Married,Lower,8.0,7.0,0.303694,Not trusted,1.0,5.0,0.329918
China,156002802,40.0,Rural,Low,Male,Married,Lower,9.0,8.0,0.136359,Not trusted,2.0,8.0,0.446305
China,156002803,52.0,Urban,Medium,Female,,Higher,10.0,9.0,0.538409,Trusted,1.0,7.0,0.141984
China,156002804,61.0,Urban,Low,Female,Single,Middle,7.0,8.0,0.468816,Not trusted,3.0,6.0,0.390999
China,156002805,20.0,Rural,Medium,Male,Single,Lower,8.0,7.0,0.377816,Trusted,5.0,6.0,0.633415
China,156002806,18.0,Rural,Medium,Female,Single,Higher,7.0,3.0,0.518656,Not trusted,1.0,6.0,0.450391
China,156002807,56.0,Urban,Medium,Male,Married,Lower,7.0,2.0,0.339936,Not trusted,7.0,7.0,0.542425
China,156002808,62.0,Urban,Medium,Female,Married,Lower,8.0,3.0,0.295163,Not trusted,10.0,2.0,0.293667
China,156002809,59.0,Rural,Medium,Female,Married,Lower,10.0,10.0,0.349674,Not trusted,5.0,9.0,0.350402
China,156002810,47.0,Urban,Medium,Female,Married,Middle,10.0,10.0,0.422251,Trusted,2.0,10.0,0.329541
China,156002811,65.0,Rural,Medium,Male,Married,Lower,7.0,5.0,0.236343,Not trusted,1.0,10.0,0.338326
China,156002812,20.0,Rural,Medium,Female,Married,Higher,6.0,4.0,0.667657,Trusted,1.0,5.0,0.731194
China,156002813,54.0,Urban,Medium,Female,Living together as married,Lower,9.0,9.0,0.310422,Not trusted,1.0,7.0,0.300951
China,156002814,67.0,Urban,Low,Female,Married,Lower,5.0,8.0,0.175363,Not trusted,1.0,6.0,0.350464
China,156002815,58.0,Urban,Low,Female,Single,Lower,1.0,3.0,0.486514,Not trusted,2.0,1.0,0.481359
China,156002816,61.0,Urban,Low,Female,Married,Lower,6.0,9.0,0.249212,Trusted,2.0,7.0,0.645978
China,156002817,47.0,Urban,Low,Female,Married,Lower,6.0,3.0,0.328065,Trusted,3.0,6.0,0.518529
China,156002818,41.0,Urban,Medium,Female,Single,Higher,8.0,3.0,0.297318,Trusted,1.0,8.0,0.391763
China,156002819,65.0,Urban,Low,Female,Single,Lower,5.0,3.0,0.253338,Not trusted,3.0,7.0,0.417269
China,156002820,50.0,Urban,Medium,Male,Married,Lower,8.0,10.0,0.387051,Trusted,6.0,7.0,0.071952
China,156002821,53.0,Urban,Medium,Female,Married,Lower,10.0,10.0,0.275010,Trusted,9.0,10.0,0.150407
China,156002822,29.0,Urban,Low,Male,Married,Higher,9.0,7.0,0.431287,Trusted,1.0,7.0,0.507171
China,156002823,37.0,Rural,Medium,Male,Married,Higher,6.0,5.0,0.446459,Trusted,1.0,8.0,0.520857
China,156002824,34.0,Rural,Low,Male,Married,Higher,8.0,8.0,0.517818,Trusted,1.0,5.0,0.141899
China,156002825,64.0,Rural,Medium,Female,Divorced,Lower,9.0,7.0,0.328167,Not trusted,1.0,8.0,0.464992
China,156002826,37.0,Urban,Low,Female,Married,Lower,5.0,1.0,0.389651,Not trusted,7.0,5.0,0.293434
China,156002827,20.0,Urban,Medium,Male,Married,Lower,8.0,5.0,0.468138,Trusted,9.0,8.0,0.359586
China,156002828,32.0,Rural,Medium,Female,Married,Higher,2.0,2.0,0.460025,Trusted,10.0,4.0,0.422605
China,156002829,38.0,Urban,Low,Female,Married,Higher,3.0,1.0,0.774626,Trusted,5.0,2.0,0.632808
China,156002830,29.0,Urban,Low,Male,Married,Lower,10.0,8.0,0.256875,Trusted,1.0,8.0,0.358492
China,156002831,48.0,Rural,Medium,Female,Married,Lower,9.0,6.0,0.172601,Trusted,9.0,8.0,0.398190
China,156002832,56.0,Urban,Medium,Male,Single,Lower,5.0,8.0,0.212929,Not trusted,1.0,5.0,0.269646
China,156002833,28.0,Rural,Medium,Male,Married,Middle,10.0,10.0,0.443390,Trusted,1.0,10.0,0.159553
China,156002834,69.0,Urban,Medium,Male,Married,Higher,10.0,6.0,0.264621,Trusted,3.0,8.0,0.196473
China,156002835,60.0,Urban,Low,Female,Married,Lower,8.0,1.0,0.489869,Trusted,2.0,6.0,0.230434
China,156002836,35.0,Rural,Medium,Male,Single,Higher,10.0,5.0,0.300600,Trusted,2.0,8.0,0.446563
China,156002837,48.0,Rural,Medium,Male,Married,Middle,8.0,6.0,0.443898,Trusted,1.0,5.0,0.250751
China,156002838,48.0,Urban,Low,Female,Married,Lower,5.0,3.0,0.446590,Trusted,7.0,6.0,0.339154
China,156002839,44.0,Rural,Low,Male,Married,Lower,9.0,8.0,0.387231,Not trusted,1.0,7.0,0.342092
China,156002840,43.0,Urban,Medium,Female,Married,Higher,7.0,8.0,0.336627,Trusted,5.0,4.0,0.525474
China,156002841,19.0,Urban,Medium,Male,Married,Higher,5.0,5.0,0.500204,Trusted,2.0,7.0,0.399274
China,156002842,19.0,Rural,Medium,Male,Married,Middle,10.0,10.0,0.371685,Trusted,,10.0,0.407305
China,156002843,64.0,Urban,Low,Female,Single,Lower,10.0,10.0,0.266440,Not trusted,1.0,8.0,0.373371
China,156002844,55.0,Urban,Low,Female,Married,Lower,6.0,5.0,0.378397,Not trusted,1.0,7.0,0.270120
China,156002845,42.0,Urban,Low,Male,Married,Middle,9.0,7.0,0.571894,Trusted,1.0,8.0,0.409727
China,156002846,35.0,Urban,Low,Female,Single,Middle,8.0,7.0,0.350417,Not trusted,1.0,8.0,0.329836
China,156002847,49.0,Urban,Low,Female,Married,Lower,3.0,7.0,0.277566,Not trusted,3.0,1.0,0.408670
China,156002848,57.0,Rural,Medium,Male,Single,Lower,7.0,6.0,0.523225,Not trusted,1.0,4.0,0.713943
China,156002849,29.0,Rural,Medium,Female,Married,Lower,8.0,10.0,0.314550,Not trusted,1.0,10.0,0.069443
China,156002850,20.0,Urban,High,Female,Divorced,Higher,6.0,7.0,0.717273,Trusted,6.0,7.0,0.182691
China,156002851,67.0,Urban,Low,Female,Widowed,Lower,10.0,5.0,0.302241,Not trusted,1.0,8.0,0.289188
China,156002852,57.0,Urban,Medium,Male,Married,Lower,8.0,6.0,0.359049,Trusted,10.0,6.0,0.341197
China,156002853,57.0,Urban,Medium,Female,Married,Middle,10.0,10.0,0.432622,Not trusted,4.0,7.0,0.364491
China,156002854,31.0,Rural,Medium,Male,Married,Middle,6.0,4.0,0.442532,Trusted,10.0,6.0,0.347343
China,156002855,29.0,Urban,Low,Female,Married,Higher,7.0,6.0,0.689862,Trusted,6.0,6.0,0.518990
China,156002856,55.0,Urban,Low,Female,Married,Middle,8.0,7.0,0.353366,Not trusted,6.0,4.0,0.342342
China,156002857,50.0,Urban,Low,Female,Married,Lower,10.0,10.0,0.383703,,1.0,10.0,0.380395
China,156002858,29.0,Urban,Medium,Male,Married,Lower,7.0,7.0,0.324051,Not trusted,2.0,5.0,0.440921
China,156002859,39.0,Urban,Low,Female,Married,Lower,7.0,8.0,0.484368,Trusted,10.0,7.0,0.438575
China,156002860,26.0,Urban,Low,Female,Married,Middle,6.0,9.0,0.352306,Not trusted,1.0,9.0,0.523732
China,156002861,56.0,Rural,Low,Female,Single,Lower,6.0,4.0,0.219504,Not trusted,1.0,6.0,0.244940
China,156002862,34.0,Urban,Medium,Female,Married,Middle,8.0,6.0,0.320587,Trusted,1.0,8.0,0.632003
China,156002863,48.0,Urban,Low,Female,Single,Middle,8.0,7.0,0.452441,Trusted,8.0,4.0,0.269839
China,156002864,48.0,Urban,Medium,Female,Single,Middle,4.0,7.0,0.457976,Trusted,1.0,9.0,0.363223
China,156002865,26.0,Urban,Medium,Female,Married,Middle,10.0,10.0,0.486958,Not trusted,3.0,8.0,0.534370
China,156002866,48.0,Rural,Medium,Female,Single,Higher,10.0,8.0,0.469469,Trusted,1.0,5.0,0.481920
China,156002867,56.0,Rural,Medium,Female,Widowed,Middle,5.0,5.0,0.322280,Not trusted,7.0,7.0,0.336446
China,156002868,48.0,Rural,Medium,Female,Married,Middle,10.0,7.0,0.327141,Trusted,1.0,10.0,0.301382
China,156002869,30.0,Urban,Low,Male,Married,Lower,7.0,3.0,0.552246,Not trusted,2.0,5.0,0.403836
China,156002870,67.0,Urban,Medium,Male,Married,Middle,10.0,10.0,0.308768,Trusted,1.0,8.0,0.400750
China,156002871,18.0,Rural,Low,Female,Married,Lower,6.0,10.0,0.715199,Trusted,8.0,6.0,0.565585
China,156002872,53.0,Urban,Low,Female,Single,,8.0,8.0,0.242880,Not trusted,5.0,8.0,0.229050
China,156002873,63.0,Rural,Medium,Female,Married,Lower,10.0,8.0,0.498925,Not trusted,1.0,8.0,0.338615
China,156002874,34.0,Urban,Medium,Male,Married,Higher,8.0,7.0,0.631092,Trusted,2.0,5.0,0.455339
China,156002875,63.0,Rural,Medium,Male,Married,Lower,10.0,10.0,0.180673,Trusted,10.0,8.0,0.338321
China,156002876,24.0,Rural,Low,Male,Married,Lower,4.0,1.0,0.323590,Not trusted,1.0,1.0,0.461603
China,156002877,65.0,Rural,Medium,Male,Married,Lower,5.0,8.0,0.462495,Trusted,1.0,6.0,0.322292
China,156002878,36.0,Urban,Medium,Male,Married,Lower,6.0,7.0,0.546650,Trusted,5.0,7.0,0.490399
China,156002879,42.0,Urban,Low,Female,Married,Middle,10.0,8.0,0.406236,Trusted,1.0,8.0,0.435596
China,156002880,67.0,Urban,Medium,Female,Widowed,Lower,6.0,5.0,0.430443,Trusted,3.0,5.0,0.346880
China,156002881,59.0,Urban,Medium,Female,Married,Lower,5.0,5.0,0.462680,Not trusted,1.0,1.0,0.497759
China,156002882,33.0,Rural,Medium,Female,Single,Lower,9.0,10.0,0.579717,Not trusted,1.0,8.0,0.370121
China,156002883,31.0,Urban,Low,Male,Single,Higher,4.0,7.0,0.421359,Trusted,2.0,5.0,0.699430
China,156002884,37.0,Rural,Medium,Female,Married,Lower,10.0,,0.207349,Trusted,2.0,6.0,0.526344
China,156002885,50.0,Urban,Medium,Female,Separated,Middle,6.0,6.0,0.310844,Not trusted,6.0,9.0,0.581618
China,156002886,44.0,Rural,Medium,Female,Married,,10.0,10.0,0.235952,Trusted,1.0,10.0,0.330008
China,156002887,41.0,Urban,Low,Female,Single,Lower,8.0,6.0,0.396983,Not trusted,1.0,6.0,0.322081
China,156002888,48.0,Rural,Low,Male,Married,Middle,3.0,3.0,0.407185,Trusted,2.0,5.0,0.443065
China,156002889,32.0,Urban,Low,Female,Married,Lower,7.0,8.0,0.463987,Trusted,1.0,6.0,0.381404
China,156002890,54.0,Urban,Low,Male,Married,Lower,6.0,5.0,0.229725,Not trusted,5.0,5.0,0.252533
China,156002891,47.0,Urban,Low,Male,Married,Lower,3.0,1.0,0.386214,Not trusted,1.0,1.0,0.353468
China,156002892,56.0,Urban,Low,Male,Married,Lower,8.0,6.0,0.309521,Not trusted,1.0,6.0,0.379950
China,156002893,43.0,Urban,Medium,Female,Married,Higher,8.0,8.0,0.419964,Not trusted,1.0,8.0,0.488034
China,156002894,45.0,Rural,Medium,Female,Married,Lower,9.0,7.0,0.201908,Trusted,6.0,9.0,0.231658
China,156002895,49.0,Urban,Low,Male,Married,Lower,9.0,9.0,0.202884,Not trusted,2.0,5.0,0.474142
China,156002896,58.0,Urban,Medium,Female,Married,Higher,9.0,9.0,0.600653,Not trusted,1.0,9.0,0.453622
China,156002897,31.0,Rural,Medium,Female,Married,Higher,7.0,6.0,0.523681,Trusted,1.0,5.0,0.378960
China,156002898,38.0,Rural,Medium,Female,Married,Higher,1.0,7.0,0.448487,Trusted,1.0,6.0,0.508349
China,156002899,65.0,Urban,Low,Male,Married,Lower,8.0,5.0,0.361689,Not trusted,1.0,8.0,0.233522
China,156002900,51.0,Urban,Medium,Male,Married,Lower,9.0,10.0,0.316655,Trusted,1.0,7.0,0.162058
China,156002901,48.0,Urban,Medium,Female,Married,Lower,8.0,7.0,0.434673,Trusted,10.0,5.0,0.253042
China,156002902,53.0,Urban,Low,Male,Married,Lower,10.0,10.0,0.261174,Trusted,2.0,10.0,0.136514
China,156002903,30.0,Rural,Low,Male,Married,Higher,5.0,8.0,0.398487,Trusted,6.0,1.0,0.556573
China,156002904,54.0,Rural,Low,Female,Married,Lower,9.0,8.0,0.434479,Trusted,1.0,8.0,0.388142
China,156002905,40.0,Rural,High,Female,Single,Lower,8.0,8.0,0.464998,Trusted,3.0,9.0,0.412750
China,156002906,35.0,Urban,Low,Male,Married,Lower,7.0,7.0,0.505394,Trusted,1.0,6.0,0.432910
China,156002907,32.0,Urban,Medium,Female,Married,,7.0,9.0,0.384002,Not trusted,1.0,5.0,0.316708
China,156002908,55.0,Urban,Low,Male,Married,Lower,9.0,6.0,0.411868,Trusted,1.0,6.0,0.423792
China,156002909,62.0,Urban,Low,Female,Married,Middle,9.0,8.0,0.479467,Trusted,1.0,6.0,0.280308
China,156002910,49.0,Rural,Low,Male,Married,Lower,8.0,9.0,0.365941,Not trusted,1.0,7.0,0.487721
China,156002911,62.0,Rural,Medium,Female,Married,Lower,10.0,9.0,0.203170,Trusted,1.0,8.0,0.402242
China,156002912,54.0,Urban,Low,Female,,Lower,8.0,8.0,0.418996,Not trusted,1.0,4.0,0.379839
China,156002913,29.0,Urban,Medium,Female,Married,Higher,4.0,8.0,0.314117,Trusted,3.0,8.0,0.403037
China,156002914,69.0,Urban,Low,Female,Married,Lower,10.0,10.0,0.326038,Not trusted,10.0,8.0,0.260372
China,156002915,49.0,Rural,Medium,Female,Married,Higher,8.0,8.0,0.230107,Not trusted,2.0,9.0,0.341095
China,156002916,46.0,Rural,Medium,Female,Married,Lower,7.0,5.0,0.263326,Trusted,1.0,7.0,0.423889
China,156002917,44.0,Rural,Medium,Female,Married,Middle,8.0,6.0,0.126631,Trusted,4.0,10.0,0.296391
China,156002918,40.0,Rural,Medium,Male,Married,Lower,7.0,9.0,0.689614,Trusted,1.0,6.0,0.562960
China,156002919,58.0,Urban,Low,Female,Married,Lower,10.0,7.0,0.353844,Trusted,5.0,8.0,0.273712
China,156002920,50.0,Urban,Medium,Male,Married,Lower,8.0,7.0,0.443533,Not trusted,5.0,8.0,0.363983
China,156002921,53.0,Rural,Low,Female,Married,Lower,5.0,7.0,0.454316,Not trusted,1.0,7.0,0.288737
China,156002922,34.0,Urban,High,Male,Married,Higher,8.0,5.0,0.364474,Trusted,5.0,8.0,0.449733
China,156002923,46.0,Rural,Medium,Female,Single,Higher,7.0,9.0,0.581287,Trusted,6.0,,0.343406
China,156002924,67.0,Rural,Medium,Female,Divorced,Higher,10.0,6.0,0.349249,Trusted,1.0,9.0,0.272909
China,156002925,42.0,Rural,Medium,Female,Single,Middle,9.0,10.0,0.400022,Trusted,2.0,10.0,0.463592
China,156002926,22.0,Urban,Low,Female,Married,Higher,5.0,3.0,0.405782,Not trusted,1.0,3.0,0.443299
China,156002927,29.0,Rural,Low,Female,Married,Middle,6.0,5.0,0.323032,Trusted,5.0,7.0,0.504715
China,156002928,55.0,Urban,Medium,Female,Married,Lower,8.0,8.0,0.377034,Trusted,4.0,9.0,0.323917
China,156002929,60.0,Rural,Medium,Female,Married,Middle,4.0,7.0,0.402235,Trusted,6.0,3.0,0.423744
China,156002930,26.0,Urban,Medium,Female,Married,Higher,9.0,8.0,0.426876,Trusted,1.0,6.0,0.317752
China,156002931,64.0,Rural,Medium,Female,Married,Lower,6.0,10.0,0.279657,Not trusted,1.0,7.0,0.445141
China,156002932,53.0,Rural,Medium,Male,Single,Lower,1.0,5.0,0.365233,Trusted,1.0,3.0,0.592076
China,156002933,19.0,Rural,Medium,Female,Single,Middle,8.0,7.0,0.286532,Not trusted,1.0,8.0,0.400341
China,156002934,40.0,Urban,Medium,Female,Married,Middle,10.0,4.0,0.278934,Trusted,1.0,9.0,0.591262
China,156002935,55.0,Urban,Low,Female,Married,Higher,7.0,7.0,0.518507,Not trusted,5.0,8.0,0.334480
China,156002936,46.0,Urban,Medium,Female,Single,Middle,7.0,10.0,0.302666,Trusted,2.0,10.0,0.309053
China,156002937,35.0,Rural,Low,Male,Married,Lower,,7.0,0.381677,Not trusted,2.0,7.0,0.484756
China,156002938,44.0,Urban,Medium,Male,Married,Lower,10.0,8.0,0.322494,Trusted,6.0,8.0,0.260070
China,156002939,52.0,Urban,Low,Male,Married,Lower,6.0,5.0,0.614652,Trusted,1.0,5.0,0.443582
China,156002940,62.0,Urban,Medium,Male,Married,Lower,7.0,6.0,0.294262,Trusted,5.0,7.0,0.403361
China,156002941,40.0,Urban,Low,Male,Married,Higher,7.0,5.0,0.449801,Trusted,2.0,8.0,0.229369
China,156002942,32.0,Rural,Low,Female,Married,Lower,7.0,9.0,0.453273,Not trusted,4.0,7.0,0.355537
China,156002943,61.0,Urban,Medium,Female,Married,Lower,6.0,5.0,0.366873,Trusted,4.0,7.0,0.298779
China,156002944,50.0,Urban,Low,Female,Married,Middle,10.0,8.0,0.439135,Not trusted,1.0,10.0,0.302935
China,156002945,45.0,Rural,Medium,Male,Single,Lower,10.0,10.0,0.457096,Trusted,1.0,10.0,0.371752
China,156002946,26.0,Urban,Medium,Male,Married,Lower,10.0,10.0,0.603818,Trusted,1.0,8.0,0.446715
China,156002947,36.0,Urban,Medium,Female,Single,Middle,8.0,6.0,0.408893,Trusted,1.0,7.0,0.251994
China,156002948,45.0,Rural,High,Female,Single,Higher,8.0,10.0,0.324227,,8.0,8.0,0.446524
China,156002949,34.0,Rural,Low,Female,Married,Middle,6.0,5.0,0.461884,Trusted,1.0,2.0,0.437611
China,156002950,63.0,Rural,Low,Female,Married,Lower,9.0,10.0,0.150117,Trusted,5.0,7.0,0.339633
China,156002951,42.0,Urban,Medium,Female,Married,Lower,5.0,7.0,0.527047,Trusted,3.0,7.0,0.291852
China,156002952,18.0,Urban,Medium,Female,Married,Middle,3.0,5.0,0.580058,Trusted,1.0,1.0,0.387522
China,156002953,52.0,Urban,Medium,Female,Widowed,Lower,10.0,10.0,0.173294,Trusted,1.0,9.0,0.479185
China,156002954,65.0,Urban,Low,Male,Married,Lower,10.0,10.0,0.309187,Trusted,1.0,9.0,0.208084
China,156002955,32.0,Rural,Medium,Female,Widowed,Higher,8.0,8.0,0.265317,Trusted,2.0,8.0,0.430488
China,156002956,45.0,Urban,Medium,Female,Divorced,Lower,7.0,8.0,0.547048,Trusted,1.0,5.0,0.396640
China,156002957,18.0,Rural,Medium,Female,Married,Higher,6.0,9.0,0.551483,Trusted,1.0,5.0,0.642515
China,156002958,26.0,Urban,Medium,Female,Married,Middle,7.0,7.0,0.412657,Trusted,5.0,7.0,0.426087
China,156002959,29.0,Urban,Medium,Female,Single,Lower,7.0,8.0,0.347865,Trusted,10.0,8.0,0.401056
China,156002960,48.0,Urban,Low,Female,Married,Lower,7.0,6.0,0.250052,Not trusted,1.0,5.0,0.269064
China,156002961,68.0,Urban,Medium,Female,Married,Lower,10.0,10.0,0.376135,Trusted,10.0,10.0,0.117864
China,156002962,22.0,Rural,Medium,Male,Single,Lower,7.0,8.0,0.816288,Trusted,1.0,5.0,0.720153
China,156002963,67.0,Rural,Low,Female,Married,Lower,6.0,8.0,0.596007,Not trusted,1.0,6.0,0.638706
China,156002964,32.0,Rural,Medium,Male,Married,Middle,7.0,7.0,0.371808,Not trusted,6.0,7.0,0.375560
China,156002965,63.0,Urban,Medium,Female,Married,Higher,10.0,10.0,0.600780,Not trusted,3.0,10.0,0.436599
China,156002966,26.0,Urban,Medium,Female,Separated,Higher,5.0,7.0,0.378138,Trusted,3.0,4.0,0.356828
China,156002967,53.0,Urban,Medium,Female,Married,Lower,10.0,10.0,0.251068,Trusted,1.0,10.0,0.017843
China,156002968,44.0,Urban,Medium,Female,Married,Middle,4.0,7.0,0.347597,Not trusted,2.0,1.0,0.461156
China,156002969,50.0,Rural,Medium,Female,Married,Middle,9.0,10.0,0.274324,Not trusted,6.0,8.0,0.342512
China,156002970,52.0,Urban,Medium,Female,Married,Middle,7.0,8.0,0.340885,Trusted,2.0,8.0,0.293107
China,156002971,62.0,Rural,Medium,Female,Married,Lower,10.0,9.0,0.326266,Trusted,1.0,10.0,0.388049
China,156002972,49.0,Urban,Low,Male,Married,Middle,10.0,8.0,0.476312,Trusted,1.0,10.0,0.087372
China,156002973,32.0,Urban,Medium,Male,Married,Middle,7.0,8.0,0.371798,Trusted,4.0,6.0,0.457824
China,156002974,31.0,Urban,Medium,Male,Married,Middle,6.0,10.0,0.530267,Trusted,1.0,10.0,0.417728
China,156002975,18.0,Urban,Medium,Female,Married,Lower,9.0,9.0,0.463048,Trusted,5.0,9.0,0.433079
China,156002976,35.0,Urban,Medium,Male,Married,Higher,7.0,6.0,0.489092,Trusted,1.0,6.0,0.363138
China,156002977,33.0,Rural,Low,Male,Married,Lower,6.0,6.0,0.305406,Trusted,1.0,5.0,0.347986
China,156002978,64.0,Rural,Medium,Male,Married,Higher,7.0,7.0,0.492150,Trusted,1.0,5.0,0.475378
China,156002979,37.0,Urban,High,Male,Married,Higher,7.0,10.0,0.380225,Trusted,5.0,8.0,0.313471
China,156002980,62.0,Urban,Low,Female,Married,Lower,10.0,10.0,0.426358,Trusted,5.0,7.0,0.424896
China,156002981,30.0,Urban,Low,Female,Married,Middle,6.0,8.0,0.673119,Not trusted,1.0,7.0,0.339347
China,156002982,51.0,Urban,Medium,Male,Married,Higher,9.0,8.0,0.385760,Trusted,5.0,1.0,0.470061
China,156002983,43.0,Urban,Medium,Female,Single,Lower,9.0,7.0,0.260362,Trusted,2.0,8.0,0.160246
China,156002984,50.0,Urban,Medium,Female,Married,Middle,8.0,10.0,0.379111,Trusted,9.0,8.0,0.374157
China,156002985,68.0,Urban,Low,Female,Married,Lower,6.0,7.0,0.279326,Not trusted,1.0,8.0,0.306180
China,156002986,43.0,Urban,Low,Female,Married,Higher,4.0,4.0,0.856403,Trusted,1.0,7.0,0.481194
China,156002987,55.0,Rural,Low,Female,Married,Lower,8.0,6.0,0.331445,Trusted,3.0,7.0,0.432326
China,156002988,19.0,Urban,Low,Female,Married,Lower,8.0,6.0,0.321069,Not trusted,1.0,4.0,0.314936
China,156002989,34.0,Urban,Low,Female,Married,Lower,10.0,10.0,0.542460,Not trusted,6.0,8.0,0.228113
China,156002990,37.0,Rural,Medium,Male,Married,Lower,8.0,6.0,0.579196,Trusted,1.0,6.0,0.551284
China,156002991,54.0,Urban,Low,Male,Married,Lower,2.0,5.0,0.427059,Not trusted,1.0,6.0,0.427347
China,156002992,47.0,Rural,Low,Male,Married,Lower,8.0,8.0,0.413545,Not trusted,1.0,5.0,0.305139
China,156002993,50.0,Urban,Medium,Male,Married,Higher,10.0,10.0,0.558773,Trusted,1.0,10.0,0.547796
China,156002994,47.0,Rural,Medium,Female,Married,Middle,8.0,6.0,0.252733,Trusted,1.0,9.0,0.493633
China,156002995,47.0,Rural,Medium,Male,Married,Middle,8.0,7.0,0.522056,Not trusted,1.0,8.0,0.466102
China,156002996,55.0,Rural,Low,Male,Married,Lower,9.0,8.0,0.275561,Not trusted,5.0,8.0,0.341466
China,156002997,60.0,Urban,Low,Female,Married,Lower,5.0,5.0,0.146057,Not trusted,6.0,1.0,0.286632
China,156002998,55.0,Urban,Medium,Female,Separated,Higher,9.0,8.0,0.320948,Trusted,6.0,6.0,0.452646
China,156002999,20.0,Rural,Medium,Female,Married,Lower,8.0,8.0,0.309856,Trusted,1.0,5.0,0.265633
China,156003000,56.0,Urban,Low,Male,Single,Lower,8.0,4.0,0.289273,Trusted,1.0,7.0,0.299646
China,156003001,50.0,Urban,Medium,Female,Married,Lower,10.0,10.0,0.254266,Trusted,1.0,10.0,0.323411
China,156003002,60.0,Urban,Low,Female,Married,Lower,4.0,5.0,0.196229,Not trusted,1.0,1.0,0.561724
China,156003003,50.0,Rural,,Female,Married,Higher,5.0,9.0,0.276104,Trusted,1.0,7.0,0.684827
China,156003004,32.0,Rural,Medium,Male,Single,Higher,8.0,5.0,0.459035,Trusted,7.0,5.0,0.728907
China,156003005,50.0,Urban,Medium,Female,Married,Lower,10.0,10.0,0.603429,Trusted,3.0,8.0,0.384508
China,156003006,37.0,Urban,Low,Male,Single,Higher,10.0,8.0,0.467239,,2.0,6.0,0.430426
China,156003007,44.0,Rural,Medium,Male,Married,Lower,5.0,10.0,0.430143,Trusted,1.0,3.0,0.639406
China,156003008,68.0,Urban,Low,Female,Married,Lower,10.0,9.0,0.148795,Trusted,1.0,10.0,0.264431
China,156003009,68.0,Urban,Medium,Male,Married,Lower,5.0,7.0,0.481706,Trusted,1.0,9.0,0.463427
China,156003010,43.0,Urban,Low,Female,Single,Lower,8.0,7.0,0.279735,Not trusted,2.0,6.0,0.429842
China,156003011,46.0,Rural,Low,Female,Married,Middle,10.0,10.0,0.236988,Trusted,1.0,8.0,0.400067
China,156003012,35.0,Rural,Medium,Female,Married,Middle,9.0,9.0,0.469183,Trusted,2.0,7.0,0.477956
China,156003013,31.0,Urban,Low,Male,Married,Lower,7.0,4.0,0.590858,Trusted,1.0,4.0,0.408341
China,156003014,66.0,Urban,Medium,Female,Single,Higher,10.0,8.0,0.497056,Not trusted,1.0,6.0,0.660336
China,156003015,56.0,Rural,Medium,Female,Married,Lower,7.0,7.0,0.247854,Not trusted,1.0,10.0,0.621523
China,156003016,21.0,Urban,Low,Male,Married,Lower,5.0,4.0,0.568784,Not trusted,1.0,3.0,0.656231
China,156003017,40.0,Urban,Medium,Male,Married,Lower,7.0,5.0,0.352399,Not trusted,1.0,4.0,0.448916
China,156003018,55.0,Urban,Medium,Male,Married,Lower,7.0,7.0,0.496596,Not trusted,1.0,5.0,0.277684
China,156003019,43.0,Rural,Medium,Female,Married,Middle,10.0,10.0,0.478321,Trusted,1.0,10.0,0.629937
China,156003020,30.0,Urban,,Male,Married,Lower,8.0,7.0,0.527381,Not trusted,1.0,8.0,0.497663
China,156003021,37.0,Urban,Low,Female,Married,Lower,8.0,7.0,0.176719,Not trusted,5.0,8.0,0.232119
China,156003022,30.0,Urban,Medium,Female,Married,Middle,3.0,1.0,0.327878,Not trusted,1.0,4.0,0.759881
China,156003023,30.0,Rural,Low,Male,Married,Lower,7.0,4.0,0.506272,,3.0,5.0,0.486383
China,156003024,62.0,Urban,Medium,Male,Widowed,Lower,7.0,8.0,0.561178,Not trusted,1.0,1.0,0.697221
China,156003025,44.0,Rural,Low,Male,Married,Lower,6.0,5.0,0.367891,Not trusted,1.0,2.0,0.414150
China,156003026,43.0,Urban,Low,Female,Married,Lower,8.0,8.0,0.411124,Trusted,3.0,5.0,0.256228
China,156003027,39.0,Rural,Medium,Female,Married,Lower,1.0,2.0,0.223047,Not trusted,2.0,1.0,0.326630
China,156003028,46.0,Urban,Medium,Female,Married,Middle,10.0,7.0,0.324321,Not trusted,1.0,8.0,0.302559
China,156003029,69.0,Rural,Medium,Male,Married,Middle,6.0,6.0,0.342767,Trusted,2.0,6.0,0.535709
China,156003030,25.0,Urban,Low,Female,Married,Middle,5.0,3.0,0.764289,Trusted,5.0,5.0,0.442225
China,156003031,24.0,Rural,Medium,Female,Single,Higher,8.0,10.0,0.625673,Trusted,1.0,10.0,0.503755
China,156003032,30.0,Urban,Medium,Male,Married,Higher,8.0,8.0,0.490454,Trusted,9.0,7.0,0.368988
China,156003033,21.0,Urban,Medium,Female,Married,Middle,9.0,4.0,0.368695,Not trusted,3.0,5.0,0.406405
China,156003034,68.0,Urban,Medium,Female,Married,Middle,10.0,10.0,0.211161,Trusted,5.0,10.0,0.298452
China,156003035,51.0,Urban,Low,Male,Married,Middle,8.0,7.0,0.328812,Not trusted,3.0,6.0,0.103275
China,156003036,28.0,Rural,Medium,Male,Married,Middle,8.0,6.0,0.176472,Trusted,1.0,3.0,0.386726
Kazakhstan,398000001,29.0,Urban,High,Female,Married,Higher,10.0,10.0,0.048700,Trusted,5.0,10.0,0.246478
Kazakhstan,398000002,47.0,Rural,,Female,Widowed,Middle,5.0,5.0,0.522484,Not trusted,7.0,5.0,0.405651
Kazakhstan,398000003,37.0,Urban,Medium,Male,Married,Middle,3.0,5.0,0.401708,Trusted,5.0,2.0,0.458556
Kazakhstan,398000004,24.0,Urban,Medium,Female,Married,Middle,9.0,9.0,0.064645,Not trusted,10.0,9.0,0.225839
Kazakhstan,398000005,34.0,Urban,Medium,Female,Married,Higher,7.0,10.0,,Trusted,10.0,7.0,0.062329
Kazakhstan,398000006,52.0,Urban,Medium,Male,Married,Higher,9.0,9.0,0.363807,Trusted,10.0,7.0,0.355716
Kazakhstan,398000007,26.0,Rural,Medium,Male,Single,Higher,10.0,10.0,0.248793,Trusted,7.0,10.0,0.841357
Kazakhstan,398000008,55.0,Urban,Medium,Male,Married,Middle,8.0,8.0,0.378544,Not trusted,6.0,5.0,0.287384
Kazakhstan,398000009,52.0,Rural,Medium,Female,Married,Middle,4.0,5.0,0.488281,,5.0,4.0,0.793114
Kazakhstan,398000010,25.0,Rural,Medium,Female,Married,Higher,8.0,10.0,0.488791,Not trusted,10.0,7.0,0.522211
Kazakhstan,398000011,58.0,Rural,Medium,Male,,Higher,8.0,8.0,0.496469,Trusted,6.0,8.0,0.568694
Kazakhstan,398000012,32.0,Urban,Medium,Female,Married,Higher,7.0,7.0,0.477145,Not trusted,10.0,6.0,0.459698
Kazakhstan,398000013,65.0,Urban,Medium,Female,Married,Middle,5.0,5.0,0.423029,Not trusted,10.0,5.0,0.446434
Kazakhstan,398000014,25.0,Urban,Medium,Female,Single,Higher,9.0,9.0,0.493427,Trusted,4.0,7.0,0.864964
Kazakhstan,398000015,32.0,Urban,,Female,Divorced,Middle,6.0,5.0,0.476920,Trusted,,5.0,0.522572
Kazakhstan,398000016,38.0,Urban,High,Male,Single,Higher,8.0,5.0,0.477985,Not trusted,10.0,,0.428143
Kazakhstan,398000017,31.0,Urban,Medium,Male,Married,Middle,5.0,6.0,0.432005,Trusted,7.0,5.0,0.488660
Kazakhstan,398000018,44.0,Urban,Medium,Female,Married,Higher,5.0,8.0,0.610558,Not trusted,,5.0,0.131823
Kazakhstan,398000019,19.0,Urban,Medium,Female,Married,Higher,5.0,5.0,0.367550,Not trusted,5.0,5.0,0.102703
Kazakhstan,398000020,47.0,Urban,Medium,Female,Married,Higher,8.0,6.0,0.360805,Not trusted,7.0,7.0,0.430853
Kazakhstan,398000021,27.0,Rural,Medium,Male,Married,Middle,10.0,8.0,0.339699,Not trusted,10.0,9.0,0.331467
Kazakhstan,398000022,61.0,Urban,Medium,Male,Married,Middle,7.0,6.0,0.372863,Not trusted,10.0,7.0,
Kazakhstan,398000023,31.0,Rural,Medium,Male,Married,Higher,9.0,10.0,0.517832,Trusted,10.0,8.0,0.485750
Kazakhstan,398000024,30.0,Urban,Medium,Male,Single,Higher,5.0,10.0,0.283928,Trusted,10.0,7.0,0.528839
Kazakhstan,398000025,39.0,Rural,Medium,Female,Married,Higher,8.0,10.0,0.534188,Trusted,,,0.311249
Kazakhstan,398000026,24.0,Urban,Medium,Male,Married,Higher,9.0,10.0,0.512773,Trusted,6.0,6.0,0.337516
Kazakhstan,398000027,47.0,Urban,Medium,Male,Married,Higher,8.0,6.0,0.398267,Trusted,1.0,5.0,0.230347
Kazakhstan,398000028,60.0,Rural,Medium,Male,Married,Higher,10.0,10.0,0.327247,Not trusted,5.0,9.0,0.388140
Kazakhstan,398000029,21.0,Urban,Medium,Male,Married,Higher,5.0,5.0,0.415679,Trusted,5.0,3.0,0.451236
Kazakhstan,398000030,41.0,Rural,Medium,Female,Married,Lower,5.0,4.0,0.302272,Not trusted,5.0,4.0,0.532523
Kazakhstan,398000031,28.0,Rural,Medium,Male,Married,Middle,7.0,6.0,,Not trusted,10.0,6.0,0.329956
Kazakhstan,398000032,76.0,Rural,Medium,Male,Married,Middle,9.0,10.0,0.134891,Not trusted,10.0,6.0,0.421068
Kazakhstan,398000033,47.0,Rural,Medium,Female,Married,Middle,8.0,7.0,,Not trusted,10.0,7.0,0.238929
Kazakhstan,398000034,47.0,Rural,Medium,Female,Divorced,Higher,6.0,7.0,0.326299,Not trusted,8.0,5.0,0.149654
Kazakhstan,398000035,67.0,Urban,Medium,Female,Single,Higher,10.0,10.0,0.492214,Trusted,10.0,9.0,0.164509
Kazakhstan,398000036,24.0,Urban,Medium,Male,Married,Higher,10.0,10.0,0.082618,Trusted,10.0,10.0,0.460923
Kazakhstan,398000037,18.0,Urban,Medium,Female,Single,Higher,10.0,10.0,0.240756,Trusted,10.0,9.0,0.272977
Kazakhstan,398000038,20.0,Rural,Medium,Female,Married,Higher,7.0,5.0,0.366369,Not trusted,10.0,6.0,0.500184
Kazakhstan,398000039,38.0,Urban,Medium,Male,Single,Middle,6.0,6.0,0.551845,Trusted,6.0,8.0,0.423911
Kazakhstan,398000040,37.0,Urban,Medium,Male,Married,Middle,9.0,7.0,0.132359,Not trusted,8.0,5.0,0.270071
Kazakhstan,398000041,44.0,Urban,Medium,Female,Single,Higher,6.0,10.0,0.283088,Trusted,10.0,6.0,0.298572
Kazakhstan,398000042,29.0,Rural,Medium,Female,Married,Middle,6.0,8.0,0.416706,Not trusted,7.0,5.0,0.267925
Kazakhstan,398000043,23.0,Rural,Medium,Female,Married,Higher,7.0,7.0,0.475826,Not trusted,10.0,8.0,0.442943
Kazakhstan,398000044,36.0,Urban,,Female,Divorced,Lower,9.0,8.0,0.314839,Not trusted,10.0,5.0,0.414306
Kazakhstan,398000045,71.0,Urban,Medium,Female,Married,Middle,8.0,6.0,0.396243,Not trusted,9.0,8.0,0.226049
Kazakhstan,398000046,53.0,Rural,Medium,Male,Married,,4.0,5.0,0.398565,Not trusted,8.0,3.0,0.309456
Kazakhstan,398000047,29.0,Urban,Medium,Female,Divorced,Higher,6.0,6.0,0.474432,Not trusted,10.0,8.0,0.249128
Kazakhstan,398000048,26.0,Urban,High,Female,Single,Higher,,10.0,0.252793,Not trusted,10.0,9.0,0.138271
Kazakhstan,398000049,22.0,Rural,Medium,Female,Divorced,Higher,10.0,10.0,0.152829,Not trusted,10.0,6.0,0.109836
Kazakhstan,398000050,22.0,Urban,High,Female,Married,Higher,10.0,9.0,0.087125,Trusted,10.0,10.0,0.286817
Kazakhstan,398000051,32.0,Rural,Low,Male,Married,Middle,8.0,8.0,0.420594,Not trusted,9.0,7.0,0.336185
Kazakhstan,398000052,62.0,Rural,Medium,Male,Single,Middle,5.0,5.0,0.305234,Not trusted,5.0,2.0,0.544952
Kazakhstan,398000053,32.0,Rural,Medium,Female,Single,Higher,,8.0,,Not trusted,5.0,7.0,0.251970
Kazakhstan,398000054,60.0,Rural,Medium,Female,Widowed,Middle,4.0,8.0,0.525050,Not trusted,5.0,3.0,0.447305
Kazakhstan,398000055,20.0,Urban,High,Female,Widowed,,9.0,10.0,0.318116,Trusted,8.0,9.0,0.244403
Kazakhstan,398000056,38.0,Urban,Medium,Male,Widowed,Middle,10.0,8.0,0.124471,Not trusted,10.0,8.0,0.118743
Kazakhstan,398000057,18.0,Urban,Medium,Female,Single,Higher,7.0,5.0,0.192175,Not trusted,5.0,7.0,0.448411
Kazakhstan,398000058,31.0,Urban,High,Male,Married,Higher,6.0,7.0,,Not trusted,7.0,8.0,0.438376
Kazakhstan,398000059,32.0,Rural,Medium,Male,Married,,10.0,5.0,0.474737,Not trusted,5.0,10.0,0.329029
Kazakhstan,398000060,41.0,Urban,High,Male,Married,Higher,10.0,9.0,0.137554,Not trusted,9.0,9.0,
Kazakhstan,398000061,58.0,Urban,Medium,Female,Married,Middle,7.0,7.0,0.492852,Not trusted,8.0,8.0,0.279322
Kazakhstan,398000062,70.0,Urban,,Male,Married,,7.0,6.0,0.473242,Trusted,8.0,6.0,0.454009
Kazakhstan,398000063,43.0,Urban,Medium,Female,Married,Higher,10.0,8.0,0.451917,Not trusted,7.0,10.0,0.262488
Kazakhstan,398000064,47.0,Rural,Medium,Male,Divorced,Middle,8.0,7.0,0.291336,Not trusted,9.0,10.0,0.346050
Kazakhstan,398000065,32.0,Urban,Medium,Male,Married,Higher,7.0,7.0,0.298955,Trusted,8.0,8.0,0.163382
Kazakhstan,398000066,49.0,Urban,High,Female,Widowed,Middle,9.0,7.0,0.230352,Not trusted,5.0,8.0,0.342706
Kazakhstan,398000067,41.0,Urban,Medium,Female,Widowed,Higher,9.0,10.0,0.432548,Trusted,,7.0,0.511979
Kazakhstan,398000068,26.0,Rural,Medium,Female,Widowed,Higher,8.0,7.0,0.256840,Not trusted,10.0,8.0,0.324747
Kazakhstan,398000069,26.0,Urban,High,Male,Single,Higher,9.0,9.0,0.422646,Trusted,10.0,10.0,0.367647
Kazakhstan,398000070,70.0,Urban,Medium,Male,Married,Higher,10.0,6.0,0.265500,,,10.0,0.103725
Kazakhstan,398000071,73.0,Rural,Medium,Male,Divorced,Middle,,6.0,0.309867,Not trusted,9.0,8.0,0.567253
Kazakhstan,398000072,50.0,Rural,Medium,Male,Married,Higher,8.0,5.0,0.246601,Not trusted,5.0,,0.236886
Kazakhstan,398000073,37.0,Urban,Low,Male,Married,Higher,2.0,1.0,0.443097,Not trusted,1.0,5.0,0.624806
Kazakhstan,398000074,60.0,Rural,Medium,Male,Divorced,,8.0,10.0,0.373985,Trusted,10.0,7.0,0.423349
Kazakhstan,398000075,28.0,Urban,Medium,Male,Divorced,Higher,6.0,5.0,0.389112,,3.0,7.0,0.506699
Kazakhstan,398000076,36.0,Urban,Medium,Female,Married,Middle,7.0,9.0,0.370558,Not trusted,8.0,7.0,0.450748
Kazakhstan,398000077,29.0,Rural,Medium,Male,Married,Higher,7.0,1.0,0.494258,Not trusted,5.0,5.0,0.570015
Kazakhstan,398000078,33.0,Rural,High,Female,Divorced,Higher,7.0,8.0,0.369972,Not trusted,9.0,5.0,0.446166
Kazakhstan,398000079,47.0,Urban,Medium,Female,Married,Higher,5.0,5.0,0.538903,Not trusted,6.0,6.0,0.363695
Kazakhstan,398000080,56.0,Urban,Medium,Female,Married,Middle,9.0,7.0,0.513041,Trusted,6.0,8.0,0.615477
Kazakhstan,398000081,59.0,Rural,Medium,Female,Married,Higher,2.0,1.0,0.389395,Not trusted,6.0,1.0,0.261120
Kazakhstan,398000082,58.0,Urban,,Male,Single,Middle,10.0,9.0,0.518267,Not trusted,,10.0,0.572548
Kazakhstan,398000083,42.0,Rural,Medium,Female,Married,Middle,7.0,6.0,0.238120,Not trusted,8.0,5.0,0.225128
Kazakhstan,398000084,51.0,Urban,Medium,Male,Single,Middle,7.0,6.0,0.453003,Not trusted,10.0,6.0,0.166365
Kazakhstan,398000085,62.0,Urban,Medium,Female,Widowed,Lower,5.0,,0.500657,Not trusted,1.0,1.0,0.321019
Kazakhstan,398000086,38.0,Urban,Medium,Female,Married,Higher,10.0,7.0,0.432364,Not trusted,10.0,8.0,0.293073
Kazakhstan,398000087,18.0,Urban,Medium,Female,Divorced,Higher,4.0,10.0,0.706217,Trusted,,5.0,0.559695
Kazakhstan,398000088,51.0,Urban,,Female,Single,Middle,6.0,5.0,0.279609,Not trusted,5.0,6.0,0.498943
Kazakhstan,398000089,28.0,Urban,Medium,Male,Married,Middle,10.0,7.0,0.218292,Not trusted,6.0,7.0,0.469588
Kazakhstan,398000090,52.0,Urban,Medium,Male,Married,Lower,8.0,5.0,0.656790,Not trusted,10.0,3.0,0.519738
Kazakhstan,398000091,50.0,Urban,Medium,Male,Married,Middle,7.0,6.0,0.274096,Not trusted,8.0,6.0,0.474494
Kazakhstan,398000092,63.0,Rural,Medium,Female,Widowed,Middle,5.0,6.0,0.624375,Not trusted,10.0,5.0,0.201991
Kazakhstan,398000093,31.0,Urban,Medium,Female,Married,Higher,5.0,4.0,0.230088,Not trusted,5.0,5.0,0.342561
Kazakhstan,398000094,82.0,Rural,Medium,Female,Married,Middle,7.0,1.0,0.305827,Not trusted,7.0,7.0,0.330227
Kazakhstan,398000095,31.0,Urban,Medium,Female,Married,Higher,6.0,8.0,0.387530,Not trusted,7.0,6.0,0.546259
Kazakhstan,398000096,25.0,Rural,Medium,Female,Married,Higher,8.0,10.0,0.344598,Trusted,10.0,7.0,0.206005
Kazakhstan,398000097,46.0,Urban,Medium,Female,Married,Middle,5.0,7.0,0.504198,Not trusted,10.0,5.0,0.185902
Kazakhstan,398000098,60.0,Urban,Medium,Female,,Higher,4.0,5.0,0.419420,Not trusted,9.0,5.0,0.215750
Kazakhstan,398000099,42.0,Rural,Low,Male,Divorced,Middle,5.0,5.0,0.438999,Trusted,6.0,5.0,0.393283
Kazakhstan,398000100,44.0,Rural,Medium,Female,Divorced,Higher,10.0,9.0,0.241081,Trusted,10.0,5.0,0.290380
Kazakhstan,398000101,78.0,Urban,Medium,Male,Married,Higher,10.0,6.0,0.228879,Not trusted,10.0,7.0,0.398466
Kazakhstan,398000102,52.0,Rural,High,Male,Married,Higher,5.0,7.0,0.432912,Trusted,6.0,7.0,0.476486
Kazakhstan,398000103,40.0,Urban,Low,Male,Married,Middle,1.0,5.0,0.286054,Not trusted,9.0,3.0,0.264437
Kazakhstan,398000104,32.0,Urban,Medium,Male,Single,Middle,7.0,8.0,0.162677,,9.0,6.0,0.148548
Kazakhstan,398000105,46.0,Rural,Medium,Male,Married,Middle,5.0,7.0,0.547888,Not trusted,6.0,5.0,0.319867
Kazakhstan,398000106,42.0,Rural,Medium,Female,Single,Middle,8.0,10.0,0.601687,Not trusted,5.0,8.0,0.473646
Kazakhstan,398000107,36.0,Urban,Medium,Female,Divorced,Higher,5.0,3.0,0.382760,Trusted,5.0,4.0,0.366840
Kazakhstan,398000108,56.0,Urban,Medium,Female,Widowed,Higher,8.0,7.0,0.514550,Not trusted,,8.0,0.163931
Kazakhstan,398000109,58.0,Urban,Medium,Male,Widowed,Middle,10.0,10.0,0.198403,Not trusted,7.0,8.0,0.438149
Kazakhstan,398000110,24.0,Urban,Medium,Female,Married,Higher,7.0,6.0,0.528051,Not trusted,10.0,6.0,0.408852
Kazakhstan,398000111,28.0,Rural,Medium,Male,Married,Higher,8.0,8.0,0.314460,Trusted,9.0,8.0,0.457153
Kazakhstan,398000112,29.0,Urban,High,Male,Married,Higher,5.0,4.0,0.246950,Not trusted,8.0,7.0,0.283844
Kazakhstan,398000113,39.0,Rural,Medium,Female,,Higher,8.0,9.0,0.486179,Not trusted,10.0,7.0,0.165159
Kazakhstan,398000114,31.0,Rural,Medium,Female,Married,Middle,7.0,8.0,0.464419,Not trusted,4.0,5.0,0.537988
Kazakhstan,398000115,34.0,Urban,Medium,Female,,Lower,7.0,6.0,0.500565,Not trusted,5.0,8.0,0.208117
Kazakhstan,398000116,50.0,Rural,High,Female,Married,Middle,9.0,7.0,0.299749,Trusted,9.0,6.0,0.435676
Kazakhstan,398000117,52.0,Urban,Medium,Female,Single,Middle,5.0,5.0,0.297142,Trusted,9.0,6.0,0.531608
Kazakhstan,398000118,43.0,Urban,High,Male,Married,Higher,9.0,10.0,0.418073,Not trusted,7.0,8.0,0.637643
Kazakhstan,398000119,38.0,Rural,Medium,Female,Living together as married,Higher,8.0,7.0,0.457992,Trusted,10.0,7.0,0.120375
Kazakhstan,398000120,24.0,Urban,Medium,Female,Widowed,Higher,10.0,10.0,0.357605,Not trusted,10.0,10.0,0.317261
Kazakhstan,398000121,18.0,Urban,Low,Female,Married,Higher,6.0,6.0,0.184694,Not trusted,9.0,8.0,0.274273
Kazakhstan,398000122,18.0,Urban,Low,Male,Married,Higher,8.0,9.0,0.474280,Not trusted,10.0,5.0,0.244986
Kazakhstan,398000123,44.0,Rural,Medium,Female,Widowed,Higher,4.0,10.0,0.526778,Not trusted,6.0,6.0,0.601020
Kazakhstan,398000124,38.0,Rural,Medium,Female,,Higher,6.0,6.0,0.299283,Not trusted,10.0,6.0,0.488617
Kazakhstan,398000125,28.0,Urban,Medium,Female,Married,Higher,7.0,7.0,0.453316,Not trusted,6.0,8.0,0.602601
Kazakhstan,398000126,52.0,Urban,Medium,Male,Divorced,Higher,7.0,7.0,0.362508,Trusted,10.0,7.0,0.300430
Kazakhstan,398000127,45.0,Urban,Medium,Female,Married,Higher,7.0,10.0,0.503937,Not trusted,8.0,5.0,0.201879
Kazakhstan,398000128,56.0,Rural,Medium,Female,Married,Higher,8.0,6.0,0.481729,Not trusted,5.0,10.0,0.413559
Kazakhstan,398000129,25.0,Urban,Medium,Female,Single,Higher,1.0,7.0,,Not trusted,7.0,4.0,0.523967
Kazakhstan,398000130,55.0,Rural,Medium,Female,Married,Higher,7.0,8.0,0.352977,Not trusted,5.0,6.0,0.384866
Kazakhstan,398000131,38.0,Rural,Medium,Female,Single,Middle,3.0,2.0,0.477034,Not trusted,6.0,,0.647948
Kazakhstan,398000132,29.0,Urban,High,Female,Single,Higher,8.0,5.0,0.332226,Not trusted,9.0,7.0,0.247981
Kazakhstan,398000133,30.0,Rural,Medium,Female,Married,,4.0,3.0,0.528178,Not trusted,6.0,7.0,0.561443
Kazakhstan,398000134,55.0,Urban,Medium,Male,Married,Higher,9.0,6.0,0.313479,Not trusted,9.0,7.0,0.343700
Kazakhstan,398000135,51.0,Urban,Medium,Female,Married,Higher,,6.0,0.208777,Not trusted,6.0,10.0,0.390265
Kazakhstan,398000136,32.0,Urban,Medium,Female,Married,Middle,10.0,8.0,0.248983,Trusted,9.0,5.0,
Kazakhstan,398000137,26.0,Urban,Low,Male,Married,Middle,5.0,6.0,0.321681,Not trusted,9.0,,0.226909
Kazakhstan,398000138,33.0,Urban,Medium,Male,Single,Higher,6.0,5.0,0.467624,Not trusted,5.0,5.0,0.411262
Kazakhstan,398000139,58.0,Rural,Medium,Male,Single,Lower,5.0,5.0,0.533834,Not trusted,7.0,4.0,0.457651
Kazakhstan,398000140,62.0,Urban,Medium,Female,Divorced,Middle,8.0,7.0,0.312743,Not trusted,6.0,9.0,0.172169
Kazakhstan,398000141,58.0,Urban,Medium,Female,Married,Lower,8.0,9.0,0.163544,Not trusted,8.0,6.0,0.229281
Kazakhstan,398000142,54.0,Urban,Medium,Female,Married,Middle,6.0,9.0,0.170315,Not trusted,10.0,6.0,0.268373
Kazakhstan,398000143,36.0,Urban,Low,Male,Divorced,Middle,4.0,7.0,0.500339,Not trusted,6.0,1.0,0.832929
Kazakhstan,398000144,27.0,Rural,Medium,Male,Single,Higher,4.0,1.0,0.191018,Not trusted,10.0,7.0,0.174219
Kazakhstan,398000145,55.0,Rural,Low,Female,Single,Middle,4.0,5.0,0.358841,Not trusted,5.0,3.0,0.461779
Kazakhstan,398000146,60.0,Urban,Medium,Male,Married,Lower,5.0,6.0,0.332935,Not trusted,10.0,4.0,0.468636
Kazakhstan,398000147,22.0,Urban,Medium,Male,Married,Higher,8.0,10.0,0.408096,Trusted,8.0,9.0,0.474209
Kazakhstan,398000148,50.0,Urban,High,Female,Married,Higher,7.0,1.0,0.244469,Not trusted,10.0,5.0,0.483392
Kazakhstan,398000149,36.0,Urban,,Male,Married,Middle,9.0,7.0,0.226936,Not trusted,10.0,7.0,0.175605
Kazakhstan,398000150,55.0,Urban,Medium,Female,Widowed,Middle,8.0,8.0,0.236609,Not trusted,10.0,5.0,0.325948
Kazakhstan,398000151,27.0,Urban,Medium,Male,Single,Higher,6.0,7.0,0.519881,Not trusted,8.0,7.0,0.182267
Kazakhstan,398000152,35.0,Urban,Medium,Male,Married,Higher,10.0,10.0,0.225481,Trusted,10.0,9.0,0.468719
Kazakhstan,398000153,31.0,Rural,Medium,Male,Married,Higher,,6.0,0.326434,Not trusted,6.0,6.0,0.297786
Kazakhstan,398000154,24.0,Urban,High,Female,Married,Higher,7.0,7.0,0.344582,Not trusted,8.0,7.0,0.180971
Kazakhstan,398000155,34.0,Rural,Medium,Female,,Higher,4.0,6.0,0.322876,Not trusted,10.0,7.0,0.336289
Kazakhstan,398000156,32.0,Rural,Medium,Female,Married,Middle,10.0,10.0,0.347692,Not trusted,7.0,8.0,0.293529
Kazakhstan,398000157,37.0,Urban,Medium,Female,Separated,Middle,8.0,7.0,0.385820,Not trusted,5.0,5.0,0.424596
Kazakhstan,398000158,67.0,Urban,Medium,Female,Married,Middle,3.0,,0.561995,Not trusted,5.0,7.0,0.583674
Kazakhstan,398000159,24.0,Urban,Medium,Male,Married,Middle,6.0,8.0,0.187185,Not trusted,9.0,5.0,0.146045
Kazakhstan,398000160,22.0,Rural,Medium,Male,Married,Higher,7.0,8.0,0.449789,Not trusted,7.0,6.0,0.361110
Kazakhstan,398000161,30.0,Urban,Medium,Female,Married,Higher,10.0,10.0,0.452992,Trusted,9.0,8.0,0.303417
Kazakhstan,398000162,27.0,Rural,High,Male,Married,Higher,9.0,7.0,0.614674,,6.0,8.0,0.496793
Kazakhstan,398000163,73.0,Urban,Medium,Female,Married,Lower,4.0,1.0,0.477781,Not trusted,9.0,7.0,0.429841
Kazakhstan,398000164,50.0,Urban,Medium,Female,Married,Higher,,10.0,0.174912,Not trusted,6.0,4.0,0.383126
Kazakhstan,398000165,31.0,Urban,Medium,Female,Married,Higher,5.0,3.0,0.474720,Not trusted,10.0,7.0,0.483079
Kazakhstan,398000166,52.0,Urban,Medium,Female,Divorced,Middle,9.0,5.0,0.307353,Not trusted,6.0,7.0,0.516926
Kazakhstan,398000167,52.0,Urban,Medium,Female,Married,Lower,5.0,3.0,0.133966,Not trusted,5.0,5.0,0.302538
Kazakhstan,398000168,18.0,Rural,Medium,Male,Single,Higher,8.0,7.0,0.426128,Trusted,10.0,10.0,0.342777
Kazakhstan,398000169,41.0,Rural,Medium,Male,Married,Higher,7.0,8.0,0.347008,Not trusted,8.0,7.0,0.497193
Kazakhstan,398000170,57.0,Urban,Medium,Male,Married,Higher,5.0,7.0,0.361117,Not trusted,8.0,1.0,0.284833
Kazakhstan,398000171,39.0,Urban,Medium,Female,,Lower,6.0,5.0,0.342658,Not trusted,7.0,6.0,0.422241
Kazakhstan,398000172,51.0,Urban,Medium,Male,Married,Middle,6.0,5.0,0.384710,Not trusted,5.0,3.0,0.590677
Kazakhstan,398000173,27.0,Urban,Low,Male,Married,Higher,4.0,5.0,0.424650,Trusted,7.0,5.0,0.421451
Kazakhstan,398000174,22.0,Urban,Medium,Male,Married,Higher,6.0,6.0,0.255797,Trusted,10.0,8.0,0.108345
Kazakhstan,398000175,27.0,Rural,Medium,Female,Married,Higher,8.0,8.0,0.239500,Trusted,10.0,9.0,0.238161
Kazakhstan,398000176,28.0,Urban,Medium,Female,Married,Higher,10.0,10.0,0.291619,Trusted,10.0,8.0,0.411493
Kazakhstan,398000177,27.0,Urban,Medium,Male,Married,Higher,7.0,7.0,0.372355,Not trusted,5.0,4.0,0.524130
Kazakhstan,398000178,56.0,Rural,High,Female,Separated,,7.0,8.0,0.303789,Not trusted,9.0,6.0,0.262837
Kazakhstan,398000179,50.0,Rural,Medium,Male,Married,Middle,6.0,7.0,0.512803,Not trusted,5.0,3.0,0.539310
Kazakhstan,398000180,29.0,Urban,Medium,Female,Married,Lower,7.0,5.0,0.174416,Not trusted,10.0,6.0,0.118479
Kazakhstan,398000181,24.0,Urban,Medium,Female,Married,Higher,10.0,8.0,0.476402,Trusted,9.0,7.0,0.410396
Kazakhstan,398000182,47.0,Rural,Medium,Female,Married,Higher,6.0,6.0,0.562073,Not trusted,5.0,3.0,0.645896
Kazakhstan,398000183,39.0,Urban,Medium,Male,Married,Higher,6.0,10.0,0.314225,Trusted,8.0,7.0,0.365926
Kazakhstan,398000184,22.0,Urban,Low,Male,Widowed,Higher,5.0,5.0,0.507103,Trusted,6.0,6.0,0.260613
Kazakhstan,398000185,49.0,Urban,Medium,Male,Married,Middle,6.0,6.0,0.263837,Not trusted,6.0,7.0,0.188661
Kazakhstan,398000186,18.0,Urban,Medium,Female,Married,Middle,10.0,10.0,0.293449,Trusted,8.0,10.0,0.380340
Kazakhstan,398000187,46.0,Rural,Medium,Female,Single,Middle,7.0,6.0,0.193079,Not trusted,1.0,,0.584089
Kazakhstan,398000188,33.0,Rural,Medium,Female,Married,Middle,8.0,8.0,0.405925,Not trusted,10.0,4.0,0.442099
Kazakhstan,398000189,64.0,Urban,High,Female,Married,,8.0,5.0,0.499209,Not trusted,8.0,7.0,0.208400
Kazakhstan,398000190,41.0,Rural,High,Female,Married,Middle,10.0,8.0,0.265400,Trusted,9.0,8.0,0.302856
Kazakhstan,398000191,38.0,Urban,Medium,Female,Married,Middle,10.0,10.0,0.141440,Not trusted,8.0,8.0,0.405260
Kazakhstan,398000192,49.0,Rural,Medium,Female,Married,Higher,6.0,8.0,0.280431,Not trusted,10.0,6.0,0.461157
Kazakhstan,398000193,65.0,Rural,Medium,Male,Married,Middle,9.0,7.0,0.438840,Not trusted,10.0,7.0,0.355797
Kazakhstan,398000194,22.0,Urban,Medium,Male,Married,Higher,4.0,7.0,0.483627,Not trusted,10.0,6.0,0.451098
Kazakhstan,398000195,31.0,Urban,Medium,Female,Married,Higher,10.0,10.0,0.461673,Trusted,9.0,8.0,0.473938
Kazakhstan,398000196,41.0,Urban,High,Female,Single,Higher,5.0,5.0,,Trusted,8.0,,0.663964
Kazakhstan,398000197,35.0,Rural,Medium,Female,Single,Middle,5.0,5.0,0.541598,Not trusted,10.0,8.0,0.235187
Kazakhstan,398000198,19.0,Urban,Medium,Female,Married,Higher,10.0,7.0,0.528257,Not trusted,9.0,8.0,0.664759
Kazakhstan,398000199,25.0,Urban,Medium,Male,Married,Lower,10.0,10.0,0.175727,Not trusted,10.0,10.0,0.255307
Kazakhstan,398000200,43.0,Rural,Medium,Male,Married,Middle,9.0,8.0,0.377328,,9.0,4.0,0.263971
Kazakhstan,398000201,62.0,Urban,Low,Male,Married,Lower,1.0,5.0,0.428456,Not trusted,4.0,2.0,0.593039
Kazakhstan,398000202,41.0,Urban,,Male,Single,Higher,10.0,10.0,0.450540,Not trusted,6.0,6.0,0.511556
Kazakhstan,398000203,47.0,Urban,Medium,Male,Single,Middle,9.0,6.0,0.183614,Trusted,6.0,10.0,
Kazakhstan,398000204,22.0,Urban,Medium,Male,Married,Higher,9.0,8.0,0.491143,Not trusted,6.0,8.0,0.518346
Kazakhstan,398000205,35.0,Rural,Medium,Female,Divorced,Middle,8.0,6.0,0.425006,Not trusted,10.0,6.0,0.404929
Kazakhstan,398000206,59.0,Urban,Low,Female,Married,Lower,10.0,8.0,0.301360,,10.0,7.0,0.401098
Kazakhstan,398000207,37.0,Rural,Medium,Male,Divorced,Middle,8.0,7.0,0.464555,Not trusted,10.0,7.0,0.598476
Kazakhstan,398000208,54.0,Urban,Medium,Female,Single,Higher,4.0,6.0,0.451033,Not trusted,5.0,4.0,0.469981
Kazakhstan,398000209,41.0,Urban,Medium,Female,Single,Middle,8.0,10.0,0.459811,,9.0,6.0,0.355823
Kazakhstan,398000210,25.0,Rural,Medium,Female,Single,Higher,10.0,9.0,0.256200,Trusted,10.0,10.0,0.095720
Kazakhstan,398000211,51.0,Urban,Medium,Female,Widowed,,6.0,5.0,0.501776,Trusted,10.0,9.0,0.407984
Kazakhstan,398000212,23.0,Urban,Medium,Male,Married,Higher,10.0,10.0,0.453132,Not trusted,8.0,5.0,0.184087
Kazakhstan,398000213,54.0,Rural,Medium,Male,Single,Middle,6.0,5.0,0.112048,Not trusted,6.0,7.0,0.274079
Kazakhstan,398000214,21.0,Urban,Medium,Male,Widowed,Higher,5.0,10.0,0.362663,Not trusted,7.0,8.0,0.251167
Kazakhstan,398000215,42.0,Urban,Medium,Male,Single,Higher,7.0,5.0,0.431246,Not trusted,8.0,7.0,0.288437
Kazakhstan,398000216,32.0,Rural,Medium,Female,Married,Middle,5.0,6.0,0.459900,Not trusted,9.0,5.0,0.278831
Kazakhstan,398000217,67.0,Rural,Medium,Female,Married,Middle,8.0,8.0,0.455675,Trusted,9.0,5.0,0.542052
Kazakhstan,398000218,58.0,Urban,Low,Male,Married,Lower,8.0,10.0,0.553113,Not trusted,10.0,10.0,0.723019
Kazakhstan,398000219,27.0,Urban,High,Male,Widowed,Higher,6.0,7.0,0.323970,Trusted,10.0,8.0,0.476042
Kazakhstan,398000220,30.0,Urban,High,Female,Divorced,Higher,9.0,10.0,0.388306,Not trusted,6.0,3.0,0.373777
Kazakhstan,398000221,32.0,Urban,Medium,Female,Married,Higher,4.0,3.0,0.391087,Not trusted,7.0,2.0,0.507667
Kazakhstan,398000222,54.0,Urban,Medium,Female,Married,Higher,8.0,10.0,0.421632,Trusted,10.0,10.0,0.261735
Kazakhstan,398000223,40.0,Urban,Medium,Male,Married,Middle,10.0,6.0,0.303345,Trusted,10.0,9.0,0.435998
Kazakhstan,398000224,33.0,Urban,Low,Male,Divorced,Middle,4.0,5.0,0.384968,Trusted,10.0,5.0,0.442300
Kazakhstan,398000225,32.0,Urban,Medium,Male,Married,Middle,8.0,8.0,0.388898,Not trusted,5.0,5.0,0.416431
Kazakhstan,398000226,18.0,Rural,Medium,Female,Married,Higher,7.0,9.0,0.303447,Trusted,8.0,7.0,0.436877
Kazakhstan,398000227,36.0,Urban,Medium,Male,Married,Higher,10.0,7.0,0.346220,Not trusted,10.0,10.0,0.367384
Kazakhstan,398000228,40.0,Rural,Medium,Male,Widowed,Higher,10.0,9.0,0.404650,Not trusted,10.0,8.0,0.312282
Kazakhstan,398000229,26.0,Rural,Medium,Female,Married,Higher,8.0,5.0,0.313838,Trusted,5.0,7.0,0.461281
Kazakhstan,398000230,29.0,Rural,Medium,Female,Married,Higher,5.0,5.0,0.373769,Not trusted,10.0,6.0,0.408491
Kazakhstan,398000231,34.0,Rural,Medium,Male,Married,Middle,7.0,7.0,0.663803,Not trusted,7.0,9.0,0.395292
Kazakhstan,398000232,45.0,Rural,Medium,Female,Living together as married,Higher,3.0,1.0,0.487333,Trusted,9.0,2.0,0.502988
Kazakhstan,398000233,80.0,Rural,Medium,Female,Married,Middle,5.0,5.0,0.360577,Not trusted,5.0,5.0,0.158128
Kazakhstan,398000234,45.0,Rural,Medium,Female,Divorced,Higher,5.0,5.0,0.343885,Not trusted,5.0,6.0,0.346228
Kazakhstan,398000235,47.0,Urban,High,Male,Divorced,Higher,9.0,10.0,0.457829,Trusted,8.0,10.0,0.541880
Kazakhstan,398000236,46.0,Urban,Medium,Male,Married,Middle,6.0,8.0,0.382779,Not trusted,5.0,7.0,0.458552
Kazakhstan,398000237,25.0,Urban,Medium,Male,Married,Higher,6.0,4.0,0.256081,Trusted,10.0,5.0,0.270159
Kazakhstan,398000238,29.0,Rural,Medium,Female,Separated,,9.0,7.0,0.533776,Not trusted,9.0,10.0,0.287052
Kazakhstan,398000239,28.0,Urban,Medium,Male,Divorced,Higher,6.0,5.0,0.376719,Not trusted,6.0,5.0,0.285488
Kazakhstan,398000240,24.0,Urban,Medium,Male,Married,Higher,7.0,5.0,0.717179,,9.0,5.0,0.204818
Kazakhstan,398000241,34.0,Urban,Medium,Male,Single,Higher,8.0,,0.400793,Trusted,5.0,5.0,0.378308
Kazakhstan,398000242,20.0,Urban,Medium,Male,Married,Higher,9.0,,0.118086,Trusted,6.0,7.0,0.074783
Kazakhstan,398000243,18.0,Urban,Medium,Male,Married,Higher,8.0,8.0,0.106511,Trusted,6.0,6.0,0.257360
Kazakhstan,398000244,48.0,Urban,Medium,Female,Married,Higher,5.0,2.0,0.531354,Not trusted,9.0,4.0,0.315752
Kazakhstan,398000245,19.0,Urban,Medium,Female,Married,Higher,10.0,9.0,0.242420,Not trusted,10.0,10.0,0.354869
Kazakhstan,398000246,40.0,Urban,Medium,Female,Widowed,Higher,5.0,5.0,0.175691,Trusted,8.0,5.0,0.285154
Kazakhstan,398000247,27.0,Urban,High,Female,Married,Higher,8.0,8.0,0.578412,Not trusted,6.0,7.0,0.416032
Kazakhstan,398000248,55.0,Urban,Low,Female,Married,Middle,7.0,10.0,0.298010,Not trusted,9.0,8.0,0.202346
Kazakhstan,398000249,31.0,Urban,Low,Female,Married,Lower,6.0,4.0,0.470762,Not trusted,10.0,4.0,0.462943
Kazakhstan,398000250,36.0,Rural,,Male,Married,Middle,3.0,5.0,0.463897,Not trusted,10.0,3.0,0.506408
Kazakhstan,398000251,30.0,Urban,Medium,Male,Married,Middle,6.0,8.0,0.517145,Not trusted,5.0,6.0,0.547123
Kazakhstan,398000252,27.0,Urban,Medium,Female,Married,Middle,6.0,6.0,0.458403,Not trusted,4.0,7.0,0.506447
Kazakhstan,398000253,52.0,Rural,Medium,Female,Married,Middle,5.0,5.0,0.262484,Not trusted,10.0,8.0,0.411679
Kazakhstan,398000254,26.0,Rural,Medium,Female,Divorced,Higher,3.0,1.0,0.470074,Not trusted,8.0,5.0,0.397967
Kazakhstan,398000255,29.0,Rural,Medium,Female,Divorced,Higher,7.0,6.0,0.491937,Not trusted,7.0,7.0,0.425904
Kazakhstan,398000256,67.0,Rural,Medium,Female,Married,Middle,9.0,6.0,0.465361,Not trusted,8.0,9.0,0.235016
Kazakhstan,398000257,35.0,Rural,Low,Male,Married,Middle,7.0,8.0,0.323721,Not trusted,7.0,5.0,0.528338
Kazakhstan,398000258,35.0,Urban,Medium,Female,Married,Higher,10.0,7.0,0.498795,Not trusted,9.0,10.0,0.159560
Kazakhstan,398000259,38.0,Urban,Medium,Male,Married,Higher,4.0,5.0,0.298347,Not trusted,9.0,4.0,0.170513
Kazakhstan,398000260,37.0,Rural,Medium,Male,Married,Middle,8.0,6.0,0.479546,Not trusted,10.0,8.0,0.255577
Kazakhstan,398000261,26.0,Urban,Medium,Male,Married,Higher,8.0,10.0,0.408463,Trusted,10.0,6.0,0.463011
Kazakhstan,398000262,21.0,Urban,Medium,Female,Married,Higher,1.0,2.0,0.364919,Not trusted,5.0,1.0,0.369335
Kazakhstan,398000263,86.0,Rural,Medium,Female,Divorced,Middle,9.0,8.0,0.506985,Not trusted,7.0,5.0,0.484383
Kazakhstan,398000264,25.0,Rural,High,Male,Divorced,Higher,8.0,5.0,0.456535,Trusted,5.0,6.0,0.268706
Kazakhstan,398000265,40.0,Urban,Medium,Female,Married,Middle,3.0,6.0,0.247704,Not trusted,8.0,1.0,0.280360
Kazakhstan,398000266,25.0,Urban,Medium,Male,Married,Higher,7.0,4.0,0.530631,Not trusted,7.0,3.0,0.394932
Kazakhstan,398000267,50.0,Rural,Medium,Female,Widowed,Middle,7.0,8.0,0.394790,Not trusted,9.0,5.0,0.656017
Kazakhstan,398000268,71.0,Urban,Medium,Female,Widowed,Higher,9.0,10.0,0.185663,Not trusted,10.0,7.0,0.379634
Kazakhstan,398000269,36.0,Rural,High,Female,Married,Higher,10.0,10.0,0.540864,Trusted,8.0,10.0,0.276955
Kazakhstan,398000270,42.0,Rural,Medium,Female,Divorced,Higher,7.0,7.0,0.475007,Not trusted,8.0,9.0,0.427785
Kazakhstan,398000271,80.0,Rural,Medium,Male,,Middle,10.0,6.0,0.175277,Not trusted,10.0,5.0,0.240150
Kazakhstan,398000272,38.0,Urban,Low,Female,Divorced,Middle,10.0,8.0,0.280590,Not trusted,10.0,10.0,0.176435
Kazakhstan,398000273,20.0,Urban,Medium,Female,Married,Higher,6.0,6.0,0.568657,Not trusted,5.0,5.0,0.507742
Kazakhstan,398000274,39.0,Urban,Medium,Female,Single,Higher,8.0,7.0,0.294218,Trusted,10.0,5.0,0.318115
Kazakhstan,398000275,48.0,Rural,,Male,Single,Higher,5.0,1.0,0.201195,Trusted,5.0,3.0,0.405230
Kazakhstan,398000276,40.0,Urban,Medium,Male,Married,Higher,8.0,8.0,0.150836,Not trusted,10.0,6.0,0.228604
Kazakhstan,398000277,28.0,Urban,Medium,Female,Married,,6.0,4.0,0.274397,Not trusted,4.0,4.0,0.427028
Kazakhstan,398000278,26.0,Rural,Low,Female,Married,Higher,6.0,1.0,0.426610,Not trusted,10.0,4.0,0.423259
Kazakhstan,398000279,37.0,Rural,Medium,Female,Married,Middle,8.0,,0.239943,Not trusted,8.0,5.0,0.126416
Kazakhstan,398000280,47.0,Urban,Medium,Male,Married,Higher,7.0,9.0,0.247065,Not trusted,10.0,8.0,0.351231
Kazakhstan,398000281,19.0,Urban,Medium,Male,Married,,5.0,6.0,0.301744,Trusted,8.0,4.0,0.681846
Kazakhstan,398000282,38.0,Urban,Low,Female,Divorced,,5.0,3.0,0.411052,Not trusted,9.0,,0.427485
Kazakhstan,398000283,60.0,Rural,Medium,Female,Married,Higher,8.0,7.0,0.445333,Trusted,10.0,8.0,0.084874
Kazakhstan,398000284,41.0,Urban,Medium,Female,Married,Higher,5.0,3.0,0.280919,Not trusted,10.0,6.0,0.457985
Kazakhstan,398000285,57.0,Urban,Medium,Female,,Higher,8.0,8.0,0.573855,Trusted,10.0,4.0,0.638782
Kazakhstan,398000286,66.0,Rural,High,Female,Married,Middle,9.0,9.0,0.198868,Trusted,10.0,4.0,0.257224
Kazakhstan,398000287,63.0,Rural,Medium,Female,Married,Higher,5.0,9.0,0.281803,Trusted,10.0,5.0,0.318946
Kazakhstan,398000288,45.0,Urban,Medium,Female,Single,Higher,5.0,8.0,0.390102,Not trusted,10.0,6.0,0.479252
Kazakhstan,398000289,40.0,Rural,Low,Female,Married,Middle,9.0,5.0,0.216732,Not trusted,10.0,8.0,0.548965
Kazakhstan,398000290,64.0,Rural,High,Female,Widowed,Higher,8.0,8.0,0.451768,,10.0,7.0,0.295596
Kazakhstan,398000291,33.0,Urban,Medium,Male,Married,Higher,6.0,8.0,0.441344,Not trusted,10.0,7.0,0.538236
Kazakhstan,398000292,57.0,Rural,Medium,Female,Married,Higher,2.0,5.0,0.474006,Not trusted,5.0,2.0,0.527526
Kazakhstan,398000293,57.0,Rural,Medium,Female,Single,Higher,8.0,7.0,0.202214,Not trusted,9.0,5.0,0.254396
Kazakhstan,398000294,36.0,Urban,Medium,Male,Married,Higher,4.0,5.0,0.637491,Not trusted,6.0,5.0,0.367052
Kazakhstan,398000295,26.0,Rural,High,Female,Married,Higher,8.0,6.0,0.275801,Trusted,10.0,7.0,0.458279
Kazakhstan,398000296,33.0,Urban,Medium,Female,Married,Higher,8.0,5.0,0.383437,Trusted,10.0,10.0,0.452969
Kazakhstan,398000297,29.0,Rural,Medium,Female,Married,Higher,10.0,10.0,0.382189,Not trusted,10.0,10.0,0.285251
Kazakhstan,398000298,46.0,Urban,Medium,Male,Single,Middle,7.0,7.0,0.440176,Not trusted,4.0,4.0,0.479188
Kazakhstan,398000299,34.0,Urban,Medium,Female,Married,Higher,8.0,8.0,0.353501,Not trusted,5.0,6.0,0.537993
Kazakhstan,398000300,62.0,Urban,Medium,Female,Married,Middle,3.0,1.0,0.425437,Not trusted,9.0,4.0,0.476365
Kazakhstan,398000301,60.0,Rural,Medium,Male,Widowed,Middle,9.0,9.0,0.335252,,6.0,8.0,0.449513
Kazakhstan,398000302,25.0,Rural,Medium,Male,Single,Higher,5.0,5.0,0.449564,Trusted,10.0,7.0,0.544002
Kazakhstan,398000303,34.0,Urban,Medium,Female,Married,Higher,5.0,8.0,0.324666,Not trusted,10.0,5.0,0.478748
Kazakhstan,398000304,22.0,Rural,Medium,Male,Married,Higher,5.0,7.0,0.373002,Not trusted,5.0,9.0,0.331835
Kazakhstan,398000305,47.0,Urban,Medium,Male,Married,Middle,7.0,4.0,0.319155,Not trusted,10.0,7.0,0.242378
Kazakhstan,398000306,24.0,Rural,Medium,Female,Married,Higher,8.0,8.0,0.542938,Trusted,8.0,8.0,0.235384
Kazakhstan,398000307,42.0,Urban,Medium,Male,Single,Higher,10.0,10.0,0.355093,Not trusted,10.0,9.0,0.092625
Kazakhstan,398000308,49.0,Urban,Medium,Male,Married,Middle,6.0,10.0,0.113878,Not trusted,10.0,6.0,0.283146
Kazakhstan,398000309,47.0,Urban,Medium,Female,Divorced,Higher,6.0,,0.297728,Not trusted,10.0,8.0,0.094673
Kazakhstan,398000310,47.0,Rural,Medium,Female,Married,Higher,10.0,10.0,0.315653,Not trusted,9.0,7.0,0.286327
Kazakhstan,398000311,21.0,Rural,High,Male,Married,Higher,10.0,9.0,0.357482,Not trusted,10.0,8.0,0.754152
Kazakhstan,398000312,47.0,Rural,Medium,Female,Married,Middle,1.0,1.0,0.553819,Not trusted,9.0,5.0,0.687969
Kazakhstan,398000313,40.0,Urban,Medium,Female,Married,Lower,7.0,6.0,0.470655,Not trusted,5.0,6.0,0.594419
Kazakhstan,398000314,43.0,Urban,Low,Male,Married,Middle,10.0,7.0,0.417631,,7.0,10.0,0.394477
Kazakhstan,398000315,33.0,Urban,High,Male,Single,Higher,5.0,5.0,0.497262,Trusted,6.0,7.0,0.504532
Kazakhstan,398000316,71.0,Urban,Medium,Female,Married,Middle,10.0,6.0,0.342843,Not trusted,9.0,6.0,0.422258
Kazakhstan,398000317,44.0,Urban,Medium,Male,Widowed,Middle,7.0,5.0,0.382899,Not trusted,10.0,8.0,0.604887
Kazakhstan,398000318,52.0,Rural,Low,Male,Married,Middle,4.0,5.0,0.220024,Not trusted,8.0,4.0,0.203716
Kazakhstan,398000319,46.0,Urban,Medium,Male,Widowed,Higher,8.0,7.0,0.292603,Trusted,9.0,6.0,0.400200
Kazakhstan,398000320,33.0,Rural,High,Male,Divorced,Middle,10.0,8.0,,Trusted,10.0,7.0,0.254119
Kazakhstan,398000321,40.0,Urban,Low,Male,Married,Higher,5.0,3.0,0.468002,Not trusted,8.0,4.0,0.211175
Kazakhstan,398000322,29.0,Urban,Medium,Female,Married,Higher,6.0,,0.485460,Trusted,10.0,10.0,0.515641
Kazakhstan,398000323,53.0,Rural,Medium,Male,Married,Higher,8.0,9.0,0.356807,Trusted,10.0,6.0,0.077273
Kazakhstan,398000324,38.0,Rural,High,Male,Married,Higher,4.0,1.0,0.330760,Not trusted,,1.0,0.485454
Kazakhstan,398000325,46.0,Rural,Medium,Female,Married,Higher,10.0,7.0,0.492684,Not trusted,10.0,7.0,0.274429
Kazakhstan,398000326,47.0,Rural,Medium,Female,Married,Higher,7.0,10.0,0.413087,Trusted,,7.0,0.229485
Kazakhstan,398000327,34.0,Rural,Medium,Female,Married,Higher,8.0,6.0,0.300784,Not trusted,8.0,8.0,0.369409
Kazakhstan,398000328,31.0,Rural,Medium,Male,Widowed,Middle,9.0,6.0,0.491450,Not trusted,10.0,9.0,0.414587
Kazakhstan,398000329,49.0,Urban,Medium,Female,Widowed,Middle,6.0,6.0,0.391700,Trusted,,6.0,0.282076
Kazakhstan,398000330,41.0,Rural,Medium,Male,Married,Higher,6.0,5.0,0.286813,Not trusted,10.0,3.0,0.180334
Kazakhstan,398000331,19.0,Rural,Low,Female,Married,Middle,2.0,4.0,0.323271,Not trusted,9.0,4.0,0.372714
Kazakhstan,398000332,53.0,Rural,Medium,Male,,Higher,7.0,5.0,0.665480,Not trusted,5.0,7.0,0.300233
Kazakhstan,398000333,31.0,Rural,Medium,Male,Married,Middle,6.0,9.0,0.360751,Not trusted,8.0,6.0,0.686049
Kazakhstan,398000334,43.0,Urban,Medium,Female,Married,Higher,5.0,3.0,0.051174,Trusted,7.0,3.0,0.274253
Kazakhstan,398000335,43.0,Rural,Low,Female,Widowed,Middle,,10.0,0.333731,Not trusted,7.0,5.0,0.430557
Kazakhstan,398000336,24.0,Rural,Medium,Female,Widowed,Higher,10.0,10.0,0.396150,Not trusted,10.0,,0.456637
Kazakhstan,398000337,29.0,Rural,Medium,Female,Living together as married,Middle,6.0,,0.137718,Not trusted,7.0,9.0,0.466761
Kazakhstan,398000338,48.0,Urban,Medium,Female,Married,Middle,7.0,5.0,0.290194,Not trusted,5.0,6.0,0.326121
Kazakhstan,398000339,73.0,Rural,Medium,Male,Married,Higher,5.0,7.0,0.447512,Not trusted,7.0,5.0,0.450013
Kazakhstan,398000340,58.0,Urban,,Female,Married,Higher,7.0,4.0,0.343487,Trusted,5.0,5.0,0.710098
Kazakhstan,398000341,30.0,Rural,,Female,Married,,6.0,5.0,0.455584,Trusted,5.0,8.0,0.445514
Kazakhstan,398000342,31.0,Rural,Medium,Female,Single,Middle,7.0,10.0,0.510134,Not trusted,5.0,7.0,0.193950
Kazakhstan,398000343,55.0,Urban,Medium,Female,Married,Higher,10.0,9.0,0.622763,Not trusted,10.0,9.0,0.338406
Kazakhstan,398000344,25.0,Rural,High,Female,Married,Middle,8.0,7.0,0.204842,,10.0,10.0,0.315512
Kazakhstan,398000345,75.0,Urban,High,Female,Married,Higher,7.0,10.0,0.662853,Not trusted,10.0,5.0,0.539145
Kazakhstan,398000346,36.0,Urban,Medium,Male,Married,Higher,7.0,8.0,0.478241,Not trusted,10.0,5.0,0.444427
Kazakhstan,398000347,50.0,Urban,Medium,Male,Married,Higher,10.0,5.0,0.364436,Not trusted,5.0,10.0,0.574317
Kazakhstan,398000348,20.0,Rural,Medium,Male,Married,Higher,8.0,3.0,0.426232,Trusted,5.0,6.0,0.477698
Kazakhstan,398000349,25.0,Rural,Low,Male,Single,Middle,8.0,8.0,0.449594,Not trusted,9.0,4.0,0.223528
Kazakhstan,398000350,26.0,Urban,Medium,Female,Married,Higher,9.0,9.0,0.453063,Not trusted,10.0,8.0,0.294526
Kazakhstan,398000351,33.0,Urban,Medium,Female,Single,Higher,8.0,7.0,0.211212,Not trusted,10.0,8.0,0.294260
Kazakhstan,398000352,28.0,Rural,Medium,Female,Married,Middle,1.0,1.0,0.358103,Not trusted,8.0,1.0,0.085929
Kazakhstan,398000353,22.0,Urban,Medium,Female,Married,Higher,7.0,9.0,0.563127,Not trusted,10.0,7.0,0.413833
Kazakhstan,398000354,41.0,Urban,Medium,Female,Divorced,Higher,5.0,5.0,0.553308,Trusted,4.0,,0.535589
Kazakhstan,398000355,36.0,Rural,High,Male,Married,Higher,7.0,10.0,0.179843,Trusted,10.0,7.0,0.100845
Kazakhstan,398000356,36.0,Rural,High,Female,Single,Higher,8.0,7.0,0.264313,Not trusted,10.0,10.0,0.411411
Kazakhstan,398000357,36.0,Urban,Medium,Female,Married,Higher,7.0,7.0,0.323166,Not trusted,10.0,8.0,0.000000
Kazakhstan,398000358,36.0,Rural,Medium,Male,Married,Higher,7.0,7.0,0.316242,Not trusted,10.0,4.0,0.439949
Kazakhstan,398000359,54.0,Urban,Medium,Female,Single,Middle,6.0,7.0,0.217378,Not trusted,10.0,3.0,0.393015
Kazakhstan,398000360,54.0,Rural,High,Male,Married,Higher,6.0,5.0,0.321635,Not trusted,7.0,7.0,0.486697
Kazakhstan,398000361,57.0,Rural,Medium,Male,Single,Higher,6.0,8.0,0.327772,Trusted,10.0,4.0,0.287078
Kazakhstan,398000362,35.0,Urban,Medium,Male,Married,Higher,9.0,10.0,0.186824,Not trusted,10.0,8.0,0.213340
Kazakhstan,398000363,55.0,Rural,Medium,Female,Married,Higher,8.0,7.0,0.227475,Trusted,10.0,5.0,0.406518
Kazakhstan,398000364,43.0,Urban,Medium,Male,Widowed,Higher,5.0,7.0,0.351717,Trusted,7.0,4.0,0.421424
Kazakhstan,398000365,31.0,Urban,Low,Female,Divorced,Middle,5.0,5.0,0.434325,Not trusted,10.0,4.0,0.448301
Kazakhstan,398000366,32.0,Urban,Medium,Female,Married,Higher,7.0,7.0,0.423895,Not trusted,5.0,5.0,0.431691
Kazakhstan,398000367,43.0,Urban,Medium,Female,Married,,3.0,5.0,0.551901,Not trusted,10.0,5.0,0.425308
Kazakhstan,398000368,53.0,Urban,Medium,Male,,Higher,8.0,5.0,0.183926,Not trusted,9.0,10.0,0.184324
Kazakhstan,398000369,32.0,Rural,Medium,Male,Single,Higher,8.0,9.0,0.514810,Not trusted,10.0,4.0,0.063254
Kazakhstan,398000370,50.0,Rural,Medium,Male,Married,Higher,6.0,6.0,0.168140,,6.0,7.0,0.354917
Kazakhstan,398000371,59.0,Urban,Medium,Female,Married,Higher,5.0,6.0,0.319637,,7.0,4.0,0.504571
Kazakhstan,398000372,27.0,Urban,Medium,Female,Widowed,Higher,1.0,1.0,0.414278,Not trusted,,1.0,0.563125
Kazakhstan,398000373,31.0,Urban,Medium,Male,Married,Lower,10.0,10.0,0.172533,Not trusted,6.0,8.0,0.229438
Kazakhstan,398000374,56.0,Rural,Medium,Male,Married,Higher,5.0,5.0,0.489282,Not trusted,4.0,5.0,0.286672
Kazakhstan,398000375,49.0,Urban,High,Male,Married,Higher,8.0,8.0,0.205119,Trusted,10.0,8.0,0.386303
Kazakhstan,398000376,54.0,Rural,Medium,Female,Married,Higher,6.0,7.0,0.512021,Trusted,9.0,7.0,0.430198
Kazakhstan,398000377,39.0,Urban,Medium,Female,Married,Middle,8.0,5.0,0.416011,Not trusted,10.0,10.0,0.105842
Kazakhstan,398000378,45.0,Urban,Medium,Female,Married,Higher,10.0,8.0,0.410254,Not trusted,,9.0,0.103129
Kazakhstan,398000379,43.0,Rural,Medium,Female,Single,Middle,9.0,10.0,0.260172,Not trusted,8.0,7.0,0.271616
Kazakhstan,398000380,43.0,Rural,Medium,Male,Single,Higher,10.0,,0.374812,Not trusted,10.0,10.0,0.234821
Kazakhstan,398000381,61.0,Urban,Low,Female,Single,Lower,6.0,6.0,0.208889,Not trusted,3.0,4.0,0.282739
Kazakhstan,398000382,29.0,Urban,Medium,Male,Married,Higher,6.0,8.0,0.341199,Trusted,7.0,8.0,0.167091
Kazakhstan,398000383,32.0,Rural,Medium,Female,Married,Middle,10.0,7.0,0.211390,Not trusted,8.0,6.0,0.327864
Kazakhstan,398000384,55.0,Urban,Medium,Female,Divorced,Middle,8.0,10.0,0.258035,Not trusted,10.0,4.0,0.365309
Kazakhstan,398000385,51.0,Urban,Low,Female,Married,Middle,7.0,4.0,0.511881,Not trusted,10.0,1.0,0.136187
Kazakhstan,398000386,60.0,Urban,Medium,Male,Married,Higher,10.0,10.0,0.393784,Not trusted,6.0,8.0,0.110367
Kazakhstan,398000387,45.0,Urban,High,Female,Married,Higher,10.0,10.0,0.336381,Not trusted,10.0,8.0,0.111126
Kazakhstan,398000388,51.0,Urban,Medium,Male,Single,Higher,2.0,8.0,0.458081,Trusted,7.0,5.0,0.214713
Kazakhstan,398000389,46.0,Urban,Medium,Female,Married,Middle,5.0,4.0,0.457861,Not trusted,7.0,8.0,0.303755
Kazakhstan,398000390,45.0,Rural,Medium,Female,Married,Middle,10.0,10.0,0.298956,Trusted,9.0,8.0,0.304376
Kazakhstan,398000391,54.0,Rural,Medium,Female,Married,Middle,8.0,7.0,0.461292,Trusted,10.0,5.0,0.667231
Kazakhstan,398000392,46.0,Urban,Medium,Female,Single,Higher,8.0,7.0,0.386583,Not trusted,,8.0,0.498296
Kazakhstan,398000393,38.0,Urban,Medium,Female,Single,Middle,9.0,7.0,0.217807,Not trusted,7.0,8.0,0.469625
Kazakhstan,398000394,63.0,Rural,Medium,Female,Single,Middle,10.0,,0.299400,Trusted,7.0,8.0,0.367576
Kazakhstan,398000395,28.0,Rural,High,Male,Married,Higher,7.0,8.0,0.355583,Trusted,7.0,5.0,0.373591
Kazakhstan,398000396,24.0,Urban,Medium,Male,,Higher,5.0,4.0,0.251026,Not trusted,6.0,3.0,0.472031
Kazakhstan,398000397,62.0,Urban,Medium,Male,Married,Middle,8.0,8.0,0.448325,,4.0,7.0,
Kazakhstan,398000398,47.0,Urban,Low,Female,Single,Lower,7.0,5.0,0.280586,Not trusted,10.0,3.0,0.371254
Kazakhstan,398000399,29.0,Urban,Medium,Female,Single,Higher,8.0,6.0,0.542942,Not trusted,10.0,7.0,0.220451
Kazakhstan,398000400,21.0,Urban,Medium,Female,Single,Higher,5.0,10.0,0.446164,Trusted,10.0,6.0,0.378807
Kazakhstan,398000401,45.0,Rural,Medium,Male,Divorced,Higher,10.0,10.0,0.233232,Trusted,8.0,10.0,0.284261
Kazakhstan,398000402,47.0,Urban,Medium,Female,Married,Higher,10.0,6.0,0.422751,Not trusted,10.0,8.0,0.240078
Kazakhstan,398000403,29.0,Rural,High,Female,Single,Higher,9.0,8.0,0.219342,Not trusted,9.0,9.0,0.233823
Kazakhstan,398000404,71.0,Urban,Medium,Male,Married,Higher,6.0,3.0,0.332310,Not trusted,5.0,3.0,0.530406
Kazakhstan,398000405,43.0,Rural,Medium,Female,Married,Middle,8.0,5.0,0.282707,,9.0,6.0,0.379929
Kazakhstan,398000406,57.0,Urban,Medium,Female,Married,Middle,7.0,6.0,0.469587,Not trusted,10.0,5.0,0.389068
Kazakhstan,398000407,22.0,Urban,Medium,Female,Single,Higher,7.0,5.0,0.043276,Not trusted,10.0,10.0,0.331771
Kazakhstan,398000408,40.0,Urban,Medium,Male,Married,Higher,9.0,7.0,0.556303,Not trusted,10.0,7.0,0.460769
Kazakhstan,398000409,35.0,Rural,Medium,Male,Married,Higher,10.0,10.0,0.308794,Trusted,10.0,7.0,0.373377
Kazakhstan,398000410,30.0,Rural,Medium,Female,Single,Higher,5.0,7.0,0.554991,Not trusted,10.0,4.0,0.282822
Kazakhstan,398000411,52.0,Urban,Low,Female,Married,Middle,10.0,10.0,0.384072,Not trusted,9.0,9.0,0.239007
Kazakhstan,398000412,77.0,Urban,Medium,Female,Married,,7.0,8.0,0.459387,Not trusted,6.0,4.0,0.744544
Kazakhstan,398000413,30.0,Rural,Medium,Male,Married,Higher,5.0,8.0,0.513082,Not trusted,5.0,5.0,0.488813
Kazakhstan,398000414,65.0,Urban,Low,Male,Married,Middle,5.0,7.0,0.385651,Not trusted,6.0,3.0,0.506177
Kazakhstan,398000415,49.0,Rural,Medium,Male,Single,Middle,6.0,3.0,0.355295,Not trusted,10.0,,0.449936
Kazakhstan,398000416,33.0,Rural,High,Female,Divorced,Higher,,8.0,0.387800,,10.0,7.0,0.577457
Kazakhstan,398000417,54.0,Rural,Medium,Female,Married,Middle,4.0,3.0,0.436883,,4.0,1.0,0.519604
Kazakhstan,398000418,50.0,Rural,High,Male,Single,Higher,10.0,8.0,0.315949,Not trusted,10.0,9.0,0.162289
Kazakhstan,398000419,25.0,Rural,Medium,Male,Married,Higher,10.0,10.0,0.355020,,,7.0,0.120186
Kazakhstan,398000420,26.0,Rural,High,Female,Widowed,Higher,8.0,7.0,0.543294,Trusted,10.0,9.0,0.475034
Kazakhstan,398000421,36.0,Urban,,Female,Single,Higher,2.0,5.0,0.468893,Trusted,6.0,3.0,0.585150
Kazakhstan,398000422,49.0,Urban,Medium,Male,Married,Higher,7.0,8.0,0.383117,Not trusted,10.0,5.0,0.401344
Kazakhstan,398000423,33.0,Rural,Medium,Male,Married,Higher,7.0,6.0,0.618429,Not trusted,10.0,5.0,0.450270
Kazakhstan,398000424,36.0,Urban,Medium,Female,Married,,8.0,9.0,0.402790,Not trusted,10.0,4.0,0.255813
Kazakhstan,398000425,32.0,Rural,High,Female,Living together as married,Higher,5.0,7.0,0.459842,Trusted,6.0,5.0,0.842586
Kazakhstan,398000426,54.0,Rural,Medium,Female,Married,Higher,10.0,10.0,0.263396,Not trusted,10.0,8.0,0.283461
Kazakhstan,398000427,55.0,Rural,Medium,Female,Divorced,Middle,8.0,7.0,0.255169,Not trusted,10.0,9.0,0.126381
Kazakhstan,398000428,41.0,Urban,Medium,Female,Married,Higher,7.0,7.0,0.320912,Trusted,8.0,7.0,0.446458
Kazakhstan,398000429,36.0,Rural,Medium,Male,Married,Higher,5.0,5.0,0.245532,Not trusted,6.0,7.0,0.166892
Kazakhstan,398000430,62.0,Urban,Medium,Male,Divorced,Higher,6.0,6.0,0.383088,Not trusted,10.0,5.0,0.539198
Kazakhstan,398000431,51.0,Rural,Medium,Male,Married,Middle,8.0,,0.261528,Not trusted,10.0,8.0,0.354505
Kazakhstan,398000432,84.0,Rural,Medium,Male,Married,,6.0,7.0,0.318862,Trusted,5.0,9.0,0.196283
Kazakhstan,398000433,73.0,Rural,Medium,Male,Married,Middle,9.0,9.0,0.181919,Not trusted,10.0,6.0,0.393682
Kazakhstan,398000434,47.0,Rural,Medium,Female,Married,Middle,10.0,6.0,0.340050,Not trusted,10.0,5.0,0.071103
Kazakhstan,398000435,50.0,Rural,Medium,Female,Married,Middle,8.0,10.0,0.258664,Not trusted,6.0,6.0,0.512768
Kazakhstan,398000436,36.0,Rural,Medium,Female,Widowed,Middle,7.0,9.0,0.201992,Not trusted,10.0,7.0,0.549413
Kazakhstan,398000437,57.0,Urban,Medium,Female,Widowed,Middle,7.0,8.0,0.387670,Not trusted,10.0,7.0,0.383476
Kazakhstan,398000438,30.0,Urban,Medium,Female,Married,,6.0,8.0,0.322602,Not trusted,10.0,5.0,0.195232
Kazakhstan,398000439,27.0,Rural,Medium,Female,Married,Middle,6.0,7.0,0.228229,Not trusted,6.0,8.0,0.267750
Kazakhstan,398000440,37.0,Rural,Low,Male,Married,Middle,8.0,6.0,0.210126,Not trusted,6.0,7.0,0.105520
Kazakhstan,398000441,58.0,Urban,Medium,Male,Married,Middle,7.0,5.0,0.581669,Not trusted,10.0,6.0,0.392106
Kazakhstan,398000442,38.0,Rural,,Female,Married,Higher,8.0,7.0,0.086174,Not trusted,9.0,8.0,0.267839
Kazakhstan,398000443,82.0,Urban,Medium,Female,Married,Higher,5.0,3.0,0.480922,Trusted,8.0,5.0,0.614926
Kazakhstan,398000444,27.0,Urban,Medium,Female,Married,Higher,8.0,8.0,0.435715,Not trusted,5.0,5.0,0.689370
Kazakhstan,398000445,27.0,Urban,Medium,Male,Married,Higher,8.0,7.0,0.411595,Not trusted,9.0,6.0,0.411523
Kazakhstan,398000446,30.0,Rural,High,Male,Married,Higher,10.0,6.0,0.464432,Trusted,10.0,10.0,0.080051
Kazakhstan,398000447,19.0,Urban,Medium,Female,,Higher,10.0,8.0,0.571513,Not trusted,10.0,7.0,0.313803
Kazakhstan,398000448,44.0,Urban,Medium,Female,Married,Higher,8.0,8.0,0.264071,Not trusted,8.0,7.0,0.490969
Kazakhstan,398000449,45.0,Urban,Medium,Female,Married,Higher,7.0,1.0,0.308609,Trusted,7.0,7.0,0.307124
Kazakhstan,398000450,44.0,Rural,Medium,Female,Single,Higher,7.0,8.0,0.422401,Not trusted,9.0,8.0,0.229917
Kazakhstan,398000451,43.0,Rural,Low,Male,Married,Higher,4.0,3.0,0.305108,Not trusted,1.0,7.0,0.118020
Kazakhstan,398000452,27.0,Rural,Medium,Male,Single,Lower,7.0,6.0,0.374050,Not trusted,10.0,3.0,0.111781
Kazakhstan,398000453,35.0,Rural,Medium,Male,Divorced,Higher,8.0,8.0,0.494776,Trusted,10.0,5.0,0.511090
Kazakhstan,398000454,25.0,Rural,,Female,Married,Higher,8.0,6.0,0.464849,Not trusted,5.0,6.0,0.378114
Kazakhstan,398000455,76.0,Urban,Medium,Female,Married,Middle,8.0,7.0,0.545912,Trusted,5.0,10.0,0.413151
Kazakhstan,398000456,43.0,Urban,Medium,Male,Divorced,Middle,7.0,,0.303831,Not trusted,9.0,5.0,0.136468
Kazakhstan,398000457,34.0,Urban,Medium,Female,Single,Middle,4.0,5.0,0.246732,,8.0,6.0,0.421431
Kazakhstan,398000458,48.0,Rural,Medium,Female,Married,Higher,8.0,5.0,0.550008,Trusted,8.0,5.0,
Kazakhstan,398000459,28.0,Urban,High,Female,Widowed,Higher,5.0,8.0,0.523599,Trusted,5.0,6.0,0.438243
Kazakhstan,398000460,47.0,Rural,Medium,Male,Married,Middle,5.0,5.0,0.243722,Not trusted,10.0,,0.291030
Kazakhstan,398000461,26.0,Urban,Medium,Female,Married,Higher,6.0,9.0,0.413677,Not trusted,5.0,6.0,0.473166
Kazakhstan,398000462,44.0,Rural,Medium,Male,Married,Middle,9.0,9.0,0.369577,Not trusted,6.0,7.0,0.410553
Kazakhstan,398000463,28.0,Urban,Medium,Male,Single,Middle,1.0,6.0,0.286850,Trusted,10.0,4.0,0.508799
Kazakhstan,398000464,80.0,Rural,Medium,Female,Married,Middle,5.0,6.0,0.559631,Trusted,7.0,6.0,0.384373
Kazakhstan,398000465,44.0,Rural,Medium,Female,Married,Higher,9.0,10.0,0.444000,Not trusted,10.0,7.0,0.542724
Kazakhstan,398000466,71.0,Rural,Medium,Female,Single,Higher,6.0,6.0,0.604324,Not trusted,5.0,3.0,0.726215
Kazakhstan,398000467,56.0,Urban,Low,Male,Married,Middle,1.0,1.0,0.468841,Not trusted,6.0,1.0,0.491727
Kazakhstan,398000468,26.0,Rural,High,Male,Married,Higher,8.0,8.0,0.508476,Not trusted,8.0,7.0,0.241384
Kazakhstan,398000469,24.0,Urban,Medium,Female,Married,Higher,10.0,6.0,0.293331,Not trusted,10.0,4.0,0.374518
Kazakhstan,398000470,35.0,Rural,Medium,Female,Married,Middle,5.0,6.0,0.572961,Not trusted,5.0,5.0,0.487573
Kazakhstan,398000471,54.0,Rural,Medium,Female,Married,Lower,7.0,8.0,0.273654,Not trusted,10.0,7.0,0.330586
Kazakhstan,398000472,36.0,Urban,High,Female,Single,Higher,4.0,5.0,0.171490,Not trusted,10.0,6.0,0.142919
Kazakhstan,398000473,26.0,Urban,Medium,Female,Married,Middle,7.0,10.0,0.398020,Not trusted,6.0,4.0,0.422891
Kazakhstan,398000474,84.0,Urban,Medium,Female,Married,Middle,5.0,6.0,0.282504,Not trusted,10.0,6.0,0.440167
Kazakhstan,398000475,42.0,Urban,Medium,Male,Married,Lower,6.0,7.0,0.300282,Not trusted,10.0,4.0,0.238458
Kazakhstan,398000476,34.0,Urban,Medium,Female,Divorced,Middle,8.0,5.0,0.315743,Trusted,8.0,8.0,0.530319
Kazakhstan,398000477,58.0,Rural,,Male,Single,Middle,1.0,1.0,0.545962,Not trusted,4.0,6.0,0.568073
Kazakhstan,398000478,29.0,Urban,Medium,Female,Married,Middle,5.0,5.0,0.209466,Not trusted,5.0,7.0,0.116519
Kazakhstan,398000479,52.0,Urban,Medium,Female,,Higher,8.0,8.0,0.222132,Not trusted,9.0,6.0,0.540462
Kazakhstan,398000480,52.0,Rural,Medium,Male,Married,Middle,9.0,8.0,0.516779,Trusted,9.0,9.0,0.345946
Kazakhstan,398000481,25.0,Rural,Medium,Male,Single,Higher,6.0,7.0,0.382304,Not trusted,6.0,4.0,0.177162
Kazakhstan,398000482,40.0,Urban,Medium,Female,Divorced,Higher,6.0,5.0,0.354203,Not trusted,10.0,7.0,0.341769
Kazakhstan,398000483,29.0,Rural,Medium,Female,Married,Higher,10.0,8.0,0.567180,Not trusted,10.0,9.0,0.628305
Kazakhstan,398000484,49.0,Urban,Medium,Male,Married,Middle,7.0,9.0,0.439970,Not trusted,8.0,3.0,0.431907
Kazakhstan,398000485,56.0,Urban,Medium,Male,Married,Middle,5.0,6.0,0.560609,Not trusted,6.0,5.0,0.539142
Kazakhstan,398000486,53.0,Rural,Medium,Male,Living together as married,Higher,6.0,7.0,0.488859,Trusted,10.0,3.0,0.361826
Kazakhstan,398000487,37.0,Urban,High,Male,Married,Higher,8.0,8.0,0.526187,Trusted,10.0,10.0,0.451292
Kazakhstan,398000488,26.0,Urban,Medium,Male,,Higher,,6.0,0.481366,Trusted,9.0,1.0,0.284777
Kazakhstan,398000489,35.0,Rural,Medium,Female,Separated,Higher,4.0,8.0,0.240264,Trusted,8.0,5.0,0.693313
Kazakhstan,398000490,48.0,Urban,High,Female,Single,Higher,6.0,5.0,0.335925,Trusted,6.0,6.0,0.270742
Kazakhstan,398000491,26.0,Urban,High,Female,Married,Higher,8.0,7.0,0.370152,Not trusted,6.0,8.0,0.363645
Kazakhstan,398000492,47.0,Urban,Medium,Male,Single,Higher,5.0,8.0,0.435686,Not trusted,7.0,7.0,0.457540
Kazakhstan,398000493,27.0,Urban,Medium,Male,Divorced,Middle,5.0,6.0,0.122064,Not trusted,5.0,4.0,0.316079
Kazakhstan,398000494,37.0,Urban,Medium,Female,Married,Higher,5.0,8.0,0.601494,Not trusted,4.0,5.0,0.426171
Kazakhstan,398000495,31.0,Rural,Medium,Female,Married,Middle,10.0,8.0,0.378548,Trusted,7.0,5.0,0.166959
Kazakhstan,398000496,71.0,Urban,Medium,Female,Married,Middle,9.0,8.0,0.385334,Not trusted,7.0,7.0,0.605308
Kazakhstan,398000497,46.0,Urban,Medium,Male,Married,Higher,6.0,10.0,0.199506,Trusted,6.0,7.0,0.160455
Kazakhstan,398000498,30.0,Rural,Medium,Male,Divorced,Middle,7.0,8.0,0.534516,Not trusted,3.0,6.0,0.424611
Kazakhstan,398000499,22.0,Rural,,Female,Married,Higher,10.0,8.0,0.100018,Not trusted,10.0,8.0,0.249745
Kazakhstan,398000500,25.0,Rural,Low,Female,Married,Middle,5.0,6.0,0.533467,Not trusted,6.0,6.0,0.330149
Kazakhstan,398000501,30.0,Rural,Medium,Male,Single,Higher,8.0,6.0,0.370494,Not trusted,10.0,7.0,0.249036
Kazakhstan,398000502,43.0,Urban,Medium,Male,Married,Middle,10.0,10.0,0.453161,Trusted,10.0,10.0,0.259120
Kazakhstan,398000503,39.0,Urban,Medium,Female,Married,Middle,10.0,10.0,0.337167,Not trusted,6.0,8.0,0.427102
Kazakhstan,398000504,30.0,Urban,Medium,Male,Married,Higher,5.0,4.0,0.450745,Not trusted,10.0,5.0,0.479997
Kazakhstan,398000505,46.0,Urban,Medium,Female,Married,Higher,7.0,8.0,0.412367,Not trusted,8.0,6.0,0.200507
Kazakhstan,398000506,38.0,Urban,Medium,Male,Married,Higher,5.0,5.0,0.549084,Not trusted,5.0,4.0,0.492505
Kazakhstan,398000507,59.0,Urban,,Male,Divorced,Middle,9.0,6.0,0.185072,Not trusted,7.0,9.0,0.372450
Kazakhstan,398000508,52.0,Rural,Medium,Male,Married,Higher,10.0,6.0,0.277162,Not trusted,9.0,5.0,0.288505
Kazakhstan,398000509,43.0,Urban,Medium,Female,Married,Middle,5.0,7.0,0.456296,Not trusted,8.0,9.0,0.519219
Kazakhstan,398000510,40.0,Rural,Medium,Female,Divorced,Middle,6.0,6.0,0.353469,Not trusted,8.0,5.0,0.265217
Kazakhstan,398000511,82.0,Urban,Medium,Female,Divorced,Higher,5.0,6.0,0.327999,Trusted,10.0,5.0,0.442389
Kazakhstan,398000512,33.0,Rural,Low,Male,Married,Lower,7.0,7.0,0.241443,Not trusted,5.0,6.0,0.555002
Kazakhstan,398000513,29.0,Urban,Low,Female,Married,Higher,,1.0,0.269896,Not trusted,10.0,5.0,0.328232
Kazakhstan,398000514,29.0,Urban,Medium,Male,Married,Middle,8.0,8.0,0.511314,Not trusted,9.0,8.0,0.275206
Kazakhstan,398000515,29.0,Urban,Medium,Female,Single,Higher,10.0,8.0,0.341050,Not trusted,8.0,7.0,0.245664
Kazakhstan,398000516,32.0,Rural,Medium,Male,Married,Higher,7.0,8.0,0.471088,Not trusted,10.0,5.0,0.360089
Kazakhstan,398000517,48.0,Urban,Medium,Female,Single,Higher,7.0,9.0,0.376438,Trusted,9.0,8.0,0.268540
Kazakhstan,398000518,24.0,Urban,Medium,Male,Divorced,Higher,10.0,10.0,0.538036,Trusted,10.0,7.0,0.320433
Kazakhstan,398000519,33.0,Urban,Medium,Male,Married,Higher,5.0,8.0,0.451075,Not trusted,8.0,4.0,0.220795
Kazakhstan,398000520,48.0,Urban,Medium,Female,Married,Middle,8.0,8.0,0.425122,,10.0,9.0,0.486472
Kazakhstan,398000521,48.0,Urban,Medium,Male,Married,Higher,7.0,7.0,0.464075,Not trusted,7.0,5.0,0.544056
Kazakhstan,398000522,48.0,Urban,Low,Female,Married,Higher,7.0,8.0,0.419273,Not trusted,5.0,6.0,0.535976
Kazakhstan,398000523,41.0,Urban,Medium,Male,Married,Middle,8.0,6.0,0.369264,Not trusted,10.0,6.0,0.257928
Kazakhstan,398000524,42.0,Rural,Medium,Male,Married,Middle,,8.0,0.376604,Not trusted,9.0,7.0,0.148689
Kazakhstan,398000525,36.0,Rural,Low,Male,Married,Higher,5.0,8.0,0.495267,Trusted,9.0,5.0,0.344103
Kazakhstan,398000526,35.0,Urban,,Male,Married,Middle,4.0,,0.406657,Not trusted,10.0,1.0,0.201745
Kazakhstan,398000527,73.0,Rural,Medium,Male,Married,Middle,6.0,5.0,0.337936,Not trusted,10.0,7.0,0.355942
Kazakhstan,398000528,52.0,Urban,High,Female,Married,Higher,7.0,5.0,0.545217,Trusted,10.0,7.0,0.191378
Kazakhstan,398000529,33.0,Urban,Low,Female,Married,,1.0,1.0,0.390334,Not trusted,8.0,1.0,0.514028
Kazakhstan,398000530,47.0,Urban,Medium,Male,Married,Middle,4.0,5.0,0.243103,Not trusted,,4.0,0.398816
Kazakhstan,398000531,42.0,Urban,Medium,Female,Married,,6.0,5.0,0.403346,Not trusted,7.0,8.0,0.392116
Kazakhstan,398000532,62.0,Rural,,Male,Single,Middle,7.0,7.0,0.316446,Not trusted,9.0,9.0,0.279042
Kazakhstan,398000533,53.0,Rural,Medium,Male,Married,Higher,10.0,10.0,0.513778,Not trusted,10.0,9.0,0.514127
Kazakhstan,398000534,34.0,Urban,High,Female,Widowed,Higher,10.0,10.0,0.555838,Not trusted,10.0,7.0,0.491754
Kazakhstan,398000535,52.0,Urban,Medium,Female,Married,,7.0,10.0,0.443628,Not trusted,10.0,5.0,0.100018
Kazakhstan,398000536,31.0,Urban,Medium,Male,Married,Higher,6.0,4.0,0.409099,,10.0,7.0,0.501453
Kazakhstan,398000537,30.0,Rural,,Female,Married,Higher,5.0,5.0,0.400560,Not trusted,10.0,5.0,0.435828
Kazakhstan,398000538,22.0,Urban,Medium,Male,,Higher,8.0,10.0,0.211487,Not trusted,10.0,5.0,0.482122
Kazakhstan,398000539,33.0,Rural,Medium,Female,Widowed,Higher,7.0,5.0,0.305212,Not trusted,5.0,5.0,0.395204
Kazakhstan,398000540,63.0,Urban,Medium,Male,Living together as married,Middle,5.0,5.0,0.470632,Not trusted,5.0,6.0,0.561921
Kazakhstan,398000541,39.0,Urban,Medium,Male,Divorced,Middle,4.0,7.0,0.549106,Not trusted,5.0,5.0,0.450621
Kazakhstan,398000542,40.0,Urban,Medium,Male,Married,Middle,8.0,6.0,0.346086,Not trusted,8.0,7.0,0.361172
Kazakhstan,398000543,44.0,Rural,,Female,Married,Higher,8.0,3.0,0.172117,Trusted,5.0,6.0,0.373520
Kazakhstan,398000544,28.0,Rural,Medium,Male,Married,Middle,9.0,10.0,0.353439,Not trusted,,7.0,0.224239
Kazakhstan,398000545,43.0,Urban,Medium,Male,Married,Higher,4.0,3.0,0.221805,Not trusted,5.0,7.0,0.096074
Kazakhstan,398000546,78.0,Rural,Low,Male,Married,Lower,10.0,10.0,0.530223,Not trusted,10.0,7.0,0.293087
Kazakhstan,398000547,31.0,Urban,High,Female,Married,Higher,6.0,8.0,0.231344,Trusted,8.0,9.0,0.422041
Kazakhstan,398000548,42.0,Urban,Low,Male,Single,Middle,8.0,10.0,0.274472,Not trusted,5.0,7.0,0.143765
Kazakhstan,398000549,34.0,Urban,Low,Male,Married,Middle,10.0,8.0,0.313192,Not trusted,5.0,7.0,0.159076
Kazakhstan,398000550,26.0,Rural,Medium,Male,Married,Lower,10.0,10.0,0.057753,Not trusted,10.0,10.0,0.286240
Kazakhstan,398000551,25.0,Urban,Low,Female,Married,Middle,9.0,5.0,0.260849,Not trusted,8.0,5.0,0.359535
Kazakhstan,398000552,55.0,Urban,Medium,Female,Married,Middle,5.0,6.0,0.435693,Not trusted,5.0,7.0,0.522538
Kazakhstan,398000553,20.0,Urban,High,Male,Single,Higher,8.0,10.0,0.465006,Not trusted,10.0,7.0,0.479759
Kazakhstan,398000554,52.0,Rural,Medium,Male,Divorced,Middle,7.0,5.0,0.386251,Not trusted,5.0,9.0,0.554238
Kazakhstan,398000555,47.0,Urban,Medium,Male,Married,Higher,7.0,6.0,0.705562,Trusted,9.0,4.0,0.401858
Kazakhstan,398000556,46.0,Rural,Medium,Male,Widowed,Middle,5.0,7.0,0.591564,Not trusted,5.0,6.0,0.607005
Kazakhstan,398000557,31.0,Urban,Medium,Male,Married,Middle,4.0,5.0,0.370642,Not trusted,6.0,5.0,0.192731
Kazakhstan,398000558,52.0,Rural,,Female,Single,,10.0,6.0,0.464079,Not trusted,10.0,9.0,0.486725
Kazakhstan,398000559,47.0,Urban,Medium,Male,Married,Higher,10.0,9.0,0.436291,Not trusted,8.0,7.0,0.283995
Kazakhstan,398000560,68.0,Rural,Medium,Male,Married,Higher,6.0,7.0,0.408080,Trusted,5.0,5.0,0.395031
Kazakhstan,398000561,52.0,Urban,Low,Male,Single,Lower,8.0,6.0,0.434958,Not trusted,7.0,9.0,0.360123
Kazakhstan,398000562,54.0,Rural,Medium,Male,Married,Higher,8.0,7.0,0.408101,Not trusted,5.0,5.0,0.443351
Kazakhstan,398000563,43.0,Rural,Medium,Female,Divorced,,7.0,8.0,0.248018,Not trusted,10.0,5.0,0.274110
Kazakhstan,398000564,29.0,Urban,Low,Female,Divorced,,9.0,6.0,0.365839,Not trusted,7.0,7.0,0.168970
Kazakhstan,398000565,51.0,Rural,Low,Female,Single,Middle,7.0,5.0,0.436014,Not trusted,10.0,3.0,0.147292
Kazakhstan,398000566,64.0,Urban,Medium,Male,Married,Middle,8.0,9.0,0.368517,Not trusted,6.0,6.0,0.488282
Kazakhstan,398000567,24.0,Rural,Medium,Male,,Middle,5.0,5.0,0.464885,Not trusted,,6.0,0.615084
Kazakhstan,398000568,58.0,Urban,Medium,Male,Married,Middle,8.0,5.0,0.332366,Not trusted,10.0,8.0,0.221197
Kazakhstan,398000569,70.0,Urban,Medium,Female,Single,,5.0,6.0,0.495480,Not trusted,9.0,6.0,0.476409
Kazakhstan,398000570,25.0,Rural,Medium,Female,Married,Middle,8.0,7.0,0.575914,Not trusted,10.0,4.0,0.207356
Kazakhstan,398000571,27.0,Rural,High,Female,Married,Higher,10.0,10.0,0.151048,Trusted,10.0,10.0,0.149111
Kazakhstan,398000572,24.0,Urban,Medium,Female,Married,,6.0,6.0,0.388152,,8.0,6.0,0.470569
Kazakhstan,398000573,33.0,Urban,Medium,Male,Married,Middle,10.0,7.0,0.146400,Not trusted,8.0,10.0,0.176453
Kazakhstan,398000574,38.0,Urban,Medium,Male,Single,Middle,7.0,3.0,0.359284,Trusted,6.0,9.0,0.570125
Kazakhstan,398000575,35.0,Rural,Medium,Male,Married,Higher,8.0,4.0,0.459355,Not trusted,8.0,7.0,0.354547
Kazakhstan,398000576,37.0,Urban,Medium,Female,Single,Middle,6.0,3.0,0.275666,Not trusted,5.0,8.0,0.460036
Kazakhstan,398000577,20.0,Urban,Medium,Male,Single,Middle,7.0,6.0,0.391364,Not trusted,7.0,5.0,0.834324
Kazakhstan,398000578,63.0,Urban,Medium,Female,Widowed,Higher,10.0,8.0,0.384106,Not trusted,7.0,7.0,0.268029
Kazakhstan,398000579,24.0,Rural,Medium,Female,Single,,8.0,8.0,0.715239,Trusted,8.0,6.0,0.519007
Kazakhstan,398000580,55.0,Urban,Medium,Female,Married,Middle,4.0,3.0,0.297206,Not trusted,,4.0,0.248037
Kazakhstan,398000581,47.0,Rural,Medium,Male,Married,Higher,5.0,6.0,0.365177,Not trusted,5.0,6.0,0.416619
Kazakhstan,398000582,30.0,Urban,Medium,Female,Married,Middle,5.0,4.0,0.460619,Not trusted,10.0,7.0,0.370507
Kazakhstan,398000583,42.0,Urban,Medium,Female,Married,Higher,10.0,8.0,0.114751,Not trusted,10.0,10.0,0.088641
Kazakhstan,398000584,47.0,Urban,,Male,Single,Middle,9.0,10.0,0.458711,,9.0,8.0,0.394722
Kazakhstan,398000585,25.0,Urban,Medium,Female,Divorced,Higher,7.0,9.0,0.195600,Trusted,10.0,5.0,0.291835
Kazakhstan,398000586,33.0,Rural,Medium,Female,Widowed,Higher,7.0,5.0,0.283254,Not trusted,4.0,6.0,0.165334
Kazakhstan,398000587,58.0,Urban,Medium,Female,Married,Higher,6.0,5.0,0.339031,Not trusted,8.0,8.0,0.311887
Kazakhstan,398000588,57.0,Rural,Medium,Female,Married,Higher,6.0,8.0,0.280564,Trusted,7.0,7.0,0.257027
Kazakhstan,398000589,25.0,Urban,Medium,Male,Widowed,Higher,5.0,7.0,0.390411,Not trusted,10.0,6.0,0.092286
Kazakhstan,398000590,31.0,Rural,Medium,Female,Single,Higher,4.0,5.0,0.375478,Not trusted,6.0,4.0,0.620775
Kazakhstan,398000591,24.0,Urban,Medium,Male,Married,Higher,8.0,10.0,0.098510,Not trusted,10.0,8.0,0.317610
Kazakhstan,398000592,29.0,Urban,Medium,Male,Married,Higher,6.0,6.0,0.363889,Not trusted,8.0,,0.228154
Kazakhstan,398000593,48.0,Rural,Medium,Female,Divorced,Middle,2.0,6.0,0.532250,Not trusted,5.0,5.0,0.511129
Kazakhstan,398000594,30.0,Rural,Low,Male,Married,Lower,5.0,5.0,0.461748,Not trusted,9.0,3.0,0.513110
Kazakhstan,398000595,38.0,Rural,High,Female,Married,Middle,4.0,3.0,0.284491,Not trusted,4.0,6.0,0.547155
Kazakhstan,398000596,60.0,Urban,Medium,Female,Divorced,,5.0,8.0,0.235317,Trusted,6.0,6.0,0.301118
Kazakhstan,398000597,30.0,Urban,Medium,Female,Married,Higher,10.0,7.0,0.218775,Trusted,7.0,10.0,0.514619
Kazakhstan,398000598,64.0,Urban,Medium,Male,Single,Higher,6.0,7.0,0.443252,Trusted,10.0,7.0,0.358326
Kazakhstan,398000599,19.0,Rural,Medium,Female,Married,Higher,8.0,6.0,0.380404,Not trusted,6.0,7.0,0.447569
Kazakhstan,398000600,21.0,Urban,Medium,Female,Married,Middle,7.0,5.0,0.494492,Not trusted,10.0,8.0,0.277360
Kazakhstan,398000601,50.0,Rural,Medium,Female,Widowed,Middle,5.0,7.0,0.413839,Not trusted,8.0,6.0,0.318220
Kazakhstan,398000602,55.0,Urban,Medium,Female,Divorced,Middle,3.0,6.0,0.299719,Not trusted,2.0,1.0,0.531967
Kazakhstan,398000603,59.0,Urban,Medium,Male,Married,Lower,5.0,6.0,0.405790,Not trusted,5.0,5.0,0.279065
Kazakhstan,398000604,50.0,Urban,Medium,Male,Married,Lower,8.0,7.0,0.467031,Not trusted,4.0,7.0,0.467276
Kazakhstan,398000605,41.0,Rural,Medium,Male,Divorced,Higher,8.0,10.0,0.392227,Not trusted,10.0,8.0,0.582600
Kazakhstan,398000606,50.0,Urban,High,Female,Married,Middle,7.0,5.0,0.372851,Not trusted,9.0,8.0,0.313150
Kazakhstan,398000607,70.0,Rural,Medium,Female,Married,Middle,8.0,4.0,0.372410,Not trusted,2.0,8.0,0.268385
Kazakhstan,398000608,56.0,Urban,Low,Female,Married,Middle,7.0,7.0,0.152794,,10.0,4.0,0.280084
Kazakhstan,398000609,36.0,Urban,High,Female,Married,Higher,8.0,8.0,0.494653,Trusted,6.0,7.0,0.381471
Kazakhstan,398000610,49.0,Urban,Medium,Male,Single,Lower,7.0,4.0,0.331877,Not trusted,8.0,6.0,0.382316
Kazakhstan,398000611,36.0,Rural,Low,Female,Divorced,Higher,9.0,8.0,0.307440,Not trusted,10.0,4.0,0.117565
Kazakhstan,398000612,44.0,Urban,Medium,Female,Married,Higher,8.0,7.0,0.245283,Trusted,6.0,10.0,0.497891
Kazakhstan,398000613,45.0,Urban,Medium,Female,Married,,10.0,8.0,0.472615,Trusted,6.0,10.0,0.569178
Kazakhstan,398000614,56.0,Urban,Medium,Male,Married,Middle,8.0,9.0,0.474440,Not trusted,8.0,4.0,0.276683
Kazakhstan,398000615,55.0,Rural,Medium,Female,Widowed,Higher,6.0,5.0,0.643444,Trusted,5.0,7.0,0.338533
Kazakhstan,398000616,32.0,Urban,Low,Male,Single,Higher,5.0,4.0,0.464510,Not trusted,10.0,5.0,0.351504
Kazakhstan,398000617,31.0,Rural,Medium,Female,Single,Higher,6.0,6.0,0.349662,Not trusted,5.0,6.0,0.275131
Kazakhstan,398000618,33.0,Rural,Medium,Male,Married,Middle,6.0,5.0,0.252972,Not trusted,10.0,4.0,0.225340
Kazakhstan,398000619,20.0,Rural,High,Male,Married,Middle,7.0,8.0,,Not trusted,10.0,5.0,0.466737
Kazakhstan,398000620,36.0,Urban,High,Male,Married,Higher,8.0,8.0,0.459934,Not trusted,10.0,5.0,0.346063
Kazakhstan,398000621,26.0,Urban,Low,Female,Widowed,Higher,5.0,1.0,0.550837,Not trusted,1.0,3.0,0.354687
Kazakhstan,398000622,36.0,Urban,Medium,Male,,Higher,8.0,10.0,0.419333,,5.0,6.0,0.519797
Kazakhstan,398000623,49.0,Urban,High,Female,Single,,7.0,7.0,0.392029,Trusted,10.0,8.0,0.367192
Kazakhstan,398000624,44.0,Urban,Medium,Female,Widowed,Middle,6.0,5.0,0.201247,Not trusted,10.0,5.0,0.375687
Kazakhstan,398000625,30.0,Urban,Medium,Female,Married,Higher,8.0,10.0,0.537489,Not trusted,3.0,4.0,0.507659
Kazakhstan,398000626,50.0,Urban,Low,Male,Married,Lower,8.0,10.0,0.086451,Not trusted,10.0,2.0,0.103652
Kazakhstan,398000627,52.0,Rural,Low,Male,,Middle,7.0,8.0,0.342407,Not trusted,8.0,4.0,0.267541
Kazakhstan,398000628,44.0,Rural,Medium,Male,Living together as married,Middle,5.0,,0.274899,Not trusted,5.0,3.0,0.578992
Kazakhstan,398000629,33.0,Urban,Medium,Female,Divorced,Higher,9.0,8.0,0.486896,Not trusted,8.0,6.0,0.223728
Kazakhstan,398000630,30.0,Rural,High,Female,Married,Higher,10.0,10.0,0.318748,Trusted,10.0,10.0,0.433726
Kazakhstan,398000631,47.0,Urban,Medium,Female,Separated,Higher,8.0,5.0,0.408504,Trusted,10.0,10.0,0.379714
Kazakhstan,398000632,45.0,Urban,High,Male,Married,Middle,9.0,8.0,0.442983,Trusted,7.0,10.0,0.390916
Kazakhstan,398000633,36.0,Urban,Medium,Female,Married,Higher,10.0,10.0,0.286323,Not trusted,7.0,4.0,0.239214
Kazakhstan,398000634,31.0,Urban,Medium,Male,Single,Higher,3.0,7.0,0.663576,Not trusted,8.0,2.0,0.292156
Kazakhstan,398000635,29.0,Urban,Medium,Female,Married,Higher,6.0,6.0,0.415004,Not trusted,10.0,7.0,0.276027
Kazakhstan,398000636,27.0,Urban,High,Female,Married,Higher,10.0,10.0,0.345437,Trusted,10.0,9.0,0.176215
Kazakhstan,398000637,22.0,Urban,Medium,Male,Married,Higher,10.0,10.0,0.356696,Not trusted,5.0,8.0,0.368228
Kazakhstan,398000638,49.0,Urban,Medium,Female,Single,Higher,8.0,9.0,0.494479,Not trusted,5.0,7.0,0.593867
Kazakhstan,398000639,40.0,Urban,Medium,Female,Married,Middle,8.0,6.0,0.388078,Not trusted,7.0,7.0,0.481008
Kazakhstan,398000640,60.0,Urban,Medium,Female,,Higher,10.0,8.0,0.380682,Trusted,10.0,8.0,0.385652
Kazakhstan,398000641,49.0,Urban,Medium,Male,Married,Higher,7.0,6.0,0.515787,Not trusted,5.0,4.0,0.583007
Kazakhstan,398000642,41.0,Urban,Medium,Male,Widowed,Higher,8.0,9.0,0.366566,Not trusted,10.0,6.0,0.169687
Kazakhstan,398000643,78.0,Urban,Medium,Male,Married,Higher,7.0,6.0,0.310726,Not trusted,10.0,5.0,0.173304
Kazakhstan,398000644,38.0,Urban,Medium,Female,,Higher,,10.0,0.236989,Trusted,10.0,8.0,0.304607
Kazakhstan,398000645,30.0,Urban,Medium,Male,Married,Higher,9.0,10.0,0.489471,,5.0,8.0,0.146055
Kazakhstan,398000646,70.0,Urban,Medium,Male,Married,Higher,10.0,5.0,0.545251,Not trusted,6.0,7.0,0.647191
Kazakhstan,398000647,47.0,Urban,Medium,Female,Single,Higher,4.0,4.0,,Not trusted,6.0,4.0,0.469138
Kazakhstan,398000648,46.0,Urban,Medium,Female,Married,Higher,7.0,4.0,0.582869,Trusted,6.0,4.0,0.453236
Kazakhstan,398000649,20.0,Rural,Medium,Male,Single,Middle,6.0,10.0,0.623142,Not trusted,6.0,7.0,0.496141
Kazakhstan,398000650,18.0,Urban,Medium,Male,Married,Higher,7.0,5.0,0.523234,Trusted,6.0,7.0,0.529516
Kazakhstan,398000651,47.0,Rural,Medium,Female,Married,Higher,8.0,9.0,0.236842,Not trusted,8.0,8.0,0.151556
Kazakhstan,398000652,27.0,Rural,Medium,Female,Separated,Higher,10.0,10.0,0.266444,Trusted,10.0,9.0,0.162219
Kazakhstan,398000653,38.0,Rural,Medium,Female,Divorced,Middle,10.0,10.0,0.317147,Not trusted,8.0,4.0,0.420301
Kazakhstan,398000654,39.0,Urban,Medium,Female,Widowed,Higher,10.0,10.0,0.230923,Not trusted,10.0,8.0,0.060506
Kazakhstan,398000655,25.0,Urban,Medium,Male,Married,Middle,10.0,10.0,0.222313,Not trusted,10.0,8.0,0.126837
Kazakhstan,398000656,33.0,Rural,Low,Male,Married,Higher,5.0,6.0,0.524411,Not trusted,9.0,2.0,0.404911
Kazakhstan,398000657,31.0,Urban,Medium,Female,Married,Lower,6.0,8.0,0.467264,Not trusted,10.0,6.0,0.247981
Kazakhstan,398000658,36.0,Urban,Medium,Male,Married,Higher,8.0,9.0,0.373671,Trusted,10.0,5.0,0.335806
Kazakhstan,398000659,28.0,Rural,Medium,Female,Divorced,Middle,7.0,,0.384173,Not trusted,7.0,5.0,0.293494
Kazakhstan,398000660,30.0,Urban,Medium,Female,Married,Higher,7.0,8.0,0.453279,Not trusted,10.0,4.0,0.593496
Kazakhstan,398000661,35.0,Urban,,Female,Married,Middle,5.0,6.0,0.341232,Not trusted,5.0,8.0,0.269136
Kazakhstan,398000662,32.0,Rural,High,Male,Divorced,Higher,9.0,7.0,0.524545,Trusted,10.0,8.0,0.472046
Kazakhstan,398000663,43.0,Rural,,Male,Married,Lower,1.0,1.0,0.547978,Not trusted,,1.0,0.648370
Kazakhstan,398000664,68.0,Urban,Medium,Male,Single,Higher,5.0,8.0,0.624727,Not trusted,8.0,7.0,0.418984
Kazakhstan,398000665,52.0,Rural,Low,Male,Single,Middle,4.0,1.0,0.268351,Not trusted,9.0,3.0,0.354741
Kazakhstan,398000666,60.0,Urban,Medium,Female,Married,Lower,10.0,10.0,0.429228,Not trusted,10.0,8.0,0.269697
Kazakhstan,398000667,33.0,Rural,Medium,Female,Married,Middle,5.0,5.0,0.309796,Not trusted,7.0,4.0,0.477858
Kazakhstan,398000668,39.0,Rural,Low,Male,Single,Higher,7.0,10.0,0.454328,Trusted,10.0,4.0,0.369665
Kazakhstan,398000669,25.0,Urban,Medium,Female,Single,Higher,3.0,8.0,0.313290,Not trusted,8.0,7.0,0.413031
Kazakhstan,398000670,68.0,Urban,Medium,Male,Married,Middle,5.0,6.0,0.320110,Not trusted,8.0,6.0,0.222758
Kazakhstan,398000671,40.0,Rural,,Male,Married,Higher,3.0,4.0,0.535094,Not trusted,5.0,7.0,0.457503
Kazakhstan,398000672,56.0,Urban,Medium,Male,Widowed,Lower,5.0,5.0,0.282426,Not trusted,5.0,5.0,0.645671
Kazakhstan,398000673,45.0,Urban,Medium,Female,Single,Middle,3.0,5.0,0.527536,Not trusted,6.0,6.0,0.207590
Kazakhstan,398000674,57.0,Rural,Low,Male,Widowed,Middle,5.0,5.0,0.395658,Not trusted,5.0,7.0,0.146664
Kazakhstan,398000675,45.0,Urban,Medium,Female,Married,Middle,8.0,6.0,0.178814,Not trusted,5.0,8.0,0.223195
Kazakhstan,398000676,52.0,Rural,Medium,Female,Married,,,10.0,0.371686,Not trusted,5.0,1.0,0.552791
Kazakhstan,398000677,25.0,Urban,Low,Female,Married,Middle,9.0,7.0,0.351600,Not trusted,6.0,8.0,0.314360
Kazakhstan,398000678,35.0,Urban,Medium,Female,Married,Higher,10.0,10.0,0.137527,Not trusted,8.0,10.0,0.283732
Kazakhstan,398000679,65.0,Urban,Medium,Female,Married,Lower,1.0,1.0,0.056102,Not trusted,10.0,4.0,0.331922
Kazakhstan,398000680,38.0,Urban,Medium,Male,Married,Higher,10.0,8.0,0.520299,,3.0,7.0,0.530954
Kazakhstan,398000681,55.0,Rural,Medium,Male,Single,Middle,5.0,7.0,0.353443,Not trusted,7.0,7.0,0.374141
Kazakhstan,398000682,45.0,Rural,Medium,Female,Living together as married,Middle,6.0,6.0,0.379733,Not trusted,5.0,7.0,0.376823
Kazakhstan,398000683,28.0,Urban,Medium,Female,Widowed,Higher,7.0,8.0,0.265075,Not trusted,3.0,5.0,0.264572
Kazakhstan,398000684,25.0,Rural,Medium,Female,Married,Higher,7.0,6.0,0.283231,Not trusted,10.0,8.0,0.281760
Kazakhstan,398000685,37.0,Urban,High,Male,Married,Higher,10.0,10.0,0.424364,Not trusted,8.0,10.0,0.179893
Kazakhstan,398000686,47.0,Urban,Medium,Male,Married,Middle,4.0,7.0,0.497385,Not trusted,5.0,7.0,0.482014
Kazakhstan,398000687,78.0,Urban,High,Female,Widowed,Middle,5.0,7.0,0.371827,Not trusted,8.0,4.0,0.256813
Kazakhstan,398000688,24.0,Rural,Medium,Male,Married,Higher,5.0,5.0,0.324405,Not trusted,9.0,3.0,0.401685
Kazakhstan,398000689,46.0,Rural,Medium,Male,Married,Higher,10.0,10.0,0.415207,Trusted,7.0,9.0,0.349650
Kazakhstan,398000690,26.0,Rural,Medium,Male,Single,Middle,7.0,8.0,0.261258,Not trusted,5.0,5.0,0.097633
Kazakhstan,398000691,42.0,Urban,High,Male,Married,Higher,10.0,10.0,0.086054,Not trusted,10.0,7.0,0.377759
Kazakhstan,398000692,54.0,Rural,Medium,Male,Widowed,Middle,6.0,1.0,0.393770,Not trusted,8.0,7.0,0.403123
Kazakhstan,398000693,27.0,Urban,Medium,Female,Married,Middle,7.0,7.0,0.589063,,8.0,7.0,0.302881
Kazakhstan,398000694,54.0,Rural,Medium,Male,Single,Higher,8.0,5.0,0.360416,Not trusted,6.0,4.0,0.058120
Kazakhstan,398000695,20.0,Urban,Low,Female,Living together as married,Higher,7.0,3.0,0.327710,Not trusted,4.0,7.0,0.707232
Kazakhstan,398000696,26.0,Rural,Medium,Female,Married,Higher,5.0,,0.239017,,8.0,3.0,0.447290
Kazakhstan,398000697,56.0,Rural,Low,Male,Married,Lower,8.0,7.0,0.360425,Not trusted,7.0,5.0,0.183738
Kazakhstan,398000698,62.0,Urban,Low,Male,Married,,5.0,3.0,0.429428,Not trusted,5.0,5.0,0.416913
Kazakhstan,398000699,23.0,Urban,Medium,Female,Divorced,Middle,6.0,6.0,0.359354,Not trusted,10.0,7.0,0.179769
Kazakhstan,398000700,29.0,Urban,High,Female,Married,Higher,10.0,10.0,0.536258,Not trusted,9.0,10.0,0.486185
Kazakhstan,398000701,20.0,Urban,Medium,Female,Divorced,Higher,6.0,,0.546681,Not trusted,5.0,6.0,0.393928
Kazakhstan,398000702,31.0,Urban,Medium,Male,Married,Higher,5.0,5.0,0.483695,Not trusted,6.0,5.0,0.540599
Kazakhstan,398000703,57.0,Rural,Medium,Female,Widowed,Higher,9.0,9.0,0.340721,Trusted,10.0,9.0,0.424517
Kazakhstan,398000704,20.0,Urban,High,Male,Separated,Higher,8.0,9.0,0.494411,Trusted,8.0,5.0,
Kazakhstan,398000705,37.0,Urban,Medium,Female,Divorced,Higher,10.0,8.0,0.203231,Not trusted,10.0,8.0,0.424820
Kazakhstan,398000706,59.0,Rural,Medium,Female,Married,Middle,10.0,10.0,0.348951,Not trusted,10.0,8.0,0.228058
Kazakhstan,398000707,55.0,Urban,,Male,Widowed,Higher,6.0,8.0,0.313638,Not trusted,7.0,7.0,0.280666
Kazakhstan,398000708,39.0,Rural,Medium,Male,Married,Higher,10.0,10.0,0.202077,,7.0,9.0,0.282081
Kazakhstan,398000709,30.0,Urban,Medium,Male,Single,Higher,5.0,6.0,0.438530,Trusted,10.0,7.0,0.418699
Kazakhstan,398000710,18.0,Rural,Medium,Female,Married,Higher,7.0,10.0,0.281797,Trusted,10.0,7.0,0.333828
Kazakhstan,398000711,32.0,Urban,Medium,Female,Married,Middle,5.0,2.0,0.335841,Not trusted,5.0,8.0,0.135475
Kazakhstan,398000712,29.0,Rural,High,Female,Married,Higher,8.0,10.0,0.384290,Not trusted,,8.0,0.452283
Kazakhstan,398000713,19.0,Rural,High,Female,Married,Higher,7.0,5.0,0.240810,Trusted,10.0,9.0,0.274686
Kazakhstan,398000714,50.0,Urban,Medium,Female,Married,Higher,5.0,8.0,0.283580,Not trusted,6.0,7.0,0.218644
Kazakhstan,398000715,66.0,Urban,Medium,Male,Divorced,Middle,10.0,10.0,0.377124,Trusted,10.0,10.0,0.150220
Kazakhstan,398000716,50.0,Rural,Medium,Female,Married,Higher,6.0,9.0,0.316569,,7.0,5.0,0.214576
Kazakhstan,398000717,54.0,Urban,Medium,Male,Widowed,Middle,8.0,2.0,0.392248,Not trusted,10.0,8.0,0.363041
Kazakhstan,398000718,27.0,Urban,High,Female,Married,Higher,10.0,8.0,0.287295,Trusted,10.0,10.0,0.316194
Kazakhstan,398000719,70.0,Rural,Medium,Female,Married,Middle,1.0,1.0,0.533202,Not trusted,4.0,3.0,0.466033
Kazakhstan,398000720,38.0,Urban,Medium,Female,Married,Higher,8.0,7.0,0.339800,Not trusted,10.0,5.0,0.235821
Kazakhstan,398000721,50.0,Urban,Medium,Male,Divorced,Middle,9.0,7.0,0.591005,Trusted,8.0,8.0,0.518566
Kazakhstan,398000722,37.0,Rural,Medium,Female,Divorced,Middle,8.0,10.0,0.519405,Not trusted,5.0,8.0,0.427604
Kazakhstan,398000723,36.0,Urban,Medium,Male,Married,Middle,10.0,10.0,0.366484,Not trusted,5.0,10.0,0.354874
Kazakhstan,398000724,38.0,Urban,Medium,Female,Married,Higher,10.0,10.0,0.374782,Trusted,10.0,6.0,0.317839
Kazakhstan,398000725,51.0,Urban,Medium,Male,Married,Higher,7.0,5.0,0.482355,Not trusted,10.0,6.0,0.482496
Kazakhstan,398000726,37.0,Urban,Medium,Male,Married,,8.0,8.0,0.558261,Not trusted,10.0,10.0,
Kazakhstan,398000727,66.0,Urban,Medium,Male,Single,Middle,5.0,7.0,0.511003,Not trusted,10.0,8.0,0.398074
Kazakhstan,398000728,39.0,Rural,Medium,Male,Living together as married,Higher,7.0,5.0,0.464842,Not trusted,7.0,8.0,0.198579
Kazakhstan,398000729,59.0,Rural,Medium,Male,Living together as married,Higher,5.0,5.0,0.421125,Not trusted,5.0,5.0,0.338257
Kazakhstan,398000730,40.0,Rural,Medium,Female,Married,Higher,3.0,4.0,0.381741,Trusted,10.0,5.0,0.583755
Kazakhstan,398000731,40.0,Rural,Medium,Female,Married,Higher,5.0,8.0,0.319457,Trusted,10.0,7.0,0.426158
Kazakhstan,398000732,37.0,Urban,Medium,Female,Married,Higher,10.0,10.0,0.349789,Not trusted,9.0,8.0,0.226471
Kazakhstan,398000733,46.0,Rural,Medium,Male,Single,Higher,4.0,8.0,0.216809,Not trusted,10.0,4.0,0.135515
Kazakhstan,398000734,41.0,Urban,Medium,Male,Married,Middle,5.0,6.0,0.340317,Not trusted,6.0,,0.421851
Kazakhstan,398000735,31.0,Rural,Medium,Male,Widowed,Higher,7.0,5.0,0.252384,Trusted,6.0,6.0,0.813569
Kazakhstan,398000736,19.0,Urban,Medium,Female,Divorced,Middle,8.0,8.0,0.325646,Trusted,7.0,10.0,0.369288
Kazakhstan,398000737,41.0,Urban,Medium,Male,Married,Higher,8.0,8.0,0.397849,Not trusted,5.0,10.0,0.327472
Kazakhstan,398000738,24.0,Rural,,Female,Married,Higher,10.0,10.0,0.474350,Not trusted,10.0,9.0,0.378675
Kazakhstan,398000739,37.0,Rural,Medium,Male,Divorced,Higher,9.0,7.0,0.363815,Not trusted,5.0,8.0,0.645078
Kazakhstan,398000740,50.0,Urban,Medium,Male,Divorced,Higher,7.0,5.0,0.285012,Not trusted,5.0,4.0,0.440240
Kazakhstan,398000741,45.0,Rural,Medium,Female,Married,Higher,5.0,1.0,0.507028,Not trusted,5.0,1.0,0.416075
Kazakhstan,398000742,35.0,Urban,Medium,Female,Married,Higher,5.0,4.0,0.476229,Trusted,10.0,7.0,0.265716
Kazakhstan,398000743,53.0,Rural,Medium,Female,Married,Higher,6.0,7.0,0.532927,Trusted,5.0,10.0,0.497191
Kazakhstan,398000744,29.0,Urban,Medium,Male,Married,Higher,5.0,3.0,0.224867,Not trusted,5.0,6.0,0.537842
Kazakhstan,398000745,30.0,Rural,Medium,Male,Single,Higher,8.0,5.0,0.503168,Not trusted,6.0,7.0,0.468818
Kazakhstan,398000746,25.0,Rural,Medium,Female,Single,,6.0,8.0,0.697127,Not trusted,4.0,3.0,0.587520
Kazakhstan,398000747,33.0,Urban,Medium,Female,,Higher,5.0,4.0,0.518809,Not trusted,4.0,7.0,0.443735
Kazakhstan,398000748,50.0,Urban,Medium,Female,Married,Middle,6.0,10.0,0.228254,Not trusted,6.0,,0.421744
Kazakhstan,398000749,38.0,Rural,Medium,Female,Married,Middle,7.0,8.0,0.678925,,6.0,8.0,0.522152
Kazakhstan,398000750,34.0,Rural,Medium,Female,Married,Higher,6.0,5.0,0.617649,Not trusted,5.0,8.0,0.296274
Kazakhstan,398000751,27.0,Rural,Medium,Female,Widowed,Middle,10.0,8.0,0.325934,Trusted,7.0,10.0,0.198973
Kazakhstan,398000752,20.0,Urban,Medium,Male,Divorced,Higher,10.0,9.0,0.362799,Trusted,10.0,8.0,0.252597
Kazakhstan,398000753,37.0,Urban,Medium,Female,Married,Higher,7.0,7.0,0.376649,Not trusted,9.0,4.0,0.518398
Kazakhstan,398000754,37.0,Urban,Medium,Female,Single,Middle,10.0,10.0,0.158634,Not trusted,8.0,6.0,0.581281
Kazakhstan,398000755,49.0,Rural,Medium,Male,Separated,Higher,10.0,10.0,0.391320,Not trusted,10.0,7.0,0.506184
Kazakhstan,398000756,45.0,Urban,Medium,Female,Married,Higher,7.0,10.0,0.207545,Trusted,4.0,7.0,0.301044
Kazakhstan,398000757,30.0,Rural,Medium,Female,,Higher,8.0,7.0,0.442177,Trusted,5.0,7.0,0.188120
Kazakhstan,398000758,40.0,Urban,Low,Male,Married,Middle,5.0,5.0,0.494192,Not trusted,5.0,3.0,0.496640
Kazakhstan,398000759,48.0,Rural,Medium,Male,Married,Middle,8.0,8.0,0.440592,Not trusted,5.0,6.0,0.335732
Kazakhstan,398000760,67.0,Rural,Medium,Female,Widowed,Lower,10.0,7.0,0.252311,Not trusted,10.0,9.0,0.268460
Kazakhstan,398000761,30.0,Rural,Medium,Female,Single,Higher,8.0,6.0,0.437512,Trusted,10.0,6.0,0.455607
Kazakhstan,398000762,29.0,Urban,Medium,Male,Married,Higher,6.0,8.0,0.385023,Not trusted,10.0,4.0,0.382373
Kazakhstan,398000763,40.0,Urban,Medium,Male,Married,Middle,7.0,10.0,0.240506,,10.0,7.0,0.253179
Kazakhstan,398000764,22.0,Urban,High,Male,Single,Higher,6.0,5.0,0.449922,Not trusted,10.0,6.0,0.446399
Kazakhstan,398000765,37.0,Rural,Medium,Male,Married,Higher,6.0,6.0,0.315419,Not trusted,5.0,1.0,0.503542
Kazakhstan,398000766,54.0,Urban,Medium,Female,Married,Middle,6.0,6.0,0.337851,Not trusted,10.0,7.0,0.589195
Kazakhstan,398000767,38.0,Urban,Medium,Female,Divorced,Higher,7.0,,0.435540,Trusted,8.0,4.0,0.212162
Kazakhstan,398000768,39.0,Urban,Medium,Female,Single,Middle,,4.0,0.287919,Not trusted,8.0,4.0,0.607602
Kazakhstan,398000769,40.0,Urban,Medium,Male,Married,Middle,8.0,9.0,0.317100,Not trusted,9.0,4.0,0.540446
Kazakhstan,398000770,34.0,Urban,Medium,Female,Married,Middle,,7.0,0.457596,Not trusted,10.0,5.0,0.303276
Kazakhstan,398000771,26.0,Urban,Medium,Male,Married,Lower,4.0,5.0,0.466428,Not trusted,,4.0,0.736677
Kazakhstan,398000772,59.0,Urban,Medium,Female,Married,Higher,5.0,6.0,0.191280,Trusted,8.0,5.0,0.332665
Kazakhstan,398000773,60.0,Urban,Medium,Female,Married,Middle,4.0,5.0,0.413636,Not trusted,6.0,3.0,0.483967
Kazakhstan,398000774,33.0,Urban,Medium,Male,Married,Higher,8.0,8.0,0.143314,Trusted,10.0,8.0,0.191275
Kazakhstan,398000775,44.0,Urban,Low,Female,Married,Middle,1.0,5.0,0.371189,Not trusted,6.0,1.0,0.514207
Kazakhstan,398000776,33.0,Rural,Medium,Female,Single,Higher,7.0,8.0,0.460480,Not trusted,5.0,8.0,0.204570
Kazakhstan,398000777,55.0,Urban,Medium,Female,Single,Middle,5.0,1.0,0.111730,Not trusted,7.0,5.0,0.251522
Kazakhstan,398000778,22.0,Rural,Medium,Female,Married,Higher,6.0,5.0,0.379462,Trusted,5.0,7.0,0.456732
Kazakhstan,398000779,19.0,Urban,High,Male,Married,Higher,9.0,6.0,0.335913,Not trusted,6.0,10.0,0.239784
Kazakhstan,398000780,28.0,Rural,High,Male,Single,Higher,7.0,9.0,0.585661,,10.0,6.0,0.330459
Kazakhstan,398000781,48.0,Rural,Medium,Male,Single,Higher,8.0,7.0,0.217214,Not trusted,10.0,5.0,0.286041
Kazakhstan,398000782,49.0,Urban,Medium,Male,Divorced,Higher,7.0,10.0,0.247684,Not trusted,10.0,7.0,0.038972
Kazakhstan,398000783,24.0,Urban,Medium,Female,Married,Middle,8.0,8.0,0.386561,Not trusted,,7.0,0.239591
Kazakhstan,398000784,20.0,Urban,Medium,Male,Married,Higher,4.0,3.0,0.347872,Not trusted,4.0,5.0,0.473014
Kazakhstan,398000785,49.0,Urban,Low,Female,Married,Middle,,4.0,0.186819,Not trusted,7.0,5.0,0.514516
Kazakhstan,398000786,34.0,Rural,Medium,Male,Widowed,Higher,7.0,,0.467823,Trusted,7.0,6.0,0.645284
Kazakhstan,398000787,54.0,Rural,High,Female,Married,Higher,4.0,7.0,0.488182,Not trusted,9.0,5.0,0.550054
Kazakhstan,398000788,30.0,Urban,Medium,Male,Living together as married,Middle,9.0,10.0,0.301836,Not trusted,10.0,5.0,0.368961
Kazakhstan,398000789,50.0,Urban,Medium,Male,Divorced,Middle,5.0,4.0,0.303350,Not trusted,10.0,6.0,0.189554
Kazakhstan,398000790,71.0,Urban,Medium,Male,Married,Lower,9.0,6.0,0.280969,Not trusted,8.0,3.0,0.507421
Kazakhstan,398000791,58.0,Rural,Medium,Male,Married,Higher,4.0,1.0,0.565895,Not trusted,5.0,5.0,0.376549
Kazakhstan,398000792,43.0,Rural,Medium,Male,Widowed,Middle,10.0,9.0,0.456208,Not trusted,10.0,7.0,0.345864
Kazakhstan,398000793,50.0,Rural,Medium,Male,Married,Higher,6.0,4.0,0.289466,Not trusted,8.0,6.0,0.486571
Kazakhstan,398000794,32.0,Urban,Medium,Female,Married,,8.0,5.0,0.455840,Trusted,5.0,7.0,0.370591
Kazakhstan,398000795,24.0,Urban,Medium,Male,Married,Higher,10.0,8.0,0.479675,Trusted,10.0,8.0,0.241212
Kazakhstan,398000796,51.0,Urban,,Male,Married,Higher,4.0,1.0,0.351225,Not trusted,5.0,5.0,0.432860
Kazakhstan,398000797,36.0,Rural,Medium,Male,Married,Middle,3.0,1.0,0.453818,Not trusted,7.0,7.0,0.492934
Kazakhstan,398000798,24.0,Rural,Medium,Female,Married,Higher,8.0,8.0,0.464523,Not trusted,9.0,6.0,0.195514
Kazakhstan,398000799,47.0,Rural,Medium,Male,Married,Middle,6.0,5.0,0.212123,Not trusted,10.0,7.0,0.481036
Kazakhstan,398000800,44.0,Rural,Medium,Male,Married,Higher,9.0,9.0,0.310886,Trusted,5.0,7.0,0.385569
Kazakhstan,398000801,19.0,Rural,Medium,Male,Married,Middle,7.0,10.0,0.224401,Not trusted,10.0,8.0,0.109214
Kazakhstan,398000802,32.0,Urban,Medium,Female,Married,Higher,10.0,10.0,0.444708,Not trusted,10.0,10.0,0.337621
Kazakhstan,398000803,57.0,Urban,Medium,Male,Single,Higher,7.0,7.0,0.397866,Not trusted,6.0,4.0,0.573150
Kazakhstan,398000804,24.0,Urban,Medium,Male,Single,Middle,5.0,9.0,0.490907,Not trusted,10.0,7.0,0.459363
Kazakhstan,398000805,54.0,Rural,High,Female,Married,Higher,10.0,10.0,0.485002,Trusted,,10.0,0.452462
Kazakhstan,398000806,39.0,Urban,Medium,Female,Married,Higher,10.0,10.0,0.561266,Trusted,10.0,9.0,0.371413
Kazakhstan,398000807,63.0,Rural,Medium,Male,Married,Middle,6.0,6.0,0.470814,Not trusted,5.0,4.0,0.430895
Kazakhstan,398000808,36.0,Rural,Medium,Female,Married,Middle,10.0,6.0,0.304389,Not trusted,10.0,10.0,0.437771
Kazakhstan,398000809,58.0,Urban,High,Female,Married,Higher,4.0,6.0,0.388818,,,7.0,0.552631
Kazakhstan,398000810,56.0,Urban,Low,Female,Married,Middle,9.0,9.0,,Not trusted,9.0,8.0,0.271243
Kazakhstan,398000811,29.0,Urban,Medium,Male,Single,Higher,5.0,1.0,0.152101,Not trusted,6.0,8.0,0.157379
Kazakhstan,398000812,44.0,Urban,Medium,Female,Married,Middle,7.0,4.0,0.370987,Not trusted,5.0,5.0,0.501134
Kazakhstan,398000813,64.0,Urban,Medium,Male,Separated,Higher,8.0,6.0,0.489230,Not trusted,9.0,7.0,0.483090
Kazakhstan,398000814,40.0,Rural,High,Female,Single,Higher,9.0,10.0,0.423289,Trusted,9.0,6.0,0.529350
Kazakhstan,398000815,26.0,Rural,Medium,Male,Married,Middle,8.0,10.0,0.319611,Not trusted,10.0,7.0,0.404323
Kazakhstan,398000816,57.0,Urban,Medium,Female,Single,Middle,9.0,,0.278134,Not trusted,9.0,8.0,0.270195
Kazakhstan,398000817,34.0,Urban,Medium,Female,Single,Middle,7.0,5.0,0.340516,Not trusted,10.0,6.0,0.297021
Kazakhstan,398000818,53.0,Rural,Medium,Female,Single,Higher,10.0,10.0,0.223679,Not trusted,7.0,8.0,0.241729
Kazakhstan,398000819,38.0,Urban,Medium,Female,Divorced,Higher,7.0,7.0,0.470388,Not trusted,2.0,5.0,0.574422
Kazakhstan,398000820,18.0,Rural,Medium,Female,Married,Higher,10.0,7.0,0.042074,Not trusted,6.0,8.0,0.242638
Kazakhstan,398000821,50.0,Urban,Medium,Male,Divorced,Middle,10.0,10.0,0.434273,Not trusted,8.0,10.0,0.465038
Kazakhstan,398000822,49.0,Urban,Medium,Female,Married,Higher,8.0,5.0,0.321329,Trusted,9.0,4.0,0.352757
Kazakhstan,398000823,62.0,Urban,Medium,Male,Divorced,Higher,8.0,,0.460949,Not trusted,10.0,8.0,0.394243
Kazakhstan,398000824,26.0,Urban,,Male,Married,Middle,10.0,,0.151376,Not trusted,9.0,7.0,0.343422
Kazakhstan,398000825,60.0,Rural,Medium,Male,Married,Higher,4.0,5.0,0.194590,Not trusted,7.0,4.0,0.369870
Kazakhstan,398000826,47.0,Rural,Low,Male,Married,Higher,1.0,1.0,,Not trusted,6.0,1.0,0.498710
Kazakhstan,398000827,36.0,Urban,Low,Male,Married,Lower,7.0,8.0,0.452835,Not trusted,10.0,8.0,0.238059
Kazakhstan,398000828,27.0,Rural,Medium,Female,Divorced,Middle,8.0,8.0,0.165860,Trusted,7.0,5.0,0.342936
Kazakhstan,398000829,27.0,Urban,Medium,Female,Living together as married,Higher,6.0,10.0,0.460770,Not trusted,6.0,8.0,0.394818
Kazakhstan,398000830,45.0,Rural,Medium,Female,Married,Higher,5.0,6.0,0.337173,Not trusted,7.0,6.0,0.273988
Kazakhstan,398000831,45.0,Urban,High,Female,Married,Higher,6.0,10.0,0.366617,,10.0,7.0,0.397295
Kazakhstan,398000832,26.0,Rural,Medium,Male,Married,,3.0,5.0,0.498016,Not trusted,10.0,3.0,0.517214
Kazakhstan,398000833,41.0,Urban,Low,Female,Single,Middle,10.0,10.0,0.276923,Not trusted,9.0,6.0,0.266188
Kazakhstan,398000834,59.0,Rural,Medium,Female,Single,Middle,6.0,8.0,0.231484,Not trusted,9.0,4.0,0.288942
Kazakhstan,398000835,58.0,Rural,Medium,Female,Single,Higher,10.0,10.0,0.465842,Not trusted,10.0,5.0,0.525811
Kazakhstan,398000836,54.0,Rural,Medium,Female,Married,Middle,5.0,1.0,0.271222,Not trusted,8.0,3.0,0.146133
Kazakhstan,398000837,49.0,Urban,Medium,Male,Married,Lower,9.0,7.0,0.464400,Not trusted,6.0,7.0,0.146086
Kazakhstan,398000838,49.0,Urban,,Male,Married,Higher,8.0,5.0,0.634890,Trusted,10.0,7.0,0.197239
Kazakhstan,398000839,35.0,Urban,Medium,Female,Divorced,Higher,8.0,7.0,,Trusted,9.0,8.0,0.266432
Kazakhstan,398000840,43.0,Rural,Medium,Female,Married,Middle,8.0,7.0,0.461589,Trusted,5.0,6.0,0.578046
Kazakhstan,398000841,50.0,Rural,Medium,Male,Widowed,Higher,8.0,10.0,0.439727,Trusted,7.0,4.0,0.536752
Kazakhstan,398000842,60.0,Urban,Medium,Female,Divorced,Higher,6.0,7.0,0.491106,Trusted,7.0,8.0,0.333630
Kazakhstan,398000843,26.0,Urban,Low,Male,Married,Middle,10.0,6.0,,Trusted,8.0,6.0,0.407207
Kazakhstan,398000844,39.0,Urban,Medium,Male,Married,Middle,4.0,4.0,0.344989,Trusted,4.0,5.0,0.508182
Kazakhstan,398000845,36.0,Urban,Medium,Female,Married,Lower,6.0,,0.229295,Not trusted,8.0,7.0,0.281913
Kazakhstan,398000846,52.0,Urban,Medium,Male,Married,Higher,7.0,5.0,0.453591,Not trusted,10.0,5.0,0.419679
Kazakhstan,398000847,19.0,Urban,High,Female,Married,Middle,7.0,6.0,0.326786,Trusted,9.0,6.0,0.182737
Kazakhstan,398000848,32.0,Rural,Medium,Female,Widowed,Middle,10.0,6.0,0.347918,Not trusted,10.0,8.0,0.307233
Kazakhstan,398000849,30.0,Urban,Medium,Male,Married,Higher,5.0,7.0,0.330703,Not trusted,9.0,4.0,0.205082
Kazakhstan,398000850,70.0,Urban,Medium,Male,Married,Middle,9.0,10.0,0.463477,Not trusted,8.0,3.0,0.352641
Kazakhstan,398000851,22.0,Rural,Low,Male,Divorced,Higher,4.0,5.0,0.495321,Not trusted,10.0,3.0,0.428176
Kazakhstan,398000852,82.0,Urban,Medium,Female,Divorced,Higher,7.0,7.0,0.478493,Not trusted,10.0,6.0,0.326750
Kazakhstan,398000853,57.0,Urban,Medium,Male,Widowed,Higher,5.0,8.0,0.501250,Not trusted,5.0,1.0,0.357687
Kazakhstan,398000854,39.0,Urban,Medium,Female,Married,Higher,7.0,7.0,0.312261,Not trusted,5.0,6.0,0.324623
Kazakhstan,398000855,35.0,Rural,Low,Female,Single,Higher,10.0,10.0,0.183957,Not trusted,10.0,7.0,0.350992
Kazakhstan,398000856,62.0,Urban,Medium,Male,Married,Middle,10.0,5.0,0.081973,Not trusted,10.0,7.0,0.219113
Kazakhstan,398000857,36.0,Urban,Medium,Female,Married,Higher,7.0,10.0,0.349520,Not trusted,10.0,8.0,0.376296
Kazakhstan,398000858,46.0,Urban,Low,Male,Married,Middle,7.0,10.0,0.511806,Not trusted,5.0,10.0,0.203234
Kazakhstan,398000859,57.0,Urban,High,Male,Married,Higher,10.0,10.0,0.411602,Not trusted,10.0,10.0,0.428616
Kazakhstan,398000860,56.0,Urban,Medium,Female,Divorced,Middle,10.0,8.0,0.287597,Not trusted,9.0,9.0,0.215400
Kazakhstan,398000861,50.0,Urban,Medium,Male,Widowed,Higher,9.0,8.0,0.317756,Trusted,4.0,5.0,0.267527
Kazakhstan,398000862,21.0,Urban,Medium,Male,Married,Middle,5.0,7.0,0.521716,Not trusted,10.0,5.0,0.620412
Kazakhstan,398000863,43.0,Rural,Medium,Female,Married,Middle,5.0,5.0,0.310189,Not trusted,10.0,3.0,0.190996
Kazakhstan,398000864,59.0,Urban,Medium,Female,Married,Middle,6.0,5.0,0.472182,Not trusted,10.0,6.0,0.223401
Kazakhstan,398000865,27.0,Urban,Medium,Male,Married,Middle,6.0,6.0,0.155774,Not trusted,10.0,6.0,0.178667
Kazakhstan,398000866,68.0,Urban,Medium,Female,Married,Higher,5.0,4.0,,Not trusted,10.0,5.0,0.386587
Kazakhstan,398000867,31.0,Rural,Medium,Male,Married,Middle,6.0,7.0,0.340196,Not trusted,7.0,4.0,0.409963
Kazakhstan,398000868,41.0,Rural,Medium,Female,Married,Middle,5.0,5.0,0.389840,Not trusted,,5.0,0.498835
Kazakhstan,398000869,50.0,Urban,High,Female,Single,Higher,10.0,6.0,0.467090,Not trusted,10.0,8.0,0.388504
Kazakhstan,398000870,33.0,Urban,Medium,Female,Married,Middle,8.0,5.0,0.553035,Not trusted,5.0,8.0,0.380281
Kazakhstan,398000871,41.0,Urban,Medium,Male,Married,Higher,5.0,4.0,0.123980,Not trusted,8.0,1.0,0.430826
Kazakhstan,398000872,40.0,Rural,Medium,Female,Widowed,Middle,7.0,9.0,0.120771,Not trusted,9.0,8.0,0.177065
Kazakhstan,398000873,29.0,Rural,Medium,Male,Single,Higher,10.0,10.0,0.154732,Trusted,7.0,7.0,0.510238
Kazakhstan,398000874,30.0,Urban,Medium,Female,Married,Middle,5.0,7.0,0.514739,Trusted,5.0,8.0,0.487559
Kazakhstan,398000875,36.0,Rural,Medium,Female,Married,Higher,7.0,10.0,0.280918,Not trusted,9.0,8.0,0.576070
Kazakhstan,398000876,32.0,Urban,Medium,Female,Widowed,Middle,4.0,5.0,0.489394,,5.0,5.0,0.476323
Kazakhstan,398000877,28.0,Urban,Medium,Female,Widowed,Higher,9.0,6.0,0.529632,Not trusted,7.0,10.0,0.196155
Kazakhstan,398000878,62.0,Urban,Medium,Female,Single,Middle,5.0,2.0,0.462989,Not trusted,5.0,4.0,0.456462
Kazakhstan,398000879,18.0,Urban,Low,Male,Married,Middle,7.0,6.0,0.365118,,10.0,5.0,0.364350
Kazakhstan,398000880,30.0,Rural,Medium,Male,Married,Higher,5.0,5.0,0.363967,Not trusted,5.0,4.0,0.348430
Kazakhstan,398000881,22.0,Rural,Medium,Female,Divorced,Middle,6.0,7.0,0.249024,Not trusted,7.0,5.0,0.515529
Kazakhstan,398000882,49.0,Rural,Medium,Male,Married,Lower,7.0,9.0,0.105671,Not trusted,10.0,4.0,0.415566
Kazakhstan,398000883,31.0,Urban,Medium,Male,Married,Higher,8.0,10.0,0.324095,Trusted,7.0,9.0,0.302372
Kazakhstan,398000884,36.0,Urban,Medium,Male,Married,Lower,5.0,1.0,0.187327,Not trusted,5.0,4.0,0.381035
Kazakhstan,398000885,50.0,Urban,Medium,Female,Single,Middle,7.0,5.0,0.442210,Not trusted,5.0,5.0,0.698726
Kazakhstan,398000886,26.0,Rural,Low,Female,Single,Middle,4.0,1.0,0.490627,Not trusted,7.0,1.0,0.239446
Kazakhstan,398000887,51.0,Rural,Low,Male,Married,,4.0,7.0,0.481406,Not trusted,8.0,6.0,0.265173
Kazakhstan,398000888,21.0,Urban,Medium,Male,Married,Higher,,10.0,0.335140,Not trusted,10.0,7.0,0.442388
Kazakhstan,398000889,29.0,Rural,Medium,Male,Married,Middle,6.0,6.0,0.355850,Not trusted,10.0,7.0,0.460724
Kazakhstan,398000890,30.0,Urban,High,Male,Widowed,Higher,5.0,5.0,0.556252,Not trusted,9.0,7.0,0.327903
Kazakhstan,398000891,33.0,Rural,Medium,Female,Married,Higher,4.0,3.0,0.547379,Not trusted,6.0,5.0,0.599588
Kazakhstan,398000892,45.0,Urban,Medium,Female,Single,Middle,1.0,2.0,0.489896,Not trusted,6.0,3.0,0.478959
Kazakhstan,398000893,57.0,Rural,Medium,Female,Divorced,,10.0,9.0,0.327001,Not trusted,6.0,7.0,0.475796
Kazakhstan,398000894,32.0,Urban,Medium,Female,Married,Higher,8.0,6.0,0.368521,Not trusted,10.0,5.0,0.520525
Kazakhstan,398000895,45.0,Rural,High,Female,Married,Higher,7.0,,0.556984,Not trusted,8.0,9.0,0.619642
Kazakhstan,398000896,33.0,Urban,High,Female,Married,Higher,10.0,7.0,0.489756,,8.0,9.0,0.362991
Kazakhstan,398000897,70.0,Rural,Medium,Female,Married,Middle,6.0,10.0,0.374705,Not trusted,7.0,6.0,0.536078
Kazakhstan,398000898,27.0,Urban,Medium,Female,Married,Higher,5.0,8.0,0.283032,Not trusted,10.0,1.0,0.562813
Kazakhstan,398000899,18.0,Urban,Medium,Male,Married,Higher,9.0,10.0,0.488119,Not trusted,10.0,6.0,0.168206
Kazakhstan,398000900,28.0,Rural,High,Male,Divorced,Middle,9.0,9.0,0.308534,Trusted,8.0,9.0,0.482909
Kazakhstan,398000901,54.0,Rural,Medium,Male,Single,Higher,7.0,4.0,0.448335,Trusted,6.0,5.0,0.296778
Kazakhstan,398000902,47.0,Urban,High,Female,Married,Higher,9.0,6.0,0.536412,Not trusted,,9.0,0.540246
Kazakhstan,398000903,55.0,Urban,Medium,Female,Married,Higher,9.0,10.0,0.315085,Not trusted,10.0,8.0,0.530968
Kazakhstan,398000904,45.0,Rural,Medium,Female,Married,Middle,5.0,8.0,0.242595,Trusted,9.0,8.0,0.517627
Kazakhstan,398000905,31.0,Urban,Medium,Female,Married,Higher,8.0,7.0,0.481153,Not trusted,4.0,4.0,0.551298
Kazakhstan,398000906,56.0,Rural,Medium,Male,Married,Higher,9.0,9.0,0.311425,,10.0,8.0,0.168819
Kazakhstan,398000907,30.0,Urban,Medium,Male,Married,Higher,4.0,6.0,0.442927,Not trusted,8.0,5.0,0.505189
Kazakhstan,398000908,77.0,Urban,Medium,Female,Married,Higher,6.0,6.0,0.313808,Not trusted,10.0,4.0,0.371747
Kazakhstan,398000909,51.0,Urban,Medium,Female,Married,Middle,5.0,6.0,0.635147,Not trusted,10.0,7.0,0.526901
Kazakhstan,398000910,19.0,Urban,Medium,Male,Married,Higher,4.0,6.0,0.341865,Trusted,10.0,4.0,0.486760
Kazakhstan,398000911,36.0,Urban,Low,Female,Married,Middle,9.0,8.0,0.443104,Trusted,10.0,4.0,0.509422
Kazakhstan,398000912,50.0,Rural,Low,Male,Single,Higher,9.0,8.0,0.390654,Not trusted,10.0,6.0,0.135596
Kazakhstan,398000913,27.0,Urban,Medium,Female,Single,Higher,5.0,7.0,0.393043,Not trusted,8.0,5.0,0.118621
Kazakhstan,398000914,70.0,Urban,Medium,Female,Married,,9.0,7.0,0.411947,Not trusted,5.0,8.0,0.501873
Kazakhstan,398000915,58.0,Urban,Medium,Male,Married,Middle,1.0,6.0,0.366814,Not trusted,7.0,4.0,0.657702
Kazakhstan,398000916,35.0,Urban,Low,Male,Married,Middle,5.0,6.0,0.293783,Not trusted,4.0,4.0,0.575455
Kazakhstan,398000917,59.0,Rural,Medium,Male,Single,Higher,7.0,6.0,0.419277,Not trusted,5.0,7.0,0.263023
Kazakhstan,398000918,33.0,Rural,Medium,Male,Single,Middle,8.0,8.0,0.357443,Not trusted,6.0,,0.513323
Kazakhstan,398000919,36.0,Rural,Low,Female,Married,Middle,9.0,5.0,0.335346,Not trusted,5.0,7.0,0.377256
Kazakhstan,398000920,31.0,Rural,Medium,Female,Single,,5.0,5.0,0.336183,Not trusted,5.0,8.0,0.401379
Kazakhstan,398000921,26.0,Urban,Medium,Female,Married,Higher,9.0,10.0,0.458840,Not trusted,7.0,6.0,0.524943
Kazakhstan,398000922,31.0,Rural,Medium,Female,Single,Lower,6.0,6.0,0.076919,Not trusted,6.0,7.0,0.250027
Kazakhstan,398000923,27.0,Urban,Medium,Female,Married,Higher,10.0,9.0,0.479669,,10.0,8.0,0.310532
Kazakhstan,398000924,37.0,Rural,Medium,Female,Divorced,Higher,6.0,10.0,0.461288,Not trusted,10.0,5.0,0.488921
Kazakhstan,398000925,25.0,Rural,Medium,Male,Married,Higher,6.0,9.0,0.346973,Not trusted,8.0,5.0,0.478891
Kazakhstan,398000926,24.0,Urban,Medium,Male,Married,Higher,7.0,9.0,0.385002,Not trusted,8.0,7.0,0.422438
Kazakhstan,398000927,31.0,Urban,Medium,Female,Married,Middle,10.0,10.0,0.318457,Trusted,10.0,8.0,0.408588
Kazakhstan,398000928,31.0,Urban,,Male,Married,Higher,,10.0,0.202608,Not trusted,10.0,6.0,0.160689
Kazakhstan,398000929,30.0,Rural,Medium,Female,Married,Higher,6.0,7.0,0.184171,Trusted,10.0,7.0,0.120333
Kazakhstan,398000930,42.0,Rural,Low,Female,Married,Higher,10.0,9.0,0.374449,Not trusted,10.0,5.0,0.168878
Kazakhstan,398000931,50.0,Urban,Medium,Male,,Higher,5.0,6.0,0.166161,Not trusted,6.0,7.0,0.265137
Kazakhstan,398000932,33.0,Urban,Medium,Female,Divorced,Higher,6.0,5.0,0.413561,Not trusted,7.0,5.0,0.265167
Kazakhstan,398000933,56.0,Rural,Medium,Female,Married,Lower,4.0,6.0,0.445001,Not trusted,10.0,4.0,0.265622
Kazakhstan,398000934,33.0,Rural,Low,Female,,Middle,6.0,4.0,0.400994,Not trusted,5.0,8.0,0.549804
Kazakhstan,398000935,24.0,Rural,Medium,Female,Single,Higher,8.0,6.0,0.146612,Not trusted,10.0,5.0,0.282900
Kazakhstan,398000936,28.0,Rural,Medium,Male,Single,Higher,8.0,6.0,0.109398,Trusted,9.0,7.0,0.110566
Kazakhstan,398000937,25.0,Urban,Medium,Male,Married,Higher,6.0,7.0,0.306568,Not trusted,8.0,4.0,0.512417
Kazakhstan,398000938,36.0,Rural,Medium,Female,Single,Middle,5.0,5.0,0.579414,Not trusted,10.0,3.0,0.478075
Kazakhstan,398000939,54.0,Urban,Medium,Male,Married,Higher,5.0,6.0,0.607320,Not trusted,5.0,5.0,0.354169
Kazakhstan,398000940,20.0,Rural,Medium,Female,Married,Higher,4.0,4.0,0.391792,Trusted,8.0,4.0,0.348869
Kazakhstan,398000941,27.0,Urban,Medium,Male,Widowed,Middle,7.0,10.0,0.299904,Not trusted,6.0,8.0,0.489610
Kazakhstan,398000942,56.0,Urban,Medium,Female,Single,Higher,6.0,5.0,0.557589,Not trusted,7.0,1.0,0.498957
Kazakhstan,398000943,29.0,Rural,High,Male,Divorced,Higher,8.0,8.0,0.360006,Trusted,,7.0,0.438746
Kazakhstan,398000944,19.0,Urban,Medium,Female,Married,Higher,6.0,9.0,0.242462,Not trusted,,7.0,0.515340
Kazakhstan,398000945,37.0,Rural,Medium,Male,Married,Middle,9.0,10.0,0.359397,Not trusted,10.0,7.0,0.480250
Kazakhstan,398000946,40.0,Urban,Medium,Male,Widowed,Higher,10.0,10.0,0.530158,,7.0,5.0,0.467649
Kazakhstan,398000947,26.0,Urban,High,Female,Widowed,Middle,10.0,8.0,0.088052,Not trusted,8.0,7.0,0.209877
Kazakhstan,398000948,60.0,Urban,Medium,Female,Married,Higher,9.0,7.0,0.463450,Not trusted,9.0,8.0,0.501870
Kazakhstan,398000949,25.0,Rural,Low,Male,Single,Higher,6.0,5.0,0.319242,Not trusted,10.0,5.0,0.114255
Kazakhstan,398000950,35.0,Rural,Medium,Female,Married,Higher,9.0,10.0,0.348638,Not trusted,10.0,5.0,0.393689
Kazakhstan,398000951,35.0,Urban,High,Female,Divorced,Higher,6.0,8.0,0.410512,Not trusted,10.0,3.0,0.216117
Kazakhstan,398000952,25.0,Urban,Medium,Male,Married,Higher,8.0,10.0,0.474743,Trusted,10.0,7.0,0.468894
Kazakhstan,398000953,31.0,Rural,Medium,Male,Divorced,Higher,5.0,4.0,0.253698,Trusted,4.0,7.0,0.407254
Kazakhstan,398000954,71.0,Urban,Medium,Female,Married,Higher,9.0,8.0,0.534102,Trusted,9.0,6.0,0.485182
Kazakhstan,398000955,58.0,Rural,Medium,Male,Single,Higher,7.0,6.0,0.176165,,10.0,8.0,0.304394
Kazakhstan,398000956,32.0,Urban,High,Male,Married,Higher,8.0,7.0,0.412820,Not trusted,10.0,7.0,0.465791
Kazakhstan,398000957,41.0,Rural,Medium,Male,Single,Higher,5.0,6.0,0.353275,Trusted,8.0,6.0,0.427782
Kazakhstan,398000958,26.0,Urban,Medium,Male,Married,Middle,6.0,,0.530090,Not trusted,10.0,5.0,0.531845
Kazakhstan,398000959,41.0,Urban,Medium,Female,Divorced,Middle,8.0,7.0,0.263413,Not trusted,7.0,9.0,0.735034
Kazakhstan,398000960,66.0,Urban,Medium,Female,Single,Middle,9.0,5.0,0.350379,Not trusted,6.0,10.0,0.342495
Kazakhstan,398000961,57.0,Rural,Medium,Male,Married,Higher,8.0,10.0,0.256652,Not trusted,10.0,7.0,0.322414
Kazakhstan,398000962,53.0,Rural,Low,Male,Single,Middle,8.0,7.0,0.199299,Not trusted,5.0,6.0,0.223058
Kazakhstan,398000963,29.0,Urban,Medium,Male,Married,Higher,6.0,8.0,0.462506,Not trusted,5.0,7.0,0.435870
Kazakhstan,398000964,36.0,Rural,High,Male,Single,Middle,6.0,4.0,0.580569,Not trusted,5.0,8.0,0.580763
Kazakhstan,398000965,31.0,Urban,Medium,Female,Widowed,Higher,9.0,,0.138521,Not trusted,10.0,,0.112705
Kazakhstan,398000966,21.0,Urban,Medium,Male,Married,Higher,10.0,10.0,0.221132,Trusted,10.0,10.0,0.129253
Kazakhstan,398000967,39.0,Rural,Medium,Male,Divorced,Higher,8.0,10.0,0.542430,Trusted,4.0,5.0,0.526774
Kazakhstan,398000968,29.0,Rural,Medium,Female,Married,Middle,5.0,4.0,0.238373,Not trusted,5.0,7.0,0.335133
Kazakhstan,398000969,26.0,Urban,Medium,Male,Single,Higher,10.0,8.0,0.495789,Not trusted,5.0,9.0,0.695208
Kazakhstan,398000970,32.0,Urban,Medium,Male,Living together as married,Middle,8.0,8.0,0.311159,Not trusted,6.0,7.0,0.385311
Kazakhstan,398000971,53.0,Rural,Medium,Female,Married,Higher,8.0,10.0,0.319121,Not trusted,,6.0,0.229853
Kazakhstan,398000972,47.0,Urban,Medium,Male,,Higher,5.0,4.0,0.378731,Not trusted,5.0,7.0,0.542177
Kazakhstan,398000973,30.0,Urban,Medium,Female,Married,Middle,6.0,5.0,0.522941,Not trusted,10.0,5.0,0.330134
Kazakhstan,398000974,47.0,Urban,Medium,Female,Single,Lower,9.0,5.0,0.513555,Not trusted,10.0,5.0,0.428318
Kazakhstan,398000975,82.0,Rural,Medium,Female,Married,Middle,4.0,2.0,0.400367,Not trusted,6.0,4.0,0.517247
Kazakhstan,398000976,36.0,Rural,Medium,Male,Single,Higher,8.0,9.0,0.284094,Not trusted,10.0,8.0,0.511961
Kazakhstan,398000977,49.0,Urban,Low,Male,Single,Middle,6.0,6.0,0.433505,Not trusted,2.0,5.0,0.512261
Kazakhstan,398000978,26.0,Rural,Medium,Female,Single,Higher,5.0,7.0,0.430432,Not trusted,9.0,7.0,0.266146
Kazakhstan,398000979,21.0,Urban,High,Male,Married,Higher,10.0,10.0,0.558068,Trusted,10.0,7.0,0.632022
Kazakhstan,398000980,70.0,Urban,Medium,Female,Divorced,Lower,4.0,4.0,0.654535,Not trusted,9.0,5.0,0.271441
Kazakhstan,398000981,39.0,Urban,Medium,Female,Married,Higher,7.0,8.0,0.381245,Not trusted,6.0,7.0,0.540494
Kazakhstan,398000982,52.0,Urban,Medium,Male,Married,Middle,10.0,7.0,0.261748,Not trusted,,8.0,0.159666
Kazakhstan,398000983,32.0,Urban,Medium,Male,Single,Higher,7.0,10.0,0.178274,Not trusted,10.0,7.0,0.243281
Kazakhstan,398000984,61.0,Urban,Medium,Male,Married,Middle,8.0,1.0,0.367200,Not trusted,5.0,8.0,0.280039
Kazakhstan,398000985,38.0,Urban,Medium,Female,Married,Middle,7.0,5.0,0.248892,Not trusted,7.0,5.0,0.326308
Kazakhstan,398000986,40.0,Rural,,Female,Married,Higher,10.0,10.0,0.346640,Not trusted,9.0,7.0,0.227053
Kazakhstan,398000987,35.0,Urban,High,Male,Married,Higher,6.0,9.0,0.080486,Trusted,6.0,10.0,0.161740
Kazakhstan,398000988,42.0,Urban,Low,Female,Married,Middle,5.0,8.0,0.362544,Not trusted,1.0,5.0,0.592664
Kazakhstan,398000989,42.0,Urban,Medium,Female,Married,Middle,6.0,8.0,0.202639,Not trusted,8.0,5.0,0.401015
Kazakhstan,398000990,26.0,Urban,Medium,Male,,Higher,9.0,9.0,0.479894,Trusted,10.0,7.0,0.184422
Kazakhstan,398000991,33.0,Urban,Medium,Male,Married,Middle,6.0,6.0,0.331810,Not trusted,6.0,9.0,0.308598
Kazakhstan,398000992,47.0,Rural,High,Female,Single,,7.0,9.0,0.163278,Trusted,5.0,8.0,0.477608
Kazakhstan,398000993,63.0,Rural,Low,Male,Single,Higher,9.0,10.0,0.451163,Trusted,5.0,8.0,0.382797
Kazakhstan,398000994,22.0,Rural,Medium,Male,Married,Higher,6.0,7.0,0.241931,Trusted,10.0,7.0,0.104125
Kazakhstan,398000995,62.0,Urban,,Male,Married,Middle,6.0,7.0,0.355942,Not trusted,,6.0,0.331009
Kazakhstan,398000996,47.0,Rural,Medium,Female,Widowed,Higher,10.0,7.0,0.123251,Not trusted,7.0,6.0,0.508398
Kazakhstan,398000997,29.0,Rural,Medium,Female,Married,Higher,10.0,9.0,0.332966,Trusted,10.0,10.0,0.149462
Kazakhstan,398000998,22.0,Urban,Medium,Female,Married,,10.0,8.0,0.302747,Not trusted,9.0,9.0,0.444379
Kazakhstan,398000999,19.0,Rural,Medium,Male,Single,Lower,6.0,4.0,0.201581,Not trusted,5.0,8.0,0.378142
Kazakhstan,398001000,26.0,Urban,Medium,Male,Widowed,Middle,8.0,10.0,0.352064,Not trusted,7.0,9.0,0.385028
Kazakhstan,398001001,38.0,Urban,Medium,Female,Married,Middle,8.0,5.0,0.550834,Not trusted,10.0,6.0,0.400137
Kazakhstan,398001002,42.0,Urban,Medium,Female,Single,Middle,8.0,6.0,0.389615,Not trusted,7.0,8.0,0.141506
Kazakhstan,398001003,37.0,Urban,Low,Male,Married,Middle,7.0,6.0,0.276970,Not trusted,6.0,4.0,0.196807
Kazakhstan,398001004,28.0,Urban,Medium,Female,Single,Middle,8.0,9.0,0.294892,Trusted,5.0,5.0,0.377775
Kazakhstan,398001005,50.0,Rural,Medium,Female,Single,Middle,1.0,4.0,0.486782,Not trusted,10.0,4.0,0.731200
Kazakhstan,398001006,32.0,Rural,Medium,Female,Married,Higher,6.0,5.0,0.422006,Not trusted,6.0,7.0,0.347235
Kazakhstan,398001007,28.0,Urban,Medium,Female,Married,Middle,9.0,8.0,0.322565,Not trusted,6.0,6.0,0.103163
Kazakhstan,398001008,30.0,Urban,Medium,Male,Widowed,Middle,8.0,7.0,0.359856,Not trusted,7.0,9.0,0.465509
Kazakhstan,398001009,49.0,Urban,Medium,Female,Married,Middle,5.0,1.0,0.302361,Not trusted,5.0,4.0,0.499560
Kazakhstan,398001010,26.0,Urban,Medium,Female,Married,Lower,7.0,6.0,0.454344,Not trusted,8.0,5.0,0.154972
Kazakhstan,398001011,28.0,Rural,High,Female,Married,Higher,8.0,10.0,0.415249,Not trusted,9.0,5.0,0.458798
Kazakhstan,398001012,42.0,Urban,Medium,Female,Living together as married,Middle,9.0,,0.327930,Trusted,10.0,10.0,0.223252
Kazakhstan,398001013,30.0,Urban,Medium,Female,Married,Lower,,9.0,0.168135,Not trusted,10.0,10.0,0.252978
Kazakhstan,398001014,30.0,Rural,Medium,Female,Married,Lower,4.0,6.0,0.393760,Not trusted,5.0,1.0,0.275409
Kazakhstan,398001015,54.0,Urban,Medium,Female,Married,Middle,4.0,1.0,0.388640,Not trusted,5.0,5.0,0.427524
Kazakhstan,398001016,18.0,Rural,Medium,Female,Married,Higher,7.0,8.0,0.243655,Trusted,10.0,9.0,0.235572
Kazakhstan,398001017,55.0,Rural,Medium,Male,Married,Higher,8.0,6.0,0.375904,Trusted,6.0,10.0,0.408983
Kazakhstan,398001018,47.0,Rural,Medium,Female,Divorced,Middle,4.0,5.0,0.472780,Not trusted,,3.0,0.575290
Kazakhstan,398001019,19.0,Rural,Medium,Male,Single,Middle,5.0,5.0,0.308422,Not trusted,6.0,7.0,0.303039
Kazakhstan,398001020,52.0,Urban,Low,Male,Married,Middle,8.0,7.0,0.475499,Not trusted,10.0,5.0,0.343835
Kazakhstan,398001021,19.0,Rural,Low,Male,Single,Middle,5.0,3.0,0.394976,Not trusted,5.0,3.0,0.564583
Kazakhstan,398001022,24.0,Urban,Medium,Male,Married,Higher,6.0,7.0,0.365845,Not trusted,8.0,7.0,0.269905
Kazakhstan,398001023,44.0,Urban,Medium,Female,Married,Higher,5.0,5.0,0.221485,Trusted,5.0,8.0,0.523992
Kazakhstan,398001024,70.0,Urban,High,Male,Married,Higher,10.0,7.0,0.353828,Trusted,6.0,10.0,0.425060
Kazakhstan,398001025,39.0,Urban,Medium,Male,Divorced,Higher,7.0,,0.551369,Not trusted,6.0,6.0,0.343632
Kazakhstan,398001026,60.0,Urban,Medium,Male,Widowed,Lower,8.0,10.0,0.322956,Not trusted,6.0,5.0,0.447555
Kazakhstan,398001027,27.0,Rural,Medium,Male,Married,Middle,9.0,9.0,0.326157,Not trusted,8.0,5.0,0.298238
Kazakhstan,398001028,31.0,Rural,,Female,Single,Higher,10.0,8.0,0.358224,Trusted,6.0,8.0,0.463767
Kazakhstan,398001029,54.0,Rural,Medium,Female,Married,Higher,7.0,6.0,0.334767,Not trusted,10.0,9.0,0.225882
Kazakhstan,398001030,50.0,Rural,Medium,Male,Married,Higher,8.0,3.0,0.259168,Not trusted,9.0,6.0,0.242744
Kazakhstan,398001031,42.0,Urban,Medium,Female,Single,Higher,8.0,6.0,0.543444,Not trusted,5.0,9.0,0.609630
Kazakhstan,398001032,51.0,Rural,High,Male,Single,Middle,10.0,10.0,0.437918,Not trusted,10.0,8.0,0.425426
Kazakhstan,398001033,31.0,Rural,Medium,Female,Divorced,Middle,7.0,2.0,0.164747,Not trusted,6.0,6.0,0.453265
Kazakhstan,398001034,54.0,Urban,Medium,Male,Single,Middle,9.0,5.0,0.293961,Not trusted,6.0,4.0,0.229611
Kazakhstan,398001035,39.0,Urban,High,Male,Single,Higher,10.0,10.0,0.226893,Trusted,10.0,10.0,0.205977
Kazakhstan,398001036,40.0,Urban,Low,Male,Married,Middle,2.0,4.0,0.469563,Not trusted,3.0,3.0,0.397360
Kazakhstan,398001037,28.0,Urban,Medium,Female,Married,Higher,7.0,6.0,0.324451,Not trusted,9.0,7.0,0.159132
Kazakhstan,398001038,29.0,Urban,Medium,Male,Single,Higher,6.0,8.0,0.473341,Not trusted,1.0,4.0,0.519119
Kazakhstan,398001039,30.0,Urban,Medium,Female,Married,Higher,8.0,10.0,0.401957,Not trusted,,6.0,0.355616
Kazakhstan,398001040,46.0,Urban,Medium,Male,Married,Higher,5.0,7.0,0.413311,Not trusted,8.0,7.0,0.432423
Kazakhstan,398001041,28.0,Rural,High,Male,Married,Higher,10.0,10.0,0.438652,Trusted,10.0,10.0,0.211882
Kazakhstan,398001042,27.0,Rural,Medium,Female,Married,Middle,5.0,8.0,0.169713,Not trusted,10.0,7.0,0.240148
Kazakhstan,398001043,45.0,Rural,Medium,Male,Married,Middle,8.0,5.0,0.201421,Not trusted,9.0,6.0,0.295326
Kazakhstan,398001044,53.0,Urban,Medium,Female,Single,Lower,10.0,10.0,0.435990,Trusted,5.0,6.0,0.552874
Kazakhstan,398001045,22.0,Urban,Medium,Male,Married,Higher,10.0,8.0,0.387941,Not trusted,10.0,7.0,0.564079
Kazakhstan,398001046,60.0,Urban,Medium,Female,Single,Middle,10.0,8.0,0.408084,Not trusted,5.0,10.0,0.220910
Kazakhstan,398001047,70.0,Urban,Medium,Female,Single,,8.0,8.0,0.273979,Not trusted,5.0,5.0,0.562662
Kazakhstan,398001048,34.0,Urban,Medium,Female,Married,Higher,7.0,5.0,0.353593,Not trusted,9.0,6.0,0.377429
Kazakhstan,398001049,28.0,Urban,Medium,Male,Married,Higher,5.0,6.0,0.491594,Not trusted,5.0,1.0,0.609538
Kazakhstan,398001050,41.0,Rural,Medium,Male,Single,Higher,5.0,6.0,0.201897,Not trusted,8.0,4.0,0.554245
Kazakhstan,398001051,30.0,Urban,Medium,Female,Single,,5.0,4.0,0.457130,Not trusted,8.0,7.0,0.767142
Kazakhstan,398001052,43.0,Rural,Medium,Female,Single,Higher,7.0,6.0,0.293074,Not trusted,9.0,6.0,0.553241
Kazakhstan,398001053,33.0,Rural,Medium,Female,,Middle,8.0,10.0,0.466219,Not trusted,,3.0,0.553780
Kazakhstan,398001054,30.0,Urban,Medium,Male,Single,Higher,8.0,7.0,0.292332,Not trusted,8.0,4.0,0.467522
Kazakhstan,398001055,26.0,Rural,High,Female,Married,Higher,8.0,10.0,0.325915,Not trusted,10.0,6.0,0.370936
Kazakhstan,398001056,34.0,Urban,High,Male,Married,Higher,5.0,4.0,0.229523,Trusted,10.0,7.0,0.490118
Kazakhstan,398001057,54.0,Urban,Medium,Female,Divorced,Middle,10.0,10.0,0.336221,Not trusted,6.0,8.0,0.269172
Kazakhstan,398001058,64.0,Rural,Medium,Male,Married,Middle,10.0,7.0,0.339508,Not trusted,8.0,8.0,0.402447
Kazakhstan,398001059,21.0,Urban,Medium,Female,Single,Higher,7.0,6.0,0.488313,Trusted,5.0,6.0,0.417155
Kazakhstan,398001060,47.0,Rural,Medium,Female,Married,Higher,9.0,9.0,0.130258,Trusted,10.0,6.0,0.202752
Kazakhstan,398001061,46.0,Urban,Medium,Female,Married,Higher,8.0,7.0,0.232558,Not trusted,10.0,6.0,0.255774
Kazakhstan,398001062,20.0,Rural,Medium,Female,Divorced,Higher,7.0,8.0,0.276118,Not trusted,7.0,5.0,0.174126
Kazakhstan,398001063,52.0,Rural,Medium,Female,Married,Middle,2.0,4.0,0.651573,Not trusted,1.0,3.0,0.488491
Kazakhstan,398001064,60.0,Urban,Medium,Female,Divorced,Higher,7.0,6.0,0.512317,Trusted,6.0,6.0,0.446168
Kazakhstan,398001065,48.0,Urban,Medium,Male,Divorced,Middle,6.0,5.0,0.306418,Not trusted,5.0,3.0,0.245018
Kazakhstan,398001066,31.0,Rural,Medium,Female,Married,Middle,5.0,7.0,0.483877,Not trusted,7.0,4.0,0.350815
Kazakhstan,398001067,54.0,Rural,Medium,Male,Married,Higher,8.0,8.0,0.348006,Trusted,10.0,9.0,0.186521
Kazakhstan,398001068,37.0,Rural,Medium,Female,Single,Higher,10.0,10.0,0.199666,Not trusted,10.0,8.0,0.377522
Kazakhstan,398001069,18.0,Urban,Medium,Female,Widowed,Higher,7.0,6.0,0.112294,Trusted,9.0,6.0,0.237173
Kazakhstan,398001070,62.0,Urban,Medium,Male,Married,Higher,7.0,8.0,0.242448,Trusted,10.0,6.0,0.154549
Kazakhstan,398001071,32.0,Rural,Medium,Female,Single,Higher,10.0,10.0,0.420544,Trusted,10.0,7.0,0.379172
Kazakhstan,398001072,50.0,Urban,Low,Male,Widowed,Higher,5.0,1.0,0.553037,Not trusted,4.0,1.0,0.347445
Kazakhstan,398001073,31.0,Rural,Medium,Female,Married,Middle,6.0,,0.200799,Not trusted,10.0,7.0,0.052327
Kazakhstan,398001074,50.0,Urban,Medium,Male,Widowed,Lower,6.0,5.0,0.262475,Not trusted,4.0,7.0,0.228522
Kazakhstan,398001075,54.0,Rural,Medium,Female,Married,Middle,8.0,9.0,0.482505,Not trusted,8.0,7.0,0.385927
Kazakhstan,398001076,38.0,Rural,Medium,Female,Divorced,Middle,7.0,8.0,0.340815,Trusted,5.0,7.0,0.221136
Kazakhstan,398001077,31.0,Rural,High,Male,Married,Higher,8.0,10.0,0.317584,Not trusted,10.0,10.0,0.206059
Kazakhstan,398001078,45.0,Rural,Medium,Female,Widowed,Middle,6.0,6.0,,Not trusted,10.0,6.0,0.450179
Kazakhstan,398001079,41.0,Urban,Medium,Female,Single,Higher,6.0,5.0,0.346879,Not trusted,5.0,4.0,0.601999
Kazakhstan,398001080,60.0,Urban,Medium,Male,Married,Higher,7.0,8.0,0.453300,,10.0,6.0,0.192412
Kazakhstan,398001081,45.0,Urban,High,Male,Single,Middle,8.0,6.0,0.267010,Trusted,10.0,7.0,0.674878
Kazakhstan,398001082,53.0,Rural,Medium,Female,Widowed,Higher,9.0,8.0,0.197963,Trusted,10.0,10.0,0.189463
Kazakhstan,398001083,28.0,Rural,Medium,Male,Divorced,Higher,6.0,8.0,0.509656,Not trusted,10.0,2.0,0.248819
Kazakhstan,398001084,47.0,Urban,Medium,Female,Married,Middle,8.0,8.0,0.247764,Trusted,,8.0,0.202507
Kazakhstan,398001085,20.0,Urban,High,Female,Widowed,Higher,10.0,10.0,0.281136,Not trusted,10.0,8.0,0.117322
Kazakhstan,398001086,30.0,Urban,High,Male,Single,Middle,7.0,5.0,0.456953,,5.0,6.0,0.212628
Kazakhstan,398001087,24.0,Rural,Medium,Female,Married,Higher,8.0,7.0,0.479541,Not trusted,9.0,9.0,0.737969
Kazakhstan,398001088,22.0,Urban,Medium,Male,Married,Higher,7.0,6.0,0.286717,Not trusted,10.0,6.0,0.113756
Kazakhstan,398001089,24.0,Rural,Medium,Female,Single,Higher,6.0,7.0,0.390656,Not trusted,10.0,5.0,0.245628
Kazakhstan,398001090,44.0,Urban,Medium,Female,Single,Higher,6.0,8.0,,Not trusted,7.0,7.0,0.424758
Kazakhstan,398001091,42.0,Urban,Medium,Male,Married,Middle,9.0,8.0,0.321332,Not trusted,10.0,5.0,0.158081
Kazakhstan,398001092,46.0,Rural,Low,Male,Single,Middle,5.0,4.0,0.489354,Not trusted,,4.0,0.594364
Kazakhstan,398001093,36.0,Urban,Medium,Male,Married,Higher,5.0,1.0,0.411128,Not trusted,5.0,2.0,0.337132
Kazakhstan,398001094,63.0,Rural,,Male,Divorced,Middle,6.0,5.0,0.412223,Not trusted,4.0,4.0,0.264568
Kazakhstan,398001095,42.0,Urban,Medium,Male,Widowed,Middle,4.0,6.0,0.232571,Not trusted,7.0,4.0,0.397555
Kazakhstan,398001096,56.0,Urban,Medium,Female,Married,Lower,8.0,9.0,0.342461,Not trusted,7.0,5.0,0.514092
Kazakhstan,398001097,66.0,Urban,High,Male,Married,Higher,7.0,6.0,0.455426,Trusted,5.0,7.0,0.363029
Kazakhstan,398001098,32.0,Urban,Medium,Female,Married,Higher,8.0,6.0,0.455635,Not trusted,10.0,4.0,0.305641
Kazakhstan,398001099,51.0,Rural,Medium,Female,Married,Higher,9.0,10.0,0.441997,Trusted,10.0,10.0,0.408087
Kazakhstan,398001100,49.0,Rural,Medium,Male,Married,Higher,8.0,7.0,0.220785,Not trusted,10.0,7.0,0.209311
Kazakhstan,398001101,65.0,Urban,Medium,Female,Married,Higher,5.0,5.0,0.424537,Trusted,,,0.132817
Kazakhstan,398001102,60.0,Urban,Medium,Male,Married,Higher,4.0,,0.403223,Not trusted,7.0,6.0,0.317336
Kazakhstan,398001103,27.0,Urban,Medium,Female,Widowed,Higher,10.0,10.0,0.318214,Not trusted,7.0,8.0,0.372550
Kazakhstan,398001104,53.0,Rural,Medium,Female,Married,Higher,9.0,10.0,0.516164,Not trusted,10.0,8.0,0.323507
Kazakhstan,398001105,34.0,Rural,Medium,Female,Married,Higher,10.0,8.0,0.526864,Not trusted,5.0,8.0,0.600077
Kazakhstan,398001106,65.0,Urban,Medium,Female,Married,Higher,9.0,7.0,0.259370,Not trusted,10.0,4.0,0.286481
Kazakhstan,398001107,31.0,Urban,Medium,Male,Widowed,Higher,,9.0,0.346499,Trusted,10.0,7.0,0.511481
Kazakhstan,398001108,33.0,Rural,,Female,Divorced,Higher,7.0,9.0,0.551823,Not trusted,10.0,5.0,0.508286
Kazakhstan,398001109,68.0,Rural,Medium,Female,Divorced,Middle,7.0,5.0,0.424989,Not trusted,10.0,5.0,0.548235
Kazakhstan,398001110,38.0,Rural,,Female,Divorced,Higher,5.0,9.0,0.438482,Not trusted,9.0,1.0,0.361428
Kazakhstan,398001111,31.0,Urban,Medium,Female,Divorced,Higher,8.0,9.0,0.391649,Trusted,10.0,7.0,0.464221
Kazakhstan,398001112,28.0,Rural,Medium,Male,Single,Higher,4.0,4.0,0.468904,Not trusted,5.0,4.0,0.440042
Kazakhstan,398001113,38.0,Rural,Medium,Female,Single,Higher,5.0,6.0,,Not trusted,9.0,2.0,0.517222
Kazakhstan,398001114,54.0,Urban,Medium,Female,Married,Higher,5.0,2.0,0.527112,Not trusted,8.0,6.0,0.397722
Kazakhstan,398001115,71.0,Urban,Medium,Male,Married,Middle,5.0,5.0,0.232207,Not trusted,7.0,5.0,0.208631
Kazakhstan,398001116,25.0,Urban,Low,Female,Married,Higher,6.0,7.0,0.367775,Not trusted,5.0,5.0,0.440992
Kazakhstan,398001117,30.0,Rural,Medium,Female,Single,Higher,10.0,10.0,0.565244,Not trusted,10.0,8.0,0.361742
Kazakhstan,398001118,18.0,Urban,High,Male,Married,Higher,7.0,6.0,0.368488,Trusted,10.0,7.0,0.410546
Kazakhstan,398001119,52.0,Rural,Medium,Male,,Higher,5.0,5.0,0.107979,Trusted,5.0,5.0,0.221813
Kazakhstan,398001120,37.0,Urban,Medium,Female,Married,Higher,7.0,6.0,0.279807,Not trusted,6.0,5.0,0.278770
Kazakhstan,398001121,36.0,Urban,Medium,Female,Married,Middle,8.0,2.0,0.340601,Not trusted,5.0,6.0,0.579790
Kazakhstan,398001122,55.0,Urban,High,Female,Widowed,Higher,5.0,5.0,0.400259,,6.0,4.0,0.529646
Kazakhstan,398001123,25.0,Rural,Medium,Female,,Higher,10.0,10.0,0.560921,Not trusted,10.0,,0.512181
Kazakhstan,398001124,37.0,Urban,Medium,Male,Single,Higher,8.0,10.0,0.367884,Not trusted,10.0,6.0,0.105404
Kazakhstan,398001125,43.0,Urban,,Male,Married,Higher,7.0,10.0,0.377328,Trusted,10.0,6.0,0.036437
Kazakhstan,398001126,60.0,Rural,Medium,Male,Married,Middle,1.0,1.0,0.488558,Not trusted,5.0,1.0,0.487478
Kazakhstan,398001127,29.0,Urban,Medium,Male,Married,Middle,6.0,7.0,0.519443,Not trusted,4.0,7.0,0.675154
Kazakhstan,398001128,38.0,Rural,Medium,Female,Married,,7.0,1.0,0.313323,Not trusted,10.0,7.0,0.411556
Kazakhstan,398001129,56.0,Urban,Medium,Female,Widowed,Higher,9.0,5.0,0.451877,Not trusted,1.0,8.0,0.237841
Kazakhstan,398001130,45.0,Urban,Medium,Female,Married,Higher,5.0,5.0,0.366601,Not trusted,8.0,5.0,0.388079
Kazakhstan,398001131,53.0,Urban,Medium,Male,Single,,5.0,5.0,0.403260,Not trusted,6.0,5.0,0.452219
Kazakhstan,398001132,31.0,Rural,High,Male,Married,Higher,10.0,10.0,0.285642,Trusted,10.0,10.0,0.312588
Kazakhstan,398001133,25.0,Urban,Medium,Female,Married,Higher,3.0,7.0,0.494789,Not trusted,6.0,4.0,0.633492
Kazakhstan,398001134,64.0,Urban,Medium,Female,Married,Middle,6.0,,0.352963,Not trusted,8.0,7.0,0.349496
Kazakhstan,398001135,53.0,Rural,Medium,Female,Single,Higher,7.0,6.0,0.506544,Trusted,10.0,,0.597418
Kazakhstan,398001136,50.0,Urban,High,Male,Single,Middle,10.0,10.0,0.211520,Not trusted,10.0,10.0,0.383182
Kazakhstan,398001137,41.0,Urban,Medium,Female,Married,Higher,8.0,10.0,0.304159,Not trusted,9.0,7.0,0.180412
Kazakhstan,398001138,47.0,Urban,Medium,Male,Married,Higher,10.0,10.0,0.475542,Not trusted,3.0,7.0,0.272260
Kazakhstan,398001139,70.0,Urban,Low,Male,Married,Higher,6.0,3.0,0.417969,Not trusted,,5.0,0.225462
Kazakhstan,398001140,44.0,Urban,Medium,Male,Married,Higher,10.0,10.0,0.571488,Trusted,10.0,10.0,0.508897
Kazakhstan,398001141,63.0,Urban,Medium,Female,Widowed,Middle,4.0,1.0,0.352644,Not trusted,9.0,4.0,0.488789
Kazakhstan,398001142,34.0,Urban,Medium,Male,Married,Higher,10.0,9.0,0.337189,Not trusted,10.0,7.0,0.451684
Kazakhstan,398001143,20.0,Urban,Medium,Female,Married,Middle,4.0,5.0,0.402345,Not trusted,10.0,2.0,0.193075
Kazakhstan,398001144,18.0,Urban,Low,Male,Widowed,Higher,7.0,7.0,0.415621,Not trusted,5.0,7.0,0.501629
Kazakhstan,398001145,30.0,Urban,Medium,Female,Married,Higher,10.0,8.0,0.446006,Trusted,8.0,8.0,0.326988
Kazakhstan,398001146,19.0,Urban,Medium,Male,Married,Higher,8.0,6.0,0.275494,Not trusted,5.0,7.0,0.457079
Kazakhstan,398001147,32.0,Urban,Medium,Female,Married,Middle,8.0,7.0,0.530688,Not trusted,10.0,6.0,0.389242
Kazakhstan,398001148,20.0,Rural,High,Female,Married,Higher,10.0,10.0,0.274482,Trusted,10.0,7.0,0.494676
Kazakhstan,398001149,38.0,Urban,Medium,Male,Married,,7.0,8.0,0.175378,Trusted,7.0,8.0,0.341818
Kazakhstan,398001150,56.0,Urban,Medium,Female,Married,Middle,,5.0,0.325942,Trusted,4.0,9.0,0.546033
Kazakhstan,398001151,25.0,Urban,High,Male,Single,Higher,7.0,5.0,0.607273,Trusted,7.0,4.0,0.409234
Kazakhstan,398001152,50.0,Urban,Medium,Female,Married,Middle,4.0,2.0,0.490062,Not trusted,2.0,8.0,0.685416
Kazakhstan,398001153,24.0,Rural,Medium,Female,,Higher,4.0,7.0,0.339061,Not trusted,8.0,3.0,0.176033
Kazakhstan,398001154,51.0,Rural,Medium,Male,Divorced,Higher,10.0,7.0,0.417094,Not trusted,10.0,7.0,0.325551
Kazakhstan,398001155,29.0,Urban,Medium,Female,Married,Middle,5.0,6.0,0.319558,Not trusted,10.0,6.0,0.375936
Kazakhstan,398001156,30.0,Urban,Medium,Male,Single,Higher,5.0,8.0,0.693932,Not trusted,5.0,4.0,0.551214
Kazakhstan,398001157,56.0,Urban,Medium,Female,Divorced,Higher,6.0,3.0,0.484073,Not trusted,5.0,3.0,0.490624
Kazakhstan,398001158,47.0,Urban,Medium,Female,Married,Middle,10.0,7.0,0.555908,Not trusted,10.0,7.0,0.518212
Kazakhstan,398001159,30.0,Urban,Medium,Female,Married,Higher,6.0,10.0,0.268087,Not trusted,5.0,4.0,0.441912
Kazakhstan,398001160,59.0,Urban,Low,Female,Widowed,Middle,4.0,1.0,0.495300,Not trusted,4.0,3.0,0.476399
Kazakhstan,398001161,29.0,Rural,Medium,Male,Married,Higher,7.0,,0.642422,Not trusted,6.0,7.0,0.533654
Kazakhstan,398001162,52.0,Urban,Medium,Female,Married,Lower,9.0,6.0,0.216960,Not trusted,,9.0,0.381502
Kazakhstan,398001163,38.0,Urban,Medium,Female,Married,Higher,9.0,9.0,0.478073,Trusted,,10.0,0.386049
Kazakhstan,398001164,26.0,Urban,Medium,Female,Married,Higher,5.0,9.0,0.453838,Not trusted,10.0,5.0,0.410817
Kazakhstan,398001165,51.0,Urban,Medium,Female,Widowed,Higher,7.0,10.0,0.336455,Not trusted,10.0,7.0,0.199519
Kazakhstan,398001166,34.0,Rural,Medium,Female,Married,Higher,8.0,5.0,0.422991,Trusted,10.0,8.0,0.086543
Kazakhstan,398001167,54.0,Rural,Medium,Male,Married,Middle,8.0,10.0,0.266187,Not trusted,,10.0,0.160534
Kazakhstan,398001168,46.0,Rural,Medium,Female,Single,Middle,5.0,7.0,0.432522,Not trusted,10.0,5.0,0.556456
Kazakhstan,398001169,59.0,Urban,Medium,Female,Married,Middle,9.0,10.0,0.099055,Not trusted,10.0,7.0,0.190896
Kazakhstan,398001170,58.0,Rural,Low,Female,Married,Middle,6.0,7.0,0.360223,Not trusted,7.0,5.0,0.264141
Kazakhstan,398001171,44.0,Urban,Low,Male,Married,Middle,6.0,5.0,0.314510,Not trusted,9.0,1.0,0.522420
Kazakhstan,398001172,56.0,Urban,Medium,Male,Married,Middle,8.0,5.0,0.356507,Not trusted,8.0,8.0,0.405640
Kazakhstan,398001173,59.0,Rural,High,Male,Married,Higher,10.0,6.0,0.430794,Trusted,10.0,9.0,0.215524
Kazakhstan,398001174,38.0,Rural,Medium,Male,Married,Middle,6.0,6.0,,Not trusted,9.0,7.0,0.245749
Kazakhstan,398001175,38.0,Rural,Low,Male,Widowed,Higher,7.0,9.0,0.469994,Trusted,10.0,1.0,0.139283
Kazakhstan,398001176,57.0,Urban,Medium,Female,Married,Higher,8.0,10.0,0.337081,Not trusted,10.0,7.0,0.467579
Kazakhstan,398001177,46.0,Rural,Low,Female,Married,Middle,8.0,6.0,0.581428,Trusted,5.0,7.0,0.422672
Kazakhstan,398001178,45.0,Rural,Medium,Female,Married,Middle,10.0,10.0,0.372290,Not trusted,9.0,9.0,0.386524
Kazakhstan,398001179,29.0,Urban,Medium,Male,Married,Higher,8.0,7.0,0.089319,Not trusted,8.0,8.0,0.472236
Kazakhstan,398001180,34.0,Urban,Low,Male,Divorced,Middle,,10.0,0.245107,Not trusted,7.0,3.0,0.185672
Kazakhstan,398001181,31.0,Urban,Medium,Male,Married,Higher,5.0,6.0,0.532429,Not trusted,8.0,3.0,0.364782
Kazakhstan,398001182,38.0,Rural,Low,Female,Widowed,Middle,9.0,6.0,0.306933,Not trusted,10.0,6.0,0.420158
Kazakhstan,398001183,45.0,Urban,Medium,Male,Married,Higher,8.0,7.0,0.246095,Trusted,10.0,7.0,0.385637
Kazakhstan,398001184,56.0,Urban,High,Male,Married,Higher,10.0,6.0,0.207028,Not trusted,10.0,8.0,0.389887
Kazakhstan,398001185,54.0,Urban,Medium,Female,Widowed,Middle,8.0,6.0,0.351441,Not trusted,10.0,5.0,0.336384
Kazakhstan,398001186,29.0,Urban,Medium,Male,Single,Middle,7.0,8.0,0.356837,Not trusted,9.0,8.0,0.489876
Kazakhstan,398001187,49.0,Urban,Medium,Male,Single,Middle,6.0,5.0,0.360446,Trusted,5.0,5.0,0.385900
Kazakhstan,398001188,61.0,Urban,High,Male,Married,Higher,10.0,8.0,0.346977,Not trusted,8.0,10.0,0.325042
Kazakhstan,398001189,55.0,Rural,High,Male,Married,Higher,6.0,6.0,0.620020,Not trusted,9.0,7.0,0.696771
Kazakhstan,398001190,50.0,Rural,Medium,Male,Single,Lower,8.0,5.0,0.344692,Not trusted,9.0,10.0,0.367419
Kazakhstan,398001191,47.0,Rural,Medium,Female,Married,Middle,5.0,2.0,0.293308,Not trusted,3.0,4.0,0.284441
Kazakhstan,398001192,34.0,Urban,,Male,Single,Higher,7.0,10.0,0.501191,Not trusted,9.0,7.0,0.123954
Kazakhstan,398001193,42.0,Rural,Medium,Female,Married,Higher,8.0,8.0,,Not trusted,9.0,5.0,0.145119
Kazakhstan,398001194,38.0,Rural,Medium,Female,Married,Higher,5.0,5.0,0.307313,Not trusted,10.0,5.0,0.297670
Kazakhstan,398001195,54.0,Urban,,Female,Married,Higher,10.0,10.0,0.452390,Trusted,10.0,8.0,0.184482
Kazakhstan,398001196,48.0,Rural,,Male,Married,Higher,3.0,4.0,0.402560,Not trusted,5.0,7.0,0.384675
Kazakhstan,398001197,47.0,Rural,Medium,Male,Single,Middle,4.0,3.0,0.379024,,5.0,5.0,0.267898
Kazakhstan,398001198,36.0,Rural,Medium,Female,Single,Higher,5.0,8.0,0.253835,Not trusted,10.0,2.0,0.176724
Kazakhstan,398001199,29.0,Urban,Medium,Male,Married,Higher,7.0,6.0,0.075079,Trusted,5.0,10.0,0.191498
Kazakhstan,398001200,35.0,Urban,Medium,Female,Married,Middle,8.0,6.0,0.514668,Not trusted,9.0,4.0,0.344611
Kazakhstan,398001201,26.0,Rural,Medium,Male,Married,Middle,4.0,6.0,0.481433,,7.0,4.0,0.350943
Kazakhstan,398001202,57.0,Urban,Medium,Male,Married,Lower,3.0,5.0,0.439458,Not trusted,5.0,6.0,0.696454
Kazakhstan,398001203,42.0,Urban,Medium,Male,Married,Higher,6.0,6.0,0.501343,Trusted,2.0,8.0,0.568113
Kazakhstan,398001204,43.0,Rural,Medium,Male,Married,Higher,9.0,8.0,0.548434,Not trusted,10.0,8.0,0.423340
Kazakhstan,398001205,32.0,Urban,Medium,Male,Separated,Higher,6.0,6.0,0.371621,Not trusted,9.0,8.0,0.281950
Kazakhstan,398001206,52.0,Rural,Medium,Female,Single,Middle,2.0,4.0,0.453027,Not trusted,5.0,1.0,0.520571
Kazakhstan,398001207,38.0,Urban,Medium,Male,Married,Higher,10.0,10.0,0.183366,Not trusted,10.0,9.0,0.185348
Kazakhstan,398001208,68.0,Rural,Medium,Female,Married,Higher,6.0,5.0,0.432179,Not trusted,5.0,6.0,0.421893
Kazakhstan,398001209,31.0,Urban,Medium,Female,Married,Middle,1.0,3.0,0.500765,Not trusted,5.0,3.0,0.510441
Kazakhstan,398001210,40.0,Rural,Medium,Male,Married,Higher,7.0,5.0,0.321085,Not trusted,5.0,5.0,0.632710
Kazakhstan,398001211,33.0,Rural,Medium,Female,Single,Higher,5.0,6.0,0.494380,Not trusted,8.0,4.0,0.522887
Kazakhstan,398001212,24.0,Urban,Medium,Female,Married,Higher,5.0,5.0,0.345075,Not trusted,8.0,5.0,0.366840
Kazakhstan,398001213,47.0,Urban,Medium,Male,Married,Higher,10.0,8.0,0.432208,Not trusted,8.0,9.0,0.143340
Kazakhstan,398001214,62.0,Rural,Medium,Male,Married,Lower,8.0,5.0,0.189516,Trusted,8.0,8.0,0.088696
Kazakhstan,398001215,45.0,Rural,Medium,Male,Married,Middle,7.0,2.0,0.301525,Not trusted,8.0,2.0,0.369246
Kazakhstan,398001216,38.0,Rural,Medium,Male,Married,Middle,7.0,7.0,,Not trusted,6.0,7.0,0.106453
Kazakhstan,398001217,59.0,Urban,High,Female,Divorced,Higher,10.0,10.0,0.467047,Trusted,10.0,10.0,0.117019
Kazakhstan,398001218,26.0,Urban,Medium,Female,Married,Middle,8.0,7.0,0.508193,,9.0,7.0,0.301798
Kazakhstan,398001219,33.0,Rural,High,Female,Widowed,Higher,4.0,8.0,0.362362,Not trusted,7.0,7.0,0.385152
Kazakhstan,398001220,59.0,Urban,Medium,Female,Married,Higher,10.0,9.0,0.185283,,10.0,7.0,0.473110
Kazakhstan,398001221,48.0,Urban,High,Male,Married,Higher,6.0,5.0,0.321219,Not trusted,10.0,8.0,0.613025
Kazakhstan,398001222,33.0,Rural,Low,Male,Married,Higher,3.0,5.0,,Trusted,6.0,4.0,0.512215
Kazakhstan,398001223,40.0,Urban,Medium,Female,Married,Higher,8.0,9.0,0.342505,Not trusted,8.0,7.0,0.178922
Kazakhstan,398001224,36.0,Urban,Medium,Female,Single,Higher,10.0,10.0,0.549637,Not trusted,10.0,8.0,0.512746
Kazakhstan,398001225,54.0,Urban,Medium,Female,Single,Higher,5.0,5.0,0.378382,Trusted,4.0,5.0,0.491261
Kazakhstan,398001226,74.0,Rural,Medium,Female,Married,Lower,4.0,2.0,0.414700,Not trusted,7.0,5.0,0.423911
Kazakhstan,398001227,25.0,Urban,High,Male,Married,Middle,10.0,7.0,0.151214,,10.0,5.0,0.216135
Kazakhstan,398001228,32.0,Urban,Medium,Female,Single,Higher,8.0,8.0,0.407010,Not trusted,8.0,10.0,0.220410
Kazakhstan,398001229,34.0,Urban,Medium,Male,Married,Higher,6.0,5.0,0.361959,Trusted,10.0,5.0,0.421525
Kazakhstan,398001230,30.0,Rural,Medium,Male,Married,Middle,4.0,5.0,0.478668,Not trusted,10.0,6.0,0.348373
Kazakhstan,398001231,43.0,Rural,Medium,Female,Widowed,Middle,6.0,5.0,0.575674,Not trusted,5.0,7.0,0.545854
Kazakhstan,398001232,42.0,Urban,Medium,Female,Single,Higher,5.0,5.0,0.511765,Not trusted,10.0,5.0,0.119673
Kazakhstan,398001233,50.0,Urban,Medium,Male,Married,Higher,7.0,9.0,,,6.0,6.0,0.378686
Kazakhstan,398001234,39.0,Rural,Medium,Female,Divorced,Middle,5.0,1.0,0.532887,Not trusted,9.0,6.0,0.322472
Kazakhstan,398001235,50.0,Rural,Medium,Male,Married,Lower,10.0,9.0,0.315019,Not trusted,5.0,10.0,0.178256
Kazakhstan,398001236,42.0,Urban,Medium,Female,Widowed,Middle,10.0,10.0,0.564168,Not trusted,10.0,8.0,0.518048
Kazakhstan,398001237,33.0,Urban,Medium,Female,Widowed,Middle,4.0,1.0,0.228434,Not trusted,4.0,4.0,0.516801
Kazakhstan,398001238,50.0,Rural,Medium,Female,Married,Middle,7.0,5.0,0.301609,Not trusted,5.0,6.0,0.617552
Kazakhstan,398001239,29.0,Rural,Medium,Male,Single,Higher,,10.0,0.279324,Trusted,10.0,8.0,0.398083
Kazakhstan,398001240,44.0,Urban,Medium,Male,Married,Higher,8.0,7.0,0.284092,Not trusted,6.0,6.0,0.542026
Kazakhstan,398001241,40.0,Rural,Medium,Male,Married,Middle,10.0,10.0,0.216313,Not trusted,,7.0,0.288235
Kazakhstan,398001242,61.0,Urban,High,Male,Married,Higher,6.0,6.0,0.393424,Trusted,10.0,3.0,0.442602
Kazakhstan,398001243,46.0,Rural,High,Female,Married,Higher,4.0,9.0,,Not trusted,4.0,5.0,0.706844
Kazakhstan,398001244,33.0,Urban,Medium,Male,Married,Higher,10.0,8.0,0.258169,Not trusted,10.0,10.0,0.367848
Kazakhstan,398001245,27.0,Urban,Medium,Female,Married,Middle,10.0,10.0,0.520391,Not trusted,10.0,4.0,0.268497
Kazakhstan,398001246,31.0,Rural,Medium,Female,Single,,8.0,6.0,,Not trusted,,8.0,0.383838
Kazakhstan,398001247,30.0,Urban,Medium,Female,Married,Higher,8.0,,0.340539,Not trusted,6.0,7.0,0.620957
Kazakhstan,398001248,39.0,Urban,Medium,Male,,Higher,9.0,10.0,0.227594,Not trusted,10.0,6.0,0.521306
Kazakhstan,398001249,41.0,Urban,Medium,Female,Married,Higher,9.0,9.0,0.262058,Not trusted,10.0,7.0,0.218930
Kazakhstan,398001250,39.0,Rural,Medium,Male,Married,Lower,5.0,6.0,0.353525,Not trusted,10.0,5.0,0.367839
Kazakhstan,398001251,30.0,Urban,Medium,Female,Married,Higher,8.0,8.0,0.456937,Not trusted,5.0,8.0,0.431442
Kazakhstan,398001252,52.0,Rural,Medium,Male,Married,Higher,,8.0,,Not trusted,10.0,8.0,0.231190
Kazakhstan,398001253,49.0,Urban,Medium,Female,Married,Higher,8.0,9.0,0.280139,Trusted,10.0,9.0,0.567675
Kazakhstan,398001254,55.0,Rural,Medium,Male,Married,Higher,8.0,7.0,0.290270,Not trusted,5.0,9.0,0.500240
Kazakhstan,398001255,27.0,Urban,Medium,Female,Married,Higher,9.0,9.0,0.345304,Not trusted,10.0,8.0,0.431094
Kazakhstan,398001256,42.0,Urban,Medium,Female,Married,Higher,7.0,10.0,0.451538,Not trusted,10.0,7.0,0.396483
Kazakhstan,398001257,22.0,Urban,Medium,Female,Married,Higher,5.0,5.0,0.465708,Trusted,8.0,7.0,0.297807
Kazakhstan,398001258,65.0,Urban,Medium,Female,Married,Higher,10.0,8.0,0.411519,Not trusted,10.0,7.0,0.295611
Kazakhstan,398001259,23.0,Urban,High,Female,Married,Higher,9.0,8.0,0.387829,Not trusted,10.0,6.0,0.468289
Kazakhstan,398001260,18.0,Rural,Medium,Male,Married,Higher,6.0,6.0,0.294485,Not trusted,8.0,6.0,0.179150
Kazakhstan,398001261,40.0,Urban,Low,Male,Single,Higher,8.0,10.0,0.475440,Not trusted,6.0,4.0,0.625923
Kazakhstan,398001262,51.0,Urban,Low,Male,Married,Middle,2.0,4.0,0.426255,Not trusted,5.0,4.0,0.554862
Kazakhstan,398001263,47.0,Urban,Medium,Female,Divorced,Middle,7.0,8.0,0.334389,Not trusted,10.0,7.0,0.206181
Kazakhstan,398001264,20.0,Urban,Medium,Male,Married,Middle,,10.0,0.491813,Not trusted,5.0,10.0,0.479015
Kazakhstan,398001265,33.0,Urban,Medium,Female,Married,Higher,8.0,7.0,0.274114,Not trusted,8.0,5.0,0.216290
Kazakhstan,398001266,57.0,Urban,Medium,Male,Married,Higher,10.0,10.0,0.542969,Not trusted,10.0,6.0,0.207382
Kazakhstan,398001267,39.0,Urban,Medium,Female,Married,,6.0,8.0,0.106382,Not trusted,9.0,7.0,0.209527
Kazakhstan,398001268,29.0,Urban,Low,Female,Widowed,Lower,8.0,6.0,0.321879,Not trusted,10.0,7.0,0.058892
Kazakhstan,398001269,36.0,Urban,Medium,Female,Married,Middle,6.0,8.0,0.556601,Trusted,2.0,5.0,0.537135
Kazakhstan,398001270,40.0,Rural,Medium,Female,Widowed,Higher,5.0,6.0,0.420541,Not trusted,7.0,5.0,0.256100
Kazakhstan,398001271,26.0,Rural,Medium,Male,Married,Higher,3.0,3.0,0.546845,Not trusted,8.0,4.0,0.402524
Kazakhstan,398001272,46.0,Rural,Medium,Female,Widowed,Middle,7.0,8.0,0.325533,Not trusted,10.0,7.0,0.327256
Kazakhstan,398001273,29.0,Rural,Medium,Female,Married,Middle,6.0,6.0,0.327350,Not trusted,10.0,6.0,0.453557
Kazakhstan,398001274,34.0,Urban,Medium,Male,Married,Middle,6.0,8.0,0.630426,Not trusted,3.0,6.0,0.526119
Kazakhstan,398001275,41.0,Urban,Medium,Male,Married,Middle,3.0,8.0,0.243312,Trusted,10.0,4.0,0.503543
Kazakhstan,398001276,21.0,Urban,Low,Female,Married,Middle,4.0,1.0,0.482190,Not trusted,3.0,3.0,0.399907
